CaseNum	CaseType	PropertyAddress	FolioNumber	CLegal	OpenDate	CloseDate	DeputyClerk	Inspector	PermitNum	FullName	OwnerAdress	BuildingCode	Comments	AllegedViolation	Violator	ActivityDate	Activity	DistrictNumber	Protected	ClassificationStatus
20200202745	Unsafe Structures	13220 SW 279 TER	30-6935-016-0290	GOLF PARK VILLAS&#39; PB 137-36&#39; LOT 29 BLK 1&#39; LOT SIZE 5000 SQ FT&#39; F/A/U-000-0360&#39; OR 19623-3193 042001 1&#39; COC 21732-4952 07 2003 4&#39;	1/30/2020 12:00:00 AM	1/1/0001 12:00:00 AM		Daniel Solares		AURELIO A PEREZ	13220 SW 279TH TER , HOMESTEAD FL 33032	FBC		AS PER CASE # 20170181867-B -- ADDITION, TIKI HUT, POOL AND SHED	AURELIO A PEREZ	11/23/2022 12:00:00 AM	NONE	9		EXPIRED/STALLED - legalization permits C2021062650/C2021062307/C2021062550/C2021066307/C2016191773 opened post-citation then expired/stalled in zoning review per case activity log (as of 11/23/2022); no further case activity since 01/30/2023
20200202400	Unsafe Structures	13301 SW 47 ST	30-4923-032-1660	SAN SEBASTIAN UNIT NO 5&#39; PB 111-9&#39; LOT 19 BLK 31&#39; LOT SIZE 10495 SQ FT&#39; COC 24228-4697 02 2006 5&#39;	1/14/2020 12:00:00 AM	1/1/0001 12:00:00 AM	Patricia Veargis	John Diez		ANA M MONTES	13301 SW 47TH ST , MIAMI FL 33175	FBC		BATTING CAGE WAS INSTALLED WITH ILLEGAL ELECTRICAL FIXTURES. SHED ALSO ON PROPERTY INSTALLED WITHOUT PERMITS AS NOTED UNDER CASE # 20150173417-B.	ANA M MONTES	9/19/2024 12:00:00 AM	NONE	10		OPEN/CALL - no corrective permit or application found; case log confirms as of 09/19/2024 'no permits or applications to address violations'
20200202517	Unsafe Structures	1151 NW 117 ST	30-2135-021-0290	35 52 41&#39; N SILVER CREST MANORS PB 17-41&#39; LOT 22 BLK 2&#39; LOT SIZE 50.000 X 104&#39; OR 20239-2145 0202 1&#39;	1/21/2020 12:00:00 AM	1/1/0001 12:00:00 AM		Daniel Solares		EMPIRE LEGACY MANAGMENT CORP	20761 NE 8TH PATH , MIAMI FL 33179	FBC		AS NOTED UNDER CASE # 20160178899-U --- as per cu report, addition front storage and metal structure with bathroom in setbacks, addition rear with bedroom, bathroom and connections for kitchen sink, utility with electric and plumbing for washer dryer and water heater, metal structure in setbacks, damaged doors and windows, roof leaks, and electrical &amp; plumbing repairs required	EMPIRE LEGACY MANAGMENT CORP	10/3/2024 12:00:00 AM	NONE	2		OPEN/CALL - no corrective permit pulled after 1/21/2020 citation; only prior permit on file is 2016045138 (pre-citation); case log 10/3/2024 confirms structures B,C,F still unaddressed
20200202370	Unsafe Structures	2790 NW 95 ST	30-3104-003-3410	THE TROPICS AMD PL&#39; PB 10-17&#39; LOT 4 BLK 47&#39; LOT SIZE 50.000 X 140&#39; OR 20832-0022 1102 1&#39;	1/14/2020 12:00:00 AM	1/1/0001 12:00:00 AM	Patricia Veargis	Daniel Solares		CLAUDIA ELIZABETH SANCHEZ	2790 NW 95TH ST , MIAMI FL 33147	FBC		Failure to obtain required permit(s) on enclosed front porch, rear addition, to include conversion of rear addition into second living unit, interior modifications made in living unit-1, attached wood frame storage, 8-11(a) violation due to electrical to include smoke detectors, missing AHU and CU in unit-1, missing heating/cooling in unit-2, missing water heater, as per C/U report as noted under Case # 20140169290-B and Case # 20140164102-B.		8/14/2026 12:00:00 AM	NONE	2		EXPIRED/STALLED - structures B/C/E/G permit finaled 6/11/2021, but repair process C2022010678 for structures A/D (per panel order) expired 4/24/2022 and no new permit since; last update 8/14/2026 notes only pool removed
F2019006390	Unsafe Structures	303 NE 187 ST BLDG 7	30-2206-024-0001	STAR LAKES ESTS NO 7 CONDO&#39; STAR LAKES ESTS REV PB 81-40&#39; LOT D &amp; INT IN &amp; TO LAKE BLK 1&#39;	1/27/2020 8:14:30 AM	1/1/0001 12:00:00 AM		John Diez		STAR LAKES ASSOCIATION, INC. (A CONDOMINIUM ASSOCIATION)	19100 NE 3rd Ave, Miami FL 33179	FBC	1/31/2020: PROCESSING FEE PAID: STRUCTURAL REPAIRS REQUIRED PER ENGINEER REPORT. ELECTRICAL REPAIR REQUIRED, REFER TO ITEMS: #5, #9, #11 AND #15. PARKING LOT ILLUMINATION AND PARKING LOT GUARDRAILS REJECTED. (MS) Converted to US Case from 40/50-Yr Recertification System		STAR LAKES ASSOCIATION, INC. (A CONDOMINIUM ASSOCI	8/14/2026 12:00:00 AM	NONE	1		HANDLED/SKIP - active corrective process C2026009770 (concrete repair permit issued 9/9/2026) under an executed Compliance Consent Agreement valid through 2/10/2027; HOA actively engaged
20200203763	Unsafe Structures	44 NE 151 ST	30-2219-001-0160	19 52 42 - 24 52 41&#39; BISC GDNS SEC D PB 44-36&#39; E75FT OF N1/2 OF LOT 809&#39; LOT SIZE 75.000 X 137&#39; OR 19565-0245 02 2001 4&#39;	4/3/2020 12:00:00 AM	1/1/0001 12:00:00 AM	Patricia Veargis	Daniel Solares		US SEC HUD	451 7TH ST SW , WASHINGTON DC 20410	FBC		DETACHED STORAGE STRUCTURE AT REAR IN DISREPAIR. REFERRED FROM CASE 20180190706-B. OTHER ISSUES INCLUDE DILAPIDATED SCREEN ENCLOSURE/NON-COMPLIANT POOL BARRIER.		8/27/2026 12:00:00 AM	NONE	2		OPEN/CALL - case log repeatedly states 'NO PERMITS OBTAINED...NO PERMIT APPLICATIONS SUBMITTED' (last confirmed 08/26/2021); property now vacant/deteriorated per 2026 notes, vacate letter posted 2023, owner of record is US SEC HUD
20200202529	Unsafe Structures	3721 SW 132 AVE	30-4914-001-2700	14 54 39 .64 AC PB 46-13&#39; J G HEADS FARMS UNIT A&#39; LOT 14 BLK 12&#39; LOT SIZE IRREGULAR&#39; OR 19500-1886 01/2001 1&#39; COC 25592-0192 07 2006 5&#39;	1/22/2020 12:00:00 AM	1/1/0001 12:00:00 AM		Mario Martinez		BREAKTHRU CONSTRUCTION CORP	14062 NW 82ND AVE , MIAMI LAKES FL 33016	FBC	7868067362 Ana	EXTERIOR DOOR ADDED TO THE ATTACHED ADDITION RIGHT ELEVATION AND ADDITIONS ADDED ON BOTH SIDES OF THE 10&#39;X12&#39; ACCESSORY STRUCTURE, JACUZZI AND SLIDE STRUCTURE ADDED,FENCE ENCLOSURE AT THE SOUTHWEST CORNER. IN ADDITION A ROOF STRUCTURE HAS BEEN ADDED TO THE REAR OF THE PROPERTY AS NOTED UNDER CASE # 20170182348-B	ANA M OLIN	9/22/2026 12:00:00 AM	NONE	11		HANDLED/SKIP - 10 active permits issued Oct 2025-Jul 2026 (processes incl. C2025170617 150k remodel, C2025177571 pool/spa, C2026016580 windows/doors) by owner's own company Breakthru Construction Corp; owner actively calling county Sep 2026 to clear ENFC holds and pay fees
20200202202	Unsafe Structures	13264 NW 6 ST	30-4902-029-0100	SUPERIOR HOMES SEC 5&#39; PB 123-89&#39; LOT 64 BLK 6&#39; LOT SIZE 7800 SQ FT&#39; OR 13868-1153 1088 4&#39; COC 25934-2978 09 2007 1&#39;	1/6/2020 12:00:00 AM	1/1/0001 12:00:00 AM		Daniel Solares		ASDRUBAL ESPINOSA &amp;W	13264 NW 6TH ST , MIAMI FL 33182-1649	FBC		TRAILER AND SHED LIKE STRUCTURE INTALLED ON THE PROPERTY WITHOUT PERMIT AND USED AS LIVING UNITS.		9/28/2026 12:00:00 AM	NONE	12		OPEN/CALL - 8/14/2026 field check states 'No permits obtained or applied for to address violations'; structure B removed but unpermitted trailer, roof structure, windows/door and fence replacement observed; county now emailing FPL weekly to disconnect power
20200205476	Unsafe Structures	2953 NW 54 ST	30-3116-009-5950	HIALEAH HEIGHTS PB 28-24&#39; LOT 29 &amp; W.50FT LOT 28 BLK 24&#39; LOT SIZE 25.000 X 129&#39; OR 17056-4634 0196 1&#39;	9/24/2020 12:00:00 AM	1/1/0001 12:00:00 AM		Daniel Solares		J&#39;&#39;POURE CORP	2953 NW 54TH ST , MIAMI FL 33142-2827	FBC		DILAPIDATED ROOF STRUCTURE REPORTED BY ONC		4/7/2022 12:00:00 AM	NONE	3		OPEN/CALL - no permit or process number ever pulled; owner (Maria Arellano) actively meeting with county as recently as 9/2/2026 re: a required non-compliance agreement, but no engineer report or permit drawings actually submitted as of the log
20200202871	Unsafe Structures	101 NE 146 ST	30-2219-001-1180	19 52 42 - 24 52 41&#39; BISCAYNE GARDENS SEC D PB 44-36&#39; LOT 892&#39; LOT SIZE 132.680 X 266&#39; OR 17437-0123 1196 1&#39;	2/5/2020 12:00:00 AM	1/1/0001 12:00:00 AM		Daniel Solares		DERRICK JACKSON	101 NE 146TH ST , MIAMI FL 33161-2016	FBC		AS PER CASE # 20100138792-X ----EXPIRED PERMIT # 1998069799 FOR ADDITION OF MASTER BEDROOM, DEN AND INTERIOR RENOVATIONS	DERRICK JACKSON	3/28/2023 12:00:00 AM	NONE	2		EXPIRED/STALLED - process C2023080519 re-issued 3/28/2023 to address structure E (fence); original permit 1998069799 was long expired (exp. 10/25/1999); no case activity logged in the 3.5+ years since 3/28/2023, suggesting the reissued process also went dormant/expired
F2019006453	Unsafe Structures	530 W PARK DR 530	30-4005-026-0001	WEST LAKE VILLAGE II CONDO DESC&#39; FONTAINEBLEAU PARK WEST SEC II&#39; PB 109-98&#39; ALL OF TR R AS DESC IN&#39; OR 10436-1256&#39;	7/22/2020 10:34:27 AM	1/1/0001 12:00:00 AM	Patricia Veargis	Jose Broche		WEST LAKE VILLAGE II CONDOMINIUM ASSOCIATION, INC.	2520 NW 97 AVE #220, DORAL FL 33172	FBC	7/22/2020 40-YR PHYSICAL FILES RECEIVED FROM FINANCE SECTION (SC) Converted to US Case from 40/50-Yr Recertification System		MANAGEMENT OFFICE	9/27/2022 12:00:00 AM	NONE	10		HANDLED/SKIP - HOA (West Lake Village II Condo) via attorney actively paying/closing out; 2025 permit for BLDG 530 re-roof (C2025061605) plus dozens of other post-citation building permits across the complex; 12/14/2025 note 'repairs are complete, final engineer inspection scheduled'; 9/16/2026 confirms all US cost balances paid and ENFC holds released
20200203278	Unsafe Structures	9123 NW 22 AVE	30-3103-011-0550	AIRLINE ESTS PB 44-59&#39; LOT 1 &amp; N7FT LOT 9 LESS W15FT&#39; THEREOF FOR R/W BLK 13&#39; LOT SIZE 112.000 X 75&#39; OR 11668-943 0183 6&#39; COC 24090-1798 12 2005 1&#39;	2/26/2020 12:00:00 AM	1/1/0001 12:00:00 AM	Patricia Veargis	John Diez		STANLEY BIEN AIME	1 NW 89TH ST , MIAMI FL 33150-2431	FBC		AS PER CASE #20170185208-B -- ALUMINUM CARPORT/W LIGHTS	STANLEY BIEN AIME	2/1/2024 12:00:00 AM	NONE	2		OPEN/CALL - structures B/C/D/E permit finaled 7/1/2021, but structure A (the carport) still has 'No permit has been obtained' as of most recent activity 2/1/2024; Unsafe Structures Board Order recorded against the property 6/2/2023 (Bk 33730 Pg 3328); property is a commercial nightclub/bar/entertainment folio, not SFR
20200202952	Unsafe Structures	1847 NW 84 ST	30-3110-024-0030	10 53 41 .16 AC&#39; REV PL CHRISTIE LAWNS PB 35-18&#39; E50FT OF W250FT OF TRACT 1&#39; LOT SIZE 50.000 X 142&#39; OR 19600-2257 0401 1&#39; COC 26172-2343 26344-0256 0108 5&#39;	2/9/2020 12:00:00 AM	1/1/0001 12:00:00 AM	Patricia Veargis	Daniel Solares		ARMANDO GOMEZ	1847 NW 84TH ST , MIAMI FL 33147	FBC		AS PER CASE # 20170183325-B --- AS PER CU REPORTS NEED TO DEMO WOOD ROOF ATTCHED TO BACK SHED AND FRONT OF THE HOUSE NEED TO LEGALIZE FOR SET BACK WITH BUILDING PERMIT.	LESTER ALVIN GOMEZ	9/9/2025 12:00:00 AM	NONE	2		OPEN/CALL - structures B/C/D/F permit finaled 9/20/2021, but structures A/E remain; most recent activity 7/8/2026 states 'No permits obtained to correct the violations. Property in non-compliance.' Owner is on an internal payment plan for county fees (not a building permit) and did not answer a 7/8/2026 callback attempt
20200202804	Unsafe Structures	3520 NW 51 ST	30-3121-001-0090	DISBROW WAREHOUSE SITES PB 56-32&#39; LOT 2 BLK 2&#39; LOT SIZE 15400 SQUARE FEET&#39; OR 19238-4014 0800 1&#39;	2/3/2020 12:00:00 AM	1/1/0001 12:00:00 AM	Patricia Veargis	Julio Rubi		3520 INVESTMENTS LLC	5901 SW 79TH CT , MIAMI FL 33143	FBC		ROOF IN DISREPAIR		4/3/2026 12:00:00 AM	NONE	2		EXPIRED/STALLED - roof permit #2020065056 finaled 6/1/2021 (corrected the original violation), but process C2020105604 (interior buildout, applied 7/10/2020) never resulted in an actual permit, and process C2023017025 stalled on a sewer-connection hold; owner's agent (permit expediter Isa Garcia) still actively working a Non-Compliance Agreement request as of 5/20/2026, no permit secured yet for the structural/interior items
20200202706	Unsafe Structures	1132 NW 118 ST	30-2135-021-0210	35 52 41&#39; N SILVER CREST MANORS PB 17-41&#39; LOT 5 BLK 2&#39; LOT SIZE 50 X 104&#39; OR 14847-499 1290 1&#39; COC 23355-0011 05 2005 1&#39;	1/29/2020 12:00:00 AM	1/1/0001 12:00:00 AM		Daniel Solares		MIAMI HOME INVESTORS LLC	3125 SE 2ND DR , HOMESTEAD FL 33033	FBC	Karl Overton (Property Mngr) - (561) 873-8525 Miguel (Owner) - (305)303-2737	AS PER CASE #20160179869-B --- DETACHED STRUCTURE AT REAR CONVERTED INTO LIVING SPACE. ROOF STRUCTURE AT REAR PATIO. WORK DONE WITHOUT PERMIT.	M A S INTERNATIONAL	7/30/2026 12:00:00 AM	NONE	2		HANDLED/SKIP - active legalization permit under process C2025089806 (issued 12/11/2025, addressing partial demolition of structure B setback encroachment plus legalization of structure C addition); owner Hermelando Olgin signed/paid an Internal Agreement 7/30/2026 giving compliance time to finish permitted work and final inspection
20200203080	Unsafe Structures	2018 SW 103 CT	30-4008-024-0520	SUMMER GROVE PB 99-28&#39; LOT 14 BLK 3&#39; OR 10105-1057 0778 1&#39;	2/13/2020 12:00:00 AM	1/1/0001 12:00:00 AM		Mario Martinez		YANETT ANDINO	2018 SW 103RD CT , MIAMI FL 33165	FBC		AS PER CASE # 20170184405-B --- ATTACHED STRUCTURE TO INCLUDE ALL TRADES	MANUELA GONZALEZ	8/26/2026 12:00:00 AM	NONE	10		OPEN/CALL - no corrective permit ever issued; process C2020084708 (legalize rear addition) was disapproved by several trades and is now expired; process C2023019616 (legalize structure B) received partial trade sign-off but 'NO PERMIT WAS ISSUED ON THAT PROCESS NUMBER' per 12/12/2022 note; most recent activity (9/9/2026) shows a permit runner obtaining a copy of the NOV on the owner's behalf - fresh interest, no permit filed yet
20200202787	Unsafe Structures	2186 NW 47 ST	30-3122-026-1110	EARLINGTON HGTS PB 13-61&#39; LOT 12 BLK 5&#39; LOT SIZE 40.000 X 109&#39; OR 16192-0878 1293 4&#39; COC 22579-0482 08 2004 4&#39;	2/1/2020 12:00:00 AM	1/1/0001 12:00:00 AM		Daniel Solares		BRODMEN VENTURES LLC	7950 NW 53RD ST 342 , MIAMI FL 33166	FBC		AS PER CASE # 20170184063-B --- as per cu report Attached additions to rear and side both at grade level. Legalize and correct the same. Also, porch has been enclosed.	USAG INVESTMENT LLC	8/31/2026 12:00:00 AM	NONE	3		HANDLED/SKIP - owner (Brodmen Ventures LLC, rep Jean Carlos Aguilar) obtained and finaled a demolition permit (2026057018, process C2026130506, final inspection confirmed 9/30/2026); a prior legalization/remodel permit (2025042286) was revoked 1/7/2026 but the owner pivoted to full demolition instead and followed through; ENFC hold partial payment confirmed 7/9/2026; only a compliance inspection with Building ENFC remains outstanding - actively being finished, not abandoned
20210205792	Unsafe Structures	14416 NE 3 CT	30-2219-000-1230	19 52 42 .62 AC&#39; S1/2 OF E1/2 OF NW1/4 OF SE1/4 OF&#39; SW1/4 OF NW1/4 LESS N4.04FT&#39; LOT SIZE 22540 SQUARE FEET&#39; OR 20414-2421 04 2002 4&#39;	10/19/2020 12:00:00 AM	1/1/0001 12:00:00 AM		Daniel Solares		ANDREY LYSENKO	14368 NE 3RD CT , BISCAYNE PARK FL 33161	FBC		REAR ADDITION, ROOF STRUCTURE, DAMAGED DRYWALL AND ELECTRICAL, MISSINGBATHROOM FIXTURES, ANDMISSING A/C SYSTEM FROM CASE(S)#20070109905B AND #20170185523U...	OLIVAS HOME CORP	9/2/2026 12:00:00 AM	300A-FIELD STATUS CHECK CONDUCTED BY B.I.	2		EXPIRED/STALLED - master permit 2021077955 for structures A/B finaled 11/20/2024, but structure E unaddressed; Internal Agreement executed 5/21/2025 (deadline 8/20/2025) expired unfinished per 7/15/2026 call ('old one already expired'); new metal fence (unpermitted) found 9/2/2026; owner now blocked from a new Agreement pending payment on 3 unrelated liens/citations on other folios as of 9/18/2026
20200202539	Unsafe Structures	13200 SW 44 ST	30-4923-032-0770	SAN SEBASTIAN UNIT NO 5&#39; PB 111-9&#39; LOT 6 BLK 26&#39; LOT SIZE 82.50 X 100.00&#39; OR 18217-4855 0798 1&#39; COC 21545-1714 04 2003 4&#39;	1/23/2020 12:00:00 AM	1/1/0001 12:00:00 AM		Daniel Solares		JAVIER PIVERNO COTERA	13200 SW 44TH ST , MIAMI FL 33175	FBC		AS PER CASE # 20180191754-B --- LARGE PORCH ERECTED IN THE REAR ON THE WEST SIDE. EXTERIOR DOOR ERECTED IN THE REAR OF DWELLING. STORAGE ROOM ERECTED ON THE WEST SIDE, ALL BUILT WITHOUT PERMITS. ALSO, MISSING POOL BARRIER.	YDC INVESTMENT LLC	9/2/2026 12:00:00 AM	300A-FIELD STATUS CHECK CONDUCTED BY B.I.	10		OPEN/CALL - no permit ever obtained; process C2022012849 (demolish structure B) was never approved/released (scope incomplete); 9/19/2024 field check confirms 'NO PERMITS OR APPLICATIONS FOR VIOLATIONS AT THIS TIME' plus a new unpermitted attached terrace added since
20200203079	Unsafe Structures	9501 SW 94 CT	30-5004-001-0220	NUTMEG ESTS PB 58-18&#39; LOT 6 BLK 3&#39; OR 15327-776 1291 1&#39; COC 25992-1064 12 2006 1&#39;	2/13/2020 12:00:00 AM	1/1/0001 12:00:00 AM	Patricia Veargis	Daniel Solares		EMILY ROSE LANDERS	9501 SW 94TH CT , MIAMI FL 33176	FBC	XAVIER PEREZ (CONTRACTOR) 786-319-6653	AS PER CASE # 20170184336-B --- ATTACHED COVERED ENTRY. B) DETACHED 2 CAR CANVAS CARPORT IN SETBACKS. C) ATTACHED PATIO ENCLOSED TO LIVING AREA. D) ATTACHED COVERED PATIO AND BALCONY. E) KITCHEN INTERIOR ALTERATIONS. F) ATTACHED METAL COVERED PATIO. / FAILURE TO MAINTAIN: WINDOWS AND DOORS, REPAIR OR REPLACEMENT REQUIRED. MULTIPLE ROOF LEAKS. MISSING WATER HEATER, 2 AIRHANDLERS AND 2 CONDENSING UNITS, AND ALL PLUMBING FIXTURES. PER C.U. REPORT U2017001098 RECORDED CLERK OF COURTS BOOK 30304 PAGE 50.	KYLE BRIDGMAN EMILY LANDERS	9/11/2026 12:00:00 AM	NONE	7		OPEN/CALL - no permit ever obtained or applied for on structures A/B/C/F/G/K, confirmed as recently as 9/11/2026 field status check from public right-of-way; separate 2017 windows/doors permit remains expired since 2019 and is tracked under a companion case
20200203110	Unsafe Structures	2145 SW 76 AVE	30-4011-002-0090	11 54 40 PB 52-35&#39; 1ST ADD HARWOOD VILLAGE&#39; LOT 16 BLK 13&#39; LOT SIZE 75.000 X 100&#39; OR 18273-4475 0998 4&#39; COC 24169-1183 12 2005 5&#39;	2/15/2020 12:00:00 AM	1/1/0001 12:00:00 AM	Patricia Veargis	Mario Martinez		ELIA BETANCOURT	2145 SW 76TH AVE , MIAMI FL 33155-1448	FBC		AS PER CASE # 20170184727-B --- ADDITIONS ON NORTH SIDE AND REAR OF THE PROPERTY TO INCLUDE ALL TRADES	ELIA BETANCOURT	9/23/2026 12:00:00 AM	NONE	6		EXPIRED/STALLED - master permit 2025034589 (detached addition) expired 9/27/2025, was re-issued, but 8/6/2026 completion inspection found 'no progress made'; case now (9/23/2026) requesting yet another non-compliance agreement, this time requiring a PE/architect safe-to-occupy letter before proceeding
20200202462	Unsafe Structures	2380 NW 104 TER	30-2134-012-0890	ACME GULFAIR 1ST ADDN PB 44-57&#39; LOT 1 BLK 9&#39; LOT SIZE 82.900 X 105&#39; OR 21211-1407 04/2003 1&#39; COC 24090-1361 12 2005 1&#39;	1/17/2020 12:00:00 AM	1/1/0001 12:00:00 AM	Patricia Veargis	Daniel Solares		JULIA L MUNGUIA	2380 NW 104TH TER , MIAMI FL 33147-1239	FBC		Duplex sub divided into four separated living areas four kitchens the rear attached additions with out required permit including building plumbing and electrical . security bars on window without required safety openings as noted under Case #20160176035-B	JULIA L MUNGUIA	1/9/2026 12:00:00 AM	NONE	2		EXPIRED/STALLED - property is a duplex (DOR 0802, 2 units), NOT single-family - flag for Jorge; master permit 2024021590 legalizing structures B/C has expired twice (10/5/2024, 9/23/2025) and been reissued via internal agreements each time; current IA compliance deadline is 10/6/2026 and a contractor was actively pulling new EFUS-hold process numbers (C2026165983/C2026165979) as of 9/10/2026 - active but historically unreliable follow-through, good call angle
20200202743	Unsafe Structures	20880 SW 236 ST	30-6821-000-0910	21 56 38 1.25 AC M/L&#39; W181.5FT OF E1427FT OF N300FT OF&#39; S1293FT OF NE1/4&#39; A/K/A LOT 283&#39; OR 18818-1153 1099 4&#39; COC 25089-0939 10 2006 1&#39;	1/30/2020 12:00:00 AM	1/1/0001 12:00:00 AM	Patricia Veargis	Daniel Solares		ISRAEL COLON JR	20880 SW 236TH ST , HOMESTEAD FL 33031	FBC		AS PER CASE #20170181593-B -- DETACHED STRUCTURES IN REAR.	ISRAEL COLON JR	11/8/2022 12:00:00 AM	NONE	8		OPEN/CALL - no permit ever obtained or applied for on any of structures A-G, confirmed repeatedly through 11/8/2022 ('no permit issue as of this date'); case has gone quiet since (no activity in 4 years)
20200202754	Unsafe Structures	16201 SW 42 TER	30-4920-030-0260	EDEN LAKE ESTATES&#39; PB 160-26 T-20564&#39; LOT 1 BLK 3&#39; LOT SIZE 9536 SQ FT M/L&#39; FAU 30-4920-001-0050 0051 &amp; 0060&#39; OR 19694-0317 05/2001 2 (49)&#39; COC 23340-2483 04 2005 1&#39;	1/31/2020 12:00:00 AM	1/1/0001 12:00:00 AM	Patricia Veargis	John Diez		IVETTE CHONG	16201 SW 42ND TER , MIAMI FL 33185	FBC		AS PER CASE # 20170182305-B --- TWO CHICKEES HUTS AND AN ATTACHED ALUMINUM ROOF WITH WALLS.	IVETTE CHONG	6/13/2023 12:00:00 AM	NONE	11		EXPIRED/STALLED - prior corrective process C2019148196 (intended to remove 3 structures) was filed and allowed to expire; no permit application of any kind since, confirmed through case's last activity 6/13/2023 ('No permits have been obtained...No permit applications have been submitted'); quiet 3+ years since
20200203430	Unsafe Structures	1780 NW 90 ST	30-3103-005-0160	3 53 41&#39; AIRLINE ADDN NO 2 PB 48-72&#39; LOT 2 BLK 22&#39; OR 20169-1253 0102 4&#39;	3/4/2020 12:00:00 AM	1/1/0001 12:00:00 AM		Daniel Solares		J R STAR INVESTMENT LLC	161 W 42ND ST , HIALEAH FL 33012	FBC		AS PER CASE #20170185193-B ---INSTALLATION OF REAR DETACHED STRUCTURE WITHOUT THE REQUIRED PERMITS AND ALSO INSTALLATION OF 1/2 BATHROOM IN 3RD BEDROOM. THE INSTALLATION OF WASHER AND DRYER AT TERRACE. THE INSTALLATION OF ELECTRIC GATE OPENERS	TOJUANNA HEARN	9/11/2025 12:00:00 AM	NONE	2		EXPIRED/STALLED - process C2018065979 (legalize family room) never resulted in an issued permit and sat 'pending review since 2022'; permit 2021030599 (legalize addition) was issued but left incomplete (missing sub-permits); a later permit addressed structures B/C compliance (2/20/2025) but structures A/D remained with 'no permit obtained' through 9/11/2025; a new individual (Ronald Suarez) came in person 9/30/2026 to inquire about the case - fresh engagement worth a call
F2019006392	Unsafe Structures	18707 NE 2 AVE aka BLDG 9	30-2206-026-0001	STAR LAKES ESTS NO 9 CONDO&#39; PB 81-40&#39; DESCRIPTION STAR LAKES ESTS REV&#39; LOT F &amp; INT IN &amp; TO LAKE BLK 1&#39;	1/27/2020 8:11:19 AM	1/1/0001 12:00:00 AM		John Diez		STAR LAKES ASSOCIATION, INC. (A CONDOMINIUM ASSOCIATION)	19100 NE 3 AVE , MIAMI FL 33179	FBC	3/5/20: 40-YR PHYSICAL FILES RECEIVED FROM FINANCE SECTION Converted to US Case from 40/50-Yr Recertification System		STAR LAKES ASSOCIATION, INC. (A CONDOMINIUM ASSOCI	8/14/2026 12:00:00 AM	NONE	1		OPEN/CALL - Star Lakes Estates No. 9 Condo (Bldg 9), a condo-association reference folio, NOT single-family - flag for Jorge; unlike companion case F2019006390 (Bldg 7, which has a confirmed 2026 concrete-repair permit), no building-specific permit or process number was found for this folio; the HOA has an executed Compliance Consent Agreement (8/14/2026, valid to 2/10/2027) covering its 46 open cases county-wide, but that is a hold-release mechanism, not a confirmed repair permit for this building
20200202343	Unsafe Structures	22825 SW 122 PL	30-6913-011-2160	SILVER PALM PARK PB 25-13&#39; LOT 20 BLK 16&#39; LOT SIZE 50.000 X 125&#39; OR 16119-0530 1292 2(4)&#39;	1/13/2020 12:00:00 AM	1/1/0001 12:00:00 AM		Daniel Solares		ABEL GAMINO &amp; MARISELA CORONA	22825 SW 122ND PL , MIAMI FL 33170-4409	FBC		ADDITION TO MAIN STRUCTURE. ALSO, DETACHED STRUCTURE ERECTED, ELECTRIC AND PLUMBING ALL DONE WITHOUT PERMITS AS NOTED UNDER CASE # 20140164649-B.	ABEL GAMINO &amp; MARISELA CORONA	8/20/2026 12:00:00 AM	NONE	9		EXPIRED/STALLED - master permit application under process C2024010433 remains 'under trades review' (not finaled) as of 11/6/2025 over a year after filing; owner's family is actively working through a second/renewed non-compliance agreement requiring a 'safe to occupy' letter as recently as 9/21/2026; a separate re-roof permit (2025030632) was issued and appears complete
20200202731	Unsafe Structures	935 NW 118 ST	30-2135-013-0250	GRATIGNY PARK PB 22-66&#39; LOT 34 BLK 1&#39; LOT SIZE 50.00 X 100&#39; OR 10706-1207 0380 1&#39;	1/30/2020 12:00:00 AM	1/1/0001 12:00:00 AM		Jose Broche		S &amp; J FINANCIAL EXCHANGE LLC	15201 MEMORIAL HWY , MIAMI FL 33169	FBC		AS PER CASE # 20170181207-B --- ALUMINUM CARPORT, ALUMINUM STRUCTURE EAST SIDE ENTRY, ADDITION REAR OF STRUCTURE, WOOD STRUCTURE NW CORNER OF HOUSE	S &amp; J FINANCIAL EXCHANGE LLC	8/25/2026 12:00:00 AM	300A-FIELD STATUS CHECK CONDUCTED BY B.I.	2		EXPIRED/STALLED - master permit application process C2025010056 expired 2/22/2026 without being finaled; 7/7/2026 note confirms 'No permits obtained to correct violations. Property in non-compliance'; owner meanwhile installed new unpermitted windows (found 8/25/2026), triggering a fresh code case referral 9/3/2026
20200202512	Unsafe Structures	25702 SW 138 CT	30-6927-019-0210	CEDAR WEST HOMES FIRST ADDN&#39; PB 161-82 T-21481&#39; LOT 3 BLK 4&#39; LOT SIZE 5317 SQ FT&#39; FAU 30 6927 000 0560&#39; OR 20679-4995 0902 2 (75)&#39; COC 23963-2679 11 2005 1&#39;	1/21/2020 12:00:00 AM	1/1/0001 12:00:00 AM		Jose Broche		MARGARITA V DE BENITO	25702 SW 138TH CT , HOMESTEAD FL 33032-5519	FBC		AS PER CASE # 20160177059-B --- Built terrace in the rear without permit. Windows are sealed except for the bathroom windows. Garage carpet installed and convert into a living area without permits.	MARGARITA V DE BENITO	8/26/2026 12:00:00 AM	300A-FIELD STATUS CHECK CONDUCTED BY B.I.	9		OPEN/CALL - no permit ever obtained for the core violations (structure A garage conversion, structure B terrace); confirmed as recently as 8/26/2026 field check, which also found NEW unpermitted work (replaced windows/doors, metal fence/gates) added since the last check
20200202656	Unsafe Structures	1474 NW 115 ST	30-2135-024-0030	35 52 41&#39; AVOCADO ESTS 1ST ADDN PB 47-41&#39; LOT 3 BLK 10&#39; LOT SIZE 60.000 X 109&#39; OR 17419-2583 1096 1&#39;	1/28/2020 12:00:00 AM	1/1/0001 12:00:00 AM		Daniel Solares		MARIE VALENCIA JEAN	1047 NW 134TH ST , NORTH MIAMI FL 33168	FBC		AS PER CASE #20160177335-B --- As per cu report, additions front-right and rear left with kitchens, bathrooms, and exterior doors, metal awning, shed and water heater.	MARIE VALENCIA JEAN	8/27/2026 12:00:00 AM	300A-FIELD STATUS CHECK CONDUCTED BY B.I.	2		OPEN/CALL - no permit or process number ever filed for structures B-E; Panel Order recorded 5/4/2022 (Bk 33167 Pg 2661) after owner no-show; referred to new enforcement case 20260250330-B on 9/3/2026 for roofing without a permit; folio sold via $100 QCD 8/13/2025 (Marie Valencia Jean to Gods Grace Giving LLC)
20210205931	Unsafe Structures	2964 NW 46 ST	30-3121-026-0390	ROOSEVELT PARK PB 9-90 LOT 14 BLK 2 LOT SIZE 30.000 X 87 OR 13608-2351 0388 2	10/27/2020 12:00:00 AM	1/1/0001 12:00:00 AM	Patricia Veargis	Daniel Solares		IDELLA ZEIGLER LOWERY TRS	2900 NW 69 TER , MIAMI BEACH FL 33147	FBC	30-3121-026-0390	to pursue the violations from case 20190199344-U and 20170183473-B		8/28/2026 12:00:00 AM	300A-FIELD STATUS CHECK CONDUCTED BY B.I.	2		OPEN/CALL - process C2020032600 (legalize bathroom, filed pre-case) never resulted in an issued permit ('no permit issued as of this date' 10/31/2022); Board Order recorded 5/28/2022 (Bk 33213 Pg 2403); structures D/E self-demolished by 3/18/2025 but structure B remains and new unpermitted canopy/front door found through 8/28/2026; owner actively calling county 2025-2026 re: Internal Agreement but still no permit; NOTE: commercial nightclub/bar folio (DOR 3315), not SFR
20200202715	Unsafe Structures	25571 SW 122 CT	30-6925-014-0420	PICKET FENCES COUNTRY ESTATES&#39; PB 160-98 T-21253&#39; LOT 2 BLK 3&#39; LOT SIZE 8625 SQ FT&#39; FAU 30 6925 000 0150&#39; OR 20879-0802 11/2002 2 (59)&#39; COC 22704-0607 09 2004 1&#39;	1/30/2020 12:00:00 AM	1/1/0001 12:00:00 AM		Jose Broche		ISAAC CABALLEIRO	25571 SW 122ND CT , HOMESTEAD FL 33032	FBC		AS PER CASE # 20160180173-B --- Detached roof structure built without permits. Additions added to permitted gazebo without permits.	ISAAC CABALLEIRO	9/9/2026 12:00:00 AM	300A-FIELD STATUS CHECK CONDUCTED BY B.I.	8		EXPIRED/STALLED - permit 2022009840 (BLDG 0002, partial demo addressing structures B/C/D) issued 11/11/2021 but EXPIRED 10/1/2023 with no approved inspections, confirmed again at 9/9/2026 field check which also found new unpermitted windows; Panel Order non-compliance since 4/13/2022
20200202453	Unsafe Structures	6050 NW 27 AVE	30-3116-009-7430	HIALEAH HGTS PB 28-24&#39; LOTS 13 &amp; 14 &amp; LOT 15 LESS ST&#39; BLK 31&#39; LOT SIZE 13545 SQUARE FEET&#39; OR 17881-0392/17957-0194 1197 4 &amp;&#39; OR 18852-3565 1099 4 CORR&#39;	1/16/2020 12:00:00 AM	1/1/0001 12:00:00 AM	Patricia Veargis	Daniel Solares		3000 N W 62 STREET INC	2766 NW 62ND ST , MIAMI FL 33147	FBC		Addition, Installation of new roll up door and new metal fence/gate all commenced without the required permit as noted under Case # 20150175345-B	3000 N W 62 STREET INC	9/18/2026 12:00:00 AM	279L-COMPLETION INSPECTION PERMIT NOT FINALED - INTERNAL AGREEMENT NON-COMPLIANCE	2		EXPIRED/STALLED - Internal Agreement executed 12/15/2025 gave compliance time to 9/11/2026; completion inspection 9/18/2026 found 'completion compliance not achieved, no permit has been obtained' on structures A-D; owner actively paying ~10 other liens/CVNs across its multi-folio commercial complex but never obtained the building permit (prior process C2016028999 and two 2021 processes all disapproved/expired); NOTE: commercial auto repair shop folio (DOR 2719), not SFR
20200202533	Unsafe Structures	15226 SW 21 LN	30-4909-003-1510	A B AT TAMIAMI TRAIL PHASE I&#39; PB 160-25 T-21083&#39; LOT 3 BLK 19&#39; LOT SIZE 5250 SQ FT&#39; FAU 30-4909-000-0031 0035 &amp; 0330&#39; COC21920-2722/23288-609 1203 1&#39;	1/22/2020 12:00:00 AM	1/1/0001 12:00:00 AM		Mario Martinez		ANIBAL COBOS	15226 SW 21ST LN , MIAMI FL 33185-5705	FBC		AS PER CASE # 20180191197-B ---- ATTACHED ALUMINUM REAR STRUCTURE, CANVAS FRAMEWORK	ANIBAL COBOS	9/30/2024 12:00:00 AM	NONE	11		OPEN/CALL - process C2021146073 (BLDG 082, legalize window/door replacement) filed but never approved/released ('has not been approved' 7/8/2022); Panel Order recorded 7/15/2022 (Bk 33289 Pg 4284); 9/30/2024 field check confirms metal gate/awning structures still remain, property occupied; no activity since
20200202461	Unsafe Structures	930 NW 83 TER	30-3111-002-0970	ARCOLA GDNS RESUB PB 50-17&#39; LOT 2 BLK 9&#39; LOT SIZE 60.000 X 100&#39; OR 19103-0195 0300 4&#39; COC 24819-1417 08 2006 1&#39;	1/17/2020 12:00:00 AM	1/1/0001 12:00:00 AM	Patricia Veargis	Daniel Solares		HENRY GALIANO TRS	9426 NW 2ND PL , MIAMI SHORES FL 33150	FBC		As per C.U. report under Case #20160175929-B--- enclosed carport,rear terrace and damaged septic tank cover.	HENRY GALIANO TRS	10/1/2024 12:00:00 AM	NONE	2		OPEN/CALL - no permit or process number ever filed on this case; 10/1/2024 case-update report states 'NO RECENT PERMIT DATA FOUND. ALL STRUCTURES REMAIN'; property occupied, power connected
20200203008	Unsafe Structures	2964 NW 96 ST	30-3104-003-1895	AMD PLAT OF THE TROPICS&#39; PB 10-17&#39; LOT 3 BLK 29&#39; LOT SIZE 50.000 X 140&#39; FAU 30 3104 003 1890&#39; OR 21299-2187/89 0503 2&#39; COC 23405-1460 05 2005 1&#39;	2/11/2020 12:00:00 AM	1/1/0001 12:00:00 AM		Daniel Solares		ONEIDA F TRUJILLO	2964 NW 96TH ST , MIAMI FL 33147	FBC		AS PER CASE # 20170183457-B --- pool rear, sheds rear of property, aluminum awning, enclosed structure rear of house, master bedroom converted into separate living area by creating closet in hallway and adding partial kitchen area with refrigerator, counter, sink and micro-wave, fence with electric gate motors	ONEIDA F TRUJILLO	4/6/2026 12:00:00 AM	NONE	2		EXPIRED/STALLED - Internal Agreement executed 6/12/2025 gave 240 days (deadline 2/7/2026) to obtain permits on all structures A-G; completion inspection 2/25/2026 found 'completion compliance not met, no permit has been obtained'; owner (rep Jorge Martinez) still actively meeting with county as recently as 9/28/2026 trying for a new agreement/master permit but none secured; 2023 sub-permits for structures E and B/C/D/F/G were contingent on the never-obtained main structure A permit
20200202456	Unsafe Structures	12035 SW 173 TER	30-5936-005-5130	36 55 39&#39; SO MIAMI HGTS MANOR PB 68-70&#39; LOT 12 BLK 24&#39; LOT SIZE 7800 SQ FT&#39; COC 25158-4786 11 2006 1&#39;	1/16/2020 12:00:00 AM	1/1/0001 12:00:00 AM		Daniel Solares		JENIFFER PEREZ	12035 SW 173RD TER , MIAMI FL 33177-2242	FBC		Shed converted to bedroom and house converted into multifamily use without permits 3 rooms in the main house and 1 in the shed without permits. 2 renters cook outside and 1 renter cook inside and 1 in the shed cook outside. Roof is cover due to roof leaks as noted under Case #20150175506-B.	JENIFFER PEREZ	8/24/2026 12:00:00 AM	NONE	9		OPEN/CALL - no permit ever obtained across 6+ years (process C2019228126 for windows/doors was submitted but 'permit not obtained'); structure F (shed) self-removed but all other structures remain; 8/24/2026 field check found new unpermitted windows/doors and an AC mini-split; owner (Jennifer Perez) engaging with county 9/15/2026 toward a Non-Compliance Agreement but none executed yet; 4 separate open cases/liens exist on this folio
20200202720	Unsafe Structures	2505 NW 105 ST	30-2134-000-0260	34 52 41 .16 AC&#39; E45FT OF S150FT OF NW1/4 OF SW1/4&#39; OF SW1/4 AS PER DB 2048-257&#39; LESS S20FT&#39; LOT SIZE 5850 SQ FT M/L&#39;	1/30/2020 12:00:00 AM	1/1/0001 12:00:00 AM	Patricia Veargis	Daniel Solares		SOLUTIONS PROPERTY LLC	8933 NW 23RD ST , DORAL FL 33172	FBC		AS PER CASE # 20160180666-B ---- violation listed in cu report (1)building (a) wood shed without permit(2) building (b) 1/1 efficiency(3) building c 2/1 efficiency (4) building e 1/1 efficiency (5) interior alteration to sub divide interior in to two living units 8-11a violations property vandalized need to rewire house missing to ahu and condenser	SOLUTIONS PROPERTY LLC	8/25/2026 12:00:00 AM	NONE	2		EXPIRED/STALLED - Internal Agreement executed 4/3/2023 (owner rep Miguel Moreno) gave 270 days to obtain master permit under process C2023029537; expired 6/4/2023 without compliance (confirmed 1/17/2024 completion inspection); new agreement request pending as of 9/24/2026, stuck requiring an engineer's safe-to-occupy letter; NOTE: converted single-family to 4-unit multifamily folio (DOR 0803), not SFR
20200203012	Unsafe Structures	13408 SW 68 TER	30-4926-003-0220	SUNSET WEST SEC 3 PB 106-72&#39; LOT 7 BLK 14 &amp;&#39; PROP INT IN &amp; TO LAKE&#39; LOT SIZE 7586 SQ FT&#39; COC 24550-4008 05 2006 1&#39;	2/11/2020 12:00:00 AM	1/1/0001 12:00:00 AM		Daniel Solares		CARL CASTELLANOS	13408 SW 68TH TER , MIAMI FL 33183-2378	FBC		AS PER CASE #20170183615-B --- rear addition.	CARL CASTELLANOS	9/4/2026 12:00:00 AM	NONE	10		OPEN/CALL - no permit ever obtained on this case; Panel hearing WITHDRAWN 3/23/2023 due to a pending foreclosure/bankruptcy (U.S. Bank Trust Natl Assoc v. Carl Castellanos, Case 21-020161-CA-01, Miami-Dade Circuit Court); 9/4/2026 field check found a new front door and new metal fence installed without permit; FLAG for Jorge: active bankruptcy/foreclosure may complicate outreach/collections
20200203409	Unsafe Structures	1773 NW 114 ST	30-2134-011-0160	QUEENS PARK PB 20-22&#39; LOTS 30-31-32 BLK 1&#39; LOT SIZE 75.000 X 106&#39; OR 18491-0136 0299 1&#39;	3/3/2020 12:00:00 AM	1/1/0001 12:00:00 AM		Jose Broche		EDUARDO JESUS PIREZ	1773 NW 114TH ST , MIAMI FL 33167	FBC		As per case 20120149747-B and associated ticket P010619, Built attached addition to left and rear of original house	EDUARDO JESUS PIREZ	9/8/2026 12:00:00 AM	300A-FIELD STATUS CHECK CONDUCTED BY B.I.	2		OPEN/CALL - no permit ever obtained or applied for ('NO PERMITS...NO PERMIT APPLICATIONS SUBMITTED' confirmed through 3/14/2023); Panel Order recorded 12/3/2022 (Bk 33486 Pg 4268); 9/8/2026 field check found new metal fence, new larger detached front structure and new pergola, triggering fresh enforcement referral case 20260250529-B on 9/11/2026
20200205374	Unsafe Structures	5925 NW 110 ST	30-2036-004-0170	PALM SPRINGS 4TH ADD SEC A &amp; B&#39; RESUB PB 57-49&#39; LOT 26 BLK 30&#39; LOT SIZE 7883 SQ FT&#39; OR 15008-2191 0491 4&#39;	9/17/2020 12:00:00 AM	1/1/0001 12:00:00 AM		Daniel Solares		LUIS B GOMEZ	5925 NW 110TH ST , MIAMI FL 33012-6514	FBC		FIRE DAMAGED STRUCTURE REPORTED ON LOCAL NEWS. MULTIPLE EFFICIENCIES.		9/23/2026 12:00:00 AM	300A-FIELD STATUS CHECK CONDUCTED BY B.I.	13		OPEN/CALL - fire-damaged dwelling; no permit ever obtained for repairs (structures B/C self-removed/demolished by owner, no permit); Panel Order recorded 2/24/2023 then extended 7/20/2023; Vacate Letter posted 12/23/2024; most recent activity 9/23/2026 is a new enforcement referral 'for fire damage repairs without a permit'; owner (Luis Gomez) stated in 2023 he had no funds for repairs
20200202276	Unsafe Structures	2520 SW 127 AVE	30-4911-006-0120	11 54 39 SOUTHWEST MANORS SEC 3 PB 76-11 LOT 23 BLK 5 LOT SIZE 75.000 X 100 OR 11367-564 0282 1 OR 29663-0645 0615 01	1/8/2020 12:00:00 AM	1/1/0001 12:00:00 AM		Daniel Solares	2018040706	LUIS S CRUZ CARBAJAL	3056 NW 14TH ST , MIAMI FL 33125-0000	FBC		follows case A2019001655-X expiration of master permit 2018040706	LUIS S CRUZ CARBAJAL	3/5/2021 10:33:43 PM	NONE	11		EXPIRED/STALLED - master permit 2018040706 (covering structures A/B) was re-issued 4/25/2022 under process C2022030036 but left to expire again 10/22/2022, confirmed still expired as of 9/29/2025; structure C (attached terrace, the actual cited violation) remains unaddressed with no permit ever obtained for it; no case activity in the year since 9/29/2025
20210206376	Unsafe Structures	16031 SW 110 ST	30-5908-010-0250	SHORELINE AT THE HAMMOCKS&#39; PB 138-18&#39; LOT 11 BLK 2&#39; LOT SIZE 8344 SQ FT&#39; F/A/U 30-5908-006-0060 &amp; 0070&#39; OR 19648-1201 042001 1&#39; COC 23478-0988 05 2005 1&#39;	11/25/2020 12:00:00 AM	1/1/0001 12:00:00 AM		Daniel Solares		LILLIAM MEMBRENO	16031 SW 110TH ST , MIAMI FL 33196	FBC		Rear wood frame attached terrace with rotten support columns and excessive deflection of loading wood beams	LILLIAM MEMBRENO	4/17/2023 12:00:00 AM	NONE	11		OPEN/CALL - Panel Order recorded 1/13/2023 (Bk 33539 Pg 3771) for structures A/B; structure B (cited rear terrace) self-demolished by owner by 3/21/2023, but the panel's compliance item (expired 1993 pool permit 1993047178; renewal attempt C2012038957 pre-dates this case) was confirmed 'remains expired' 4/17/2023 under code 53J 'PERMIT NOT OBTAINED'; no permit ever secured and no case activity in the 3.5 years since
20200203453	Unsafe Structures	2265 NW 89 ST	30-3103-000-0350	3 53 41 .16 AC&#39; BEG 25FTE &amp; 25FTN OF SW COR NE1/4&#39; SE1/4 SW1/4 E175FT TO POB N140FT&#39; E50FT S140FT W50FT TO POB LOT 19&#39; BLK 2 AIRPORT PK UR&#39; LOT SIZE 50.000 X 140&#39; OR 17528-0884 0297 4&#39; COC 23304-0497 04 2005 1&#39;	3/5/2020 12:00:00 AM	1/1/0001 12:00:00 AM	Patricia Veargis	Jose Broche		YADIEL MIRABAL MEDERO	2265 NW 89TH ST , MIAMI FL 33147	FBC		AS PER CASE #20180189229-B --- PROPERTY JACKET REFLECTS ALTERATION OF CARPORT,ENCLOSED IN 92&#39;, ATTACHED SCREEN ENCLOSURE ON SOUTH SIDE, ATTACHED ADDITION ON NORTH SIDE &amp; 2 DETACHED STRUCTURES AND CANOPY ON NORTH SIDE	YONI OMAR MARTINEZ NILDIA MARTINEZ	1/12/2026 12:00:00 AM	NONE	2		EXPIRED/STALLED - second Internal Agreement (process C2024138721, deadline 7/27/2025) expired without the master permit for structures B/C/D being finaled, confirmed by the 7/29/2025 completion inspection; structure E separately legalized (C2025123283); a third Internal Agreement now runs to 10/9/2026
20200202700	Unsafe Structures	1065 NW 126 CT	30-3951-010-1580	LAKE POINTE SEC 4&#39; PB 136-82&#39; LOT 6 BLK 41&#39; LOT SIZE 2408 SQ FT&#39; &amp; INT IN COMMON AREA&#39; OR 20979-2197 0103 1&#39;	1/29/2020 12:00:00 AM	1/1/0001 12:00:00 AM		Daniel Solares		CLAUDIA ACOSTA SUAREZ	1065 NW 126TH CT , MIAMI FL 33182	FBC		AS PER CASE # 20160179223-B --- FAILURE OF OWNER,BUILDER OR CONTRACTOR TO OBTAIN REQUIRED PERMITS FOR CONVERTING GARAGE INTO LIVING SPACE,BUILT SECOND FLOOR BALCONY,ATTACHED COVERED PATIOS AND ATTACHED ADDITION. ALSO THE FOLLOWING NEED REPAIR/REPLACEMENT, SMOKE ALARMS,WASHER AND DRYER, WINDOWS, EXTERIOR DOOR AND KITCHEN. PER C/U REPORT.	SANTORINI CAPITAL INVESTMENTS LLC	11/1/2022 12:00:00 AM	NONE	12		OPEN/CALL - no permit ever obtained (process C2022151311 stalled on an unpaid fee in 2022); FLAG for Jorge: active foreclosure case United Wholesale Mortgage, LLC v. Claudia Acosta, 25-012333-CA-01, Miami-Dade Circuit Court, referenced 2026 with a bankruptcy suggestion
20200203431	Unsafe Structures	10955 SW 52 DR	30-4019-009-0360	19 54 40 PB 65-150&#39; 10TH ADDN TO WESTWOOD LAKE&#39; LOT 14 BLK 102&#39; LOT SIZE 76.700 X 100&#39; OR 18351-3890 1198 1&#39;	3/4/2020 12:00:00 AM	1/1/0001 12:00:00 AM	Patricia Veargis	John Diez		ANDRES HERNANDEZ	10955 SW 52ND DR , MIAMI FL 33165-6904	FBC		AS PER CASE #20180189103-B --- REAR YARD DETACHED STUCTURES ON NORTHEAST CORNER; 2)A ABOVE GROUND JACUZZI WITH WOOD DECKING AND RAILINGS, AND 3)OPEN GAZEBO; ALL ENCROACHING REQUIRED RU-1 SETBACKS AS WELL AS THE 6 FT UTILITY EASEMENT. ALSO NO PERMITS FOUND FOR ATTACHED ADDITION ON THE SOUTHWEST CORNER, ENCLOSURE OF A SCREEN AREA ON THE SOUTHEAST CORNER AND 6 FT WOOD FENCE IN THE FRONT BUILDING LINE.	ANDRES HERNANDEZ	6/13/2023 12:00:00 AM	NONE	10		OPEN/CALL - process C2021149437 never obtained final plan approval per 6/13/2023 note; owner no-show at 10/24/2022 panel hearing; Panel Order recorded 12/3/2022 (Bk 33486 Pg 4289); no activity in the 3+ years since
20200202534	Unsafe Structures	18302 SW 152 CT	30-5933-033-0170	EUREKA ESTATES&#39; PB 167-016 T-22454&#39; LOT 4 BLK 2&#39; LOT SIZE 6300 SQ FT&#39; FAU 30 5933 000 0080 0081 0082&#39;	1/23/2020 12:00:00 AM	1/1/0001 12:00:00 AM	Patricia Veargis	Jose Broche		MIGUEL A VILLAVICENCIO SHRIQUI	18302 SW 152ND CT , MIAMI FL 33187	FBC		AS PER CASE # 20180191417-B --- STRUCTURE/TERRACE ADDED IN THE REAR OF THE PROPERTY WITHOUT PERMIT.	MIGUEL A VILLAVICENCIO SHRIQUI	9/25/2024 12:00:00 AM	NONE	9		OPEN/CALL - no permit or application ever filed; 9/25/2024 field status check confirms property occupied/electrified with 'no active permit or applications to address violations'
20200202663	Unsafe Structures	2986 NW 93 ST	30-3104-003-4430	THE TROPICS AMD PL PB 10-17&#39; LOT 5 LESS S20FT BLK 61&#39; LOT SIZE 50.000 X 121&#39; OR 15962-0771 0693 1&#39;	1/29/2020 12:00:00 AM	1/1/0001 12:00:00 AM		Daniel Solares		NEW WAY PROPERTY INVESTMENTS LLC	8500 SW 8TH ST APT260 , MIAMI FL 33144	FBC		AS PER CASE #20160177633-B --- PER C/U REPORT PROVIDED; INTERIOR ALTERATIONS A)DETACHED GARAGE CONVERTED INTO 1/1 EFFICIENCY. B)METAL SHED, C)ATTACHED ADDITION CONVERTED TO 1/1 EFFICIENCY, MAIN UNIT KITCHEN AND EXTERIOR STORAGE. FAILURE TO MAINTAIN IN A SAFE CONDITION; WINDOWS, ELECTRICAL, PLUMBING AND MECHANICAL	NEW WAY PROPERTY INVESTMENTS LLC	9/9/2025 12:00:00 AM	NONE	2		EXPIRED/STALLED - master permit 2025057500 (process C2023064914) obtained 7/11/2025 and re-issued 3/18/2026, but never finaled; 7/6/2026 note confirms still 'in non-compliance'
F2019006393	Unsafe Structures	18801 NE 2 AVE aka BLDG 10	30-2206-027-0001	STAR LAKES ESTS NO 10 CONDO&#39; DESCR PB 81-40&#39; STAR LAKES ESTS REV&#39; LOT G &amp; INT IN &amp; TO LAKE BLK 1&#39;	1/27/2020 8:11:57 AM	1/1/0001 12:00:00 AM		John Diez		STAR LAKES ASSOCIATION, INC. (A CONDOMINIUM ASSOCIATION)	19100 NE 3 AVE , MIAMI FL 33179	FBC	3/5/20: 40-YR PHYSICAL FILES RECEIVED FROM FINANCE SECTION Converted to US Case from 40/50-Yr Recertification System		STAR LAKES ASSOCIATION, INC. (A CONDOMINIUM ASSOCI	8/14/2026 12:00:00 AM	NONE	1		OPEN/CALL - condo-association reference folio (Star Lakes Estates No. 10, Bldg 10), not SFR - flag for Jorge; unlike companion Bldg 7 case, no building-specific repair permit found; HOA's 8/14/2026 Compliance Consent Agreement is a hold-release mechanism only
20200202351	Unsafe Structures	11485 QUAIL ROOST DR	30-6006-001-0700	AMVETS CITY PB 46-83&#39; AKA NEW SO MIAMI HGTS SEC F G &amp; H&#39; LOT 5 LESS SW15.10FT &amp; SW14FT OF&#39; LOT 6 LESS PORT OF LOTS 5 &amp; 6&#39; DESC BEG 15.10FT N 50 DEG E OF&#39; MOST SLY COR OF LOT 5 CONT N 50&#39; DEG E 31.24FT N 45 DEG E 50.55FT&#39; N 44 DEG W 2.52FT SWLY AD 81.45FT&#39; S 39 DEG E 3.20FT TO POB FOR R/W&#39; BLK 9&#39; OR 21933-0657 092003 1&#39; COC 25245-2223 12 2006 5&#39;	1/13/2020 12:00:00 AM	1/1/0001 12:00:00 AM		Daniel Solares		RAUL MOLINA &amp;W EYRA	11865 SW 206TH ST , MIAMI FL 33177-5447	FBC		Rear addition to include all trades, rear terrace structural repairs, carport enclosed to create a separate living unit as noted under Case # 20140168080-B	RAUL MOLINA &amp;W EYRA	8/20/2026 12:00:00 AM	NONE	9		OPEN/CALL - county's own 8/20/2026 field status check confirms structures A/B/C all remain with 'no permit has been obtained to address violations,' plus new unpermitted fence/shutters/shed found; note multiple mortgage-trust interested parties (Wilmington Trust NA, Crimson Residential Assets Corp) on file
20200202658	Unsafe Structures	1055 NW 73 ST	30-3111-035-3740	STEPHENS MANOR PB 14-18&#39; LOT 18 BLK 21&#39; LOT SIZE 50.000 X 100&#39; COC 22856-2408 11 2004 4&#39;	1/28/2020 12:00:00 AM	1/1/0001 12:00:00 AM		Daniel Solares		GREGORIO NUNEZ VELAZCO	1055 NW 73RD ST , MIAMI FL 33150	FBC		AS PER CASE # 20160177336-B --- Interior renovations to include alteration of walls and addition of door; attached /detached additions to include carport, aluminum patios, bbq pit, living space and water heater housing. 8-11(a) violation, to wit: water heater and exterior door in disrepair.	GREGORIO NUNEZ VELAZCO	8/25/2026 12:00:00 AM	300A-FIELD STATUS CHECK CONDUCTED BY B.I.	3		OPEN/CALL - no permit ever obtained; Panel Order recorded 8/9/2022 (Bk 33326 Pg 602); 8/25/2026 field check found new unpermitted roofing, fence and elevated planter referred to enforcement
20200202936	Unsafe Structures	2480 NW 89 TER	30-3103-001-0150	3 53 41&#39; PINE HEIGHTS PB 47-85&#39; LOT 7 BLK 2&#39; LOT SIZE 75.000 X 125&#39; OR 17248-3040 0596 4&#39;	2/8/2020 12:00:00 AM	1/1/0001 12:00:00 AM		Daniel Solares		SAMUEL J WIMS	2480 NW 89TH TER , MIAMI FL 33147	FBC		AS PER CASE # 20160180268-B --- RENOVATIONS TO CARPORT, UTILITY ROOM, STORAGE ROOM AND GLASS JALOUSIE PORCH TO CREATED ADDITIONAL BATHROOMS AND BEDROOMS. WASHER AND DRYER RELOCATED INTO METAL SHED AT REAR OF PROPERTY DRAINING ON YARD ALL WITHOUT THE REQUIRED PERMITS. NON COMPLIANT SECURITY IRON BARS ON WINDOWS AND LOCKS ON DOORS. FAILURE TO MAINTAIN PLUMBING, ELECTRICAL, AIR CONDITIONING, CRACKS IN WALLS, WINDOWS, ROOF LEAK, CEILING HOLES, FRONT PORCH RAILING.	SAMUEL J WIMS CEDRIC T WIMS	8/25/2026 12:00:00 AM	300A-FIELD STATUS CHECK CONDUCTED BY B.I.	2		OPEN/CALL - no permit or application ever filed; Panel Order recorded 9/13/2022 (Bk 33376 Pg 4488); 8/25/2026 field check found a new unpermitted metal fence referred to enforcement
20200202739	Unsafe Structures	17025 SW 119 PL	30-5936-005-1920	36 55 39&#39; SO MIAMI HGTS MANOR PB 68-70&#39; LOT 15 BLK 10&#39; LOT SIZE 7875 SQ FT&#39; OR 21273-3436-37 0503 5&#39; COC 26388-2215 04 2008 5&#39;	1/30/2020 12:00:00 AM	1/1/0001 12:00:00 AM	Patricia Veargis	Daniel Solares		ANIA FUENTES	8371 SW 36TH ST , MIAMI FL 33155	FBC		AS PER CASE # --- ADDED BATHROOM, COVERED PATIO, TWO SHEDS. 8-11(A) VIOLATION(S): MISSING AHU AND CONDENSER UNIT	ANIA FUENTES	8/28/2026 12:00:00 AM	NONE	9		EXPIRED/STALLED - permits 1993138675 and 2021083822 both confirmed expired since 10/3/2021; 2023 attempt (C2023162460) to re-issue stalled on an unreleased EFUS hold with no Internal Agreement ever requested; new unpermitted items found at both 2/17/2026 and 8/28/2026 field checks
20200203114	Unsafe Structures	1720 SW 99 CT	30-4008-007-1940	8 54 40&#39; WESTBROOKE PB 70-97&#39; LOT 16 BLK 10&#39; LOT SIZE 75.000 X 100&#39; OR 13224-289 0387 1&#39; COC 21649-3683 08 2003 1&#39;	2/15/2020 12:00:00 AM	1/1/0001 12:00:00 AM		Daniel Solares		ERICK LEIF ESKELSEN	1720 SW 99TH CT , MIAMI FL 33165	FBC		AS PER CASE # 20170184981-B --- Detached shed in set back on side the South side of the property and attached additions at the West rear of the property. Group mains at 1 location.	ERICK LEIF ESKELSEN	9/15/2026 12:00:00 AM	300A-FIELD STATUS CHECK CONDUCTED BY B.I.	10		EXPIRED/STALLED - Internal Agreement/process C2023106601 (Durock enclosure legalization) sat 'under trades review' since 3/20/2024 and was never finaled; still unresolved per 7/8/2026 note; multiple mortgage-lender attorneys tracking case status
20200202668	Unsafe Structures	1920 NW 93 ST	30-3103-011-0241	AIRLINE ESTS PB 44-59&#39; LOT 4 &amp; W24FT OF LOT 5 BLK 11&#39; LOT SIZE 99.000 X 105&#39; OR 19498-2764 0201 6&#39;	1/29/2020 12:00:00 AM	1/1/0001 12:00:00 AM		Daniel Solares		GILBERTO OLIVA LE	1920 NW 93RD ST , MIAMI FL 33147	FBC		AS PER CASE # 20160178433-B --- ATTACHED AND DETACHED STRUCTURES	GILBERTO OLIVA	8/6/2024 12:00:00 AM	NONE	2		OPEN/CALL - process C2024155270 could not be approved (incomplete scope) and re-roof process C2024173719 stalled on an unreleased EFUS hold; no permit issued; quiet since 9/11/2024
F2019006452	Unsafe Structures	540 W PARK DR 540	30-4005-026-0001	WEST LAKE VILLAGE II CONDO DESC&#39; FONTAINEBLEAU PARK WEST SEC II&#39; PB 109-98&#39; ALL OF TR R AS DESC IN&#39; OR 10436-1256&#39;	7/22/2020 10:11:33 AM	1/1/0001 12:00:00 AM	Patricia Veargis	Jose Broche		WEST LAKE VILLAGE II CONDOMINIUM ASSOCIATION, INC.	2520 NW 97 AVE #220, DORAL FL 33172	FBC	7/22/2020 40-YR PHYSICAL FILES RECEIVED FROM FINANCE SECTION (SC) Converted to US Case from 40/50-Yr Recertification System		MANAGEMENT OFFICE	9/27/2022 12:00:00 AM	NONE	10		HANDLED/SKIP - West Lake Village II Condo Association; permit 2025025071 specific to this building/unit (540) confirmed on free ArcGIS layer as part of the HOA's 2025 repair wave; 12/14/2025 note confirms repairs complete, all US cost balances paid as of 9/16/2026
F2019006459	Unsafe Structures	440 W PARK DR 440	30-4005-026-0001	WEST LAKE VILLAGE II CONDO DESC&#39; FONTAINEBLEAU PARK WEST SEC II&#39; PB 109-98&#39; ALL OF TR R AS DESC IN&#39; OR 10436-1256&#39;	7/22/2020 10:56:43 AM	1/1/0001 12:00:00 AM		Jose Broche		WEST LAKE VILLAGE II CONDOMINIUM ASSOCIATION, INC.	2520 NW 97 AVE #220, DORAL FL 33172	FBC	7/22/2020 40-YR PHYSICAL FILES RECEIVED FROM FINANCE SECTION (SC) Converted to US Case from 40/50-Yr Recertification System		MANAGEMENT OFFICE	9/27/2022 12:00:00 AM	NONE	10		HANDLED/SKIP - West Lake Village II Condo Association; permits 2025024504/2025025498 specific to this building/unit (440) confirmed on free ArcGIS layer; same HOA-wide repairs-complete confirmation (12/14/2025) and paid-in-full status (9/16/2026) as companion buildings
20200202568	Unsafe Structures	3085 SW 79 AVE	30-4015-018-0410	15 54 40&#39; SUNRISE MANOR PB 68-56&#39; LOT 8 BLK 4&#39; LOT SIZE 75.000 X 100&#39; OR 20452-2926 05/2002 1&#39; COC 26016-4618 10 2007 5&#39;	1/24/2020 12:00:00 AM	1/1/0001 12:00:00 AM	Patricia Veargis	Daniel Solares		ANTHONY ALEXANDER HERNANDEZ	3085 SW 79TH AVE , MIAMI FL 33155	FBC		AS PER CASE # 20180192274-B --- COMPLETE RENOVATION INSIDE AND OUTSIDE TO INCLUDE ALL TRADES; NEW PLUMBING, NEW ELECTRICAL, NEW A/C, NEW IMPACT WINDOWS &amp; DOORS, NEW ADDITION AT THE SOUTH CORNER OF HOUSE. HOME COMPLETLY GUTTED INSIDE.	ANTHONY ALEXANDER HERNANDEZ	10/3/2022 12:00:00 AM	NONE	10		OPEN/CALL - no permit or process number ever filed; owner rep Andres Lozano visited county office in person 12/5/2023 for requirements but never filed an application; quiet since
20200202742	Unsafe Structures	2830 NW 91 ST	30-3104-003-5695	4 53 41&#39; THE TROPICS AMD PL PB 10-17&#39; LOT 5 BLK 79&#39; LOT SIZE 50.00 X 140.00&#39; COC 24569-4050 05 2006 5&#39;	1/30/2020 12:00:00 AM	1/1/0001 12:00:00 AM		Daniel Solares		PRESIDENTIAL PROPERTY HOLDINGS	14651 BISCAYNE BLVD STE 359 , NORTH MIAMI BEACH FL 33181	FBC		AS PER CASE # 20170181482-B --- COVERED PATIO, ADDED BEDROOM, INTERIOR ALTERATIONS TO CLOSET &amp; BATHROOM, MISSING AHU AND CONDENSERS, NO PLUMBING HOOK UP FOR WASHER. PER CU REPORT NUMBER U2015004058 RECORDED IN BOOK 29480 PAGE 842. INSTANT HOT WATER HEATERS INSTALLED ALL WITHOUT THE REQUIRED PERMITS.	PRESIDENTIAL PROPERTY HOLDINGS	5/15/2026 12:00:00 AM	NONE	2		OPEN/CALL - duplex (DOR 0802), not SFR - flag for Jorge; no permit ever obtained (process C2022013666 still unresolved); non-compliance agreement request stuck needing info since 5/15/2026; permit expediter still calling as of 8/26/2026; owning corp INACTIVE per Sunbiz
20200203031	Unsafe Structures	14830 NARANJA LAKES BLVD	30-6933-014-0001	NARANJA LAKES CONDO NO 5 NARANJA LAKES SEC ONE PB 91-7 TRACT 11 F/A/U 30 6933 08 0110	2/12/2020 12:00:00 AM	1/1/0001 12:00:00 AM		Daniel Solares		NARANJA LAKES CONDOMINIUM NO. FIVE, INC.	27501 SOUTH DIXIE HIGHWAY 407 , HOMESTEAD FL 33032	FBC	Fire incident on four floor unit next to elevator lobby area that affected the roof structure of the building on that area that will require an engineer report assessing slab conditions and repairs .	Fire incident on four floor unit next to elevator lobby area that affected the roof structure of the building on that area and damage all building components of that unit.	NARANJA LAKES CONDOMINIUM NO. FIVE, INC.	5/27/2026 12:00:00 AM	NONE	9		HANDLED/SKIP - Naranja Lakes Condominium No. Five Inc, fire-damage case, not SFR - flag for Jorge; active emergency shoring permit C2026119420 (EFUS released 6/10/2026), permit expeditor coordinating directly with RER structural review staff, CCA negotiations ongoing as of 9/4/2026; final fire-repair permit not yet issued, worth a follow-up check in a few months
20200202781	Unsafe Structures	14490 SW 162 ST	30-5927-009-2010	LIMEWOOD GROVE&#39; PB 136-81&#39; LOT 5 BLK 11&#39; LOT SIZE 8266 SQ FT&#39; F/A/U 30-5927-000-0180&#39; OR 20785-3516 102002 1&#39;	1/31/2020 12:00:00 AM	1/1/0001 12:00:00 AM	Patricia Veargis	Jose Broche		EDELBERTO ACOSTA BAZAR	14490 SW 162ND ST , MIAMI FL 33177	FBC		AS PER CASE # 20170182668-B --- Constructed pergola and installed shed on property without obtaining required permits.	EDELBERTO ACOSTA BAZAR	5/28/2026 12:00:00 AM	NONE	9		OPEN/CALL - Panel Order recorded 8/1/2022 (Book 33314, Page 1074); structures C and D (two unpermitted pergolas encroaching setbacks) remain undemolished -- the one pre-existing process on file, C2017116174, expired and was rejected by zoning, and no corrective permit has ever been obtained; most recent field check (5/28/2026) confirms both structures still remain and case still non-compliant since 11/10/2022
20200203108	Unsafe Structures	8140 NW 34 AVE	30-3109-002-1510	GREENVILLE MANOR PB 53-79&#39; LOT 13 BLK 8&#39; LOT SIZE 85.000 X 109&#39; OR 18958-1157 01 2000 1&#39; COC 21649-3918 08 2003 1&#39;	2/15/2020 12:00:00 AM	1/1/0001 12:00:00 AM	Patricia Veargis	Daniel Solares		YBELISSE LEIBA	8140 NW 34TH AVE , MIAMI FL 33147	FBC		AS PER CASE # 20170184675-B --- 2 EFFICIENCIES WITH INTERIOR REMODELING (ADDED KITCHEN), MULTIPLE ATTACHED ADDITIONS TO INCLUDE ALL TRADES, EXTERIOR DOOR WITHOUT THE PROPER LUMINAIRE ON NORTH SIDE.	YBELISSE LEIBA	1/27/2023 12:00:00 AM	NONE	2		OPEN/CALL - no permit ever obtained; the only process on file, C2005151393 (carport enclosure legalization, filed 2005), was never issued a permit; Panel Order recorded 11/2/2022 (Book 33447, Page 704) after a 9/26/2022 hearing NO SHOW; 53J non-compliance logged 1/27/2023; quiet since the 4/14/2023 Wells Fargo mortgage-rep status call -- over 3 years silent
20200203286	Unsafe Structures	7285 NW 173 DR 101	30-2011-078-0160	BELLA COLINA CONDO&#39; UNIT 16 BLDG 4&#39; UNDIV 0.008838%&#39; INT IN COMMON ELEMENTS&#39; OFF REC 23961-1439&#39; COC 26494-4699 06 2008 1&#39;	2/26/2020 12:00:00 AM	1/1/0001 12:00:00 AM		Jose Broche		ANGEL FROMETA	7285 NW 173RD DR 101 , HIALEAH FL 33015	FBC		AS PER CASE # 20170185431-B --- Metal roof/terrace no permit	ANGEL FROMETA	9/21/2023 12:00:00 AM	NONE	13		OPEN/CALL - condo unit (DOR 0407), not SFR, flag for Jorge; a permit issued 1/4/2022 only partially addressed the case (structure A, the dwelling); structure B, the 300-sf unpermitted rear metal terrace, was ordered demolished by the 12/15/2022 Panel Order (by 4/14/2023) but a second appeal Panel Order followed a 9/13/2023 hearing NO SHOW, recorded 9/21/2023 (Book 33891, Page 1785); quiet since the 10/6/2023 undeliverable-mail note -- no demolition or further permit activity since
20200203907	Unsafe Structures	3197 NW 100 ST	30-3104-003-6800	4 53 41&#39; THE TROPICS AMD PL PB 10-17&#39; LOT 7 LESS W10FT &amp;&#39; W1/2 LOT 8 BLK 97&#39; LOT SIZE 65 X 140&#39; OR 16800-4473 0595 1&#39;	5/1/2020 12:00:00 AM	1/1/0001 12:00:00 AM		Daniel Solares		APEX RAPID LLC TRS	30 N GOULD ST STE N , SHERIDAN WY 82801	FBC		ATTACHED ADDITIONS, FRONT TERRACE, DETACHED STRUCTURES BUILT WITHOUT PERMITS. REFERRED FROM CASES 20130159469-B AND 20190196033-B.		12/13/2024 12:00:00 AM	NONE	2		EXPIRED/STALLED - permit issued 3/27/2023 addressed only structures A and C; demolition of structures B, D, E and F (unpermitted front/rear additions, shed, fence) was never obtained; case escalated to a Notice to Vacate and non-compliance letter posted 12/13/2024, with owner-side calls continuing through 3/21/2025 about a path to compliance but no permit or demolition since -- quiet since that 3/21/2025 call
20210205930	Unsafe Structures	481 IVES DAIRY RD BLDG D	30-1231-021-0001	SUMMERTREE VILG AT CALIF CLUB CONDO PHASE I THRU VII SUMMERTREE AT THE CALIF CLUB TR A PB 115-89 F/A/U 30 1231 011 0010 /0011	10/27/2020 12:00:00 AM	1/1/0001 12:00:00 AM		Daniel Solares		SUMMERTREE VILLAGE AT THE CALIFORNIA CLUB CONDOMINIUM ASSOCIATION,INC.	551 IVES DAIRY RD , MIAMI FL 33179	FBC		BUILDING HAS STRUCTURAL DAMAGE DUE TO SPALLED CONCRETE ON BALCONY SLABS...IN ADDITION, CONCRETE REPAIR WORK BEING DONE ON BALCONY SLABS AND BEAMS WITHOUT THE REQUIRED PERMITS...	SUMMERTREE VILLAGE AT THE CALIFORNIA CLUB CONDOMINIUM ASSOCIATION,INC.	6/30/2025 12:00:00 AM	NONE	1		EXPIRED/STALLED - Folio 30-1231-021-0001 is a condominium ASSOCIATION REFERENCE folio (PA DORDescription REFERENCE FOLIO, owner of record REFERENCE ONLY) -- NOT SFR, flag for Jorge: this is a multi-building HOA case, Summertree Village at the California Club Condominium Association. The ArcGIS free permit layer returns 0 features on this reference folio (permits for condo complexes sit on the FAU/unit sub-folios, not queried here -- a gap, not proof of no permits). The county's own RegulationSupportWebViewer ActivitiesUS log for USCase 20210205930 (105,810-byte pull, Building D, 10/27/2020-7/29/2026) is dispositive: entry 9/28/2022 states verbatim 'Master permit 2021009292 expired on 07/04/2022. Process number C2022085316 has not obtained trade review final approval,' and an entry dated 5/4/2022 records that Building D's concrete restoration was done under that now-expired permit while the matching screen-enclosure permit (C2022085316) stalled at trade review. No further entry of any kind addresses the structural permit status after 9/28/2022 -- the 2024-2026 activity is entirely administrative (EFUS hold releases, lien/BCVS payment research, and a Compliance Consent Agreement Addendum executed 7/29/2026, expiring 1/25/2027). Classification: the corrective permit for this building's balcony/concrete violation expired without final trade approval and nothing has replaced it in four years, even though the HOA is current on an unrelated administrative compliance agreement covering cost balances and enforcement holds. Live lead with a 'your repair permit lapsed before it was finaled' angle, but the call should go to the HOA board/management (Fredrick Group Inc, registered agent Edward Perez, HOA President Arturo Rodriguez), not an individual homeowner.
20210205937	Unsafe Structures	605 IVES DAIRY RD BLDG G	30-1231-021-0001	SUMMERTREE VILG AT CALIF CLUB CONDO PHASE I THRU VII SUMMERTREE AT THE CALIF CLUB TR A PB 115-89 F/A/U 30 1231 011 0010 /0011	10/27/2020 12:00:00 AM	1/1/0001 12:00:00 AM		Daniel Solares		SUMMERTREE VILLAGE AT THE CALIFORNIA CLUB CONDOMINIUM ASSOCIATION,INC.	551 IVES DAIRY RD , MIAMI FL 33179	FBC		BUILDING HAS STRUCTURAL DAMAGE DUE TO SPALLED CONCRETE ON BALCONY SLABS AND BEAMS...	SUMMERTREE VILLAGE AT THE CALIFORNIA CLUB CONDOMINIUM ASSOCIATION,INC.	6/30/2025 12:00:00 AM	NONE	1		EXPIRED/STALLED - Folio 30-1231-021-0001 is the SAME condominium ASSOCIATION REFERENCE folio as case 20210205930 (PA DORDescription REFERENCE FOLIO, owner REFERENCE ONLY) -- NOT SFR, flag for Jorge: Summertree Village at the California Club Condominium Association, this case covers Building G. ArcGIS free permit layer: 0 features on the reference folio (same gap as 20210205930 -- unit/building sub-folios not queried). The county's ActivitiesUS log for USCase 20210205937 (99,558-byte pull, 10/27/2020-7/29/2026) shows a master permit WAS issued for Building G -- entry 9/28/2022 states verbatim 'Master permit 2022053835 issued on 05/26/2022. Process number C2022085336 has not obtained trade review final approval' -- and the case remains explicitly open: entry 5/28/2026 records a caller asking if the case was still open and the inspector confirming 'this case is still open and in non-compliant status.' Entry 4/28/2026 separately notes the HOA president raised concern about 'expired permits where contractors are no longer working with them.' As with Building D, the 2024-2026 activity is administrative only (lien/BCVS payment research, Compliance Consent Agreement Addendum executed 7/29/2026, expiring 1/25/2027) and does not touch the stalled trade-review permit. Classification: the Building G corrective permit was issued in 2022 and never cleared trade review final approval, and the county's own 2026 notes confirm the case is still non-compliant. Live lead, same HOA contacts as 20210205930 (Fredrick Group Inc / Edward Perez / Arturo Rodriguez) -- treat as a companion case, likely one phone call covers both buildings.
20200202748	Unsafe Structures	8320 NW 35 PL	30-3109-024-0150	ELSON MANORS PB 59-32&#39; LOT 15 BLK 1&#39; LOT SIZE 75.000 X 118&#39; OR 18408-1583 1298 1&#39; COC 21799-4775 09 2003 4&#39;	1/31/2020 12:00:00 AM	1/1/0001 12:00:00 AM		John Diez		ENCARNACION PUENTE	8320 NW 35TH PL , MIAMI FL 33147-3959	FBC		AS PER CASE # 20170182156-B --- WOOD FENCE WITH ELECTRIC OPENER AND EXTENDED IN HEIGTH WITH METAL FENCE, BACK YARD PAVED WATER DRAINING INTO NEIGHBORS YARD, ATTACHED ADDITIONS AND DETACHED STRUCTURES WITH ADDITIONAL LIVING UNITS,TO INCLUDE ALL TRADES, ALL WITHOUT THE REQUIRED PERMITS.	ENCARNACION PUENTE	4/7/2026 12:00:00 AM	NONE	2		EXPIRED/STALLED - legalization permit C2023070137 "LEGALIZE ADD ATTACH" (plumbing trade) opened 03/03/2023 and now shows EXPIRED in Miami-Dade's Building Permits layer (queried 10/05/2026); last recorded inspection/approval activity 06/22/2025, no further permit activity since; case activity log in RegulationSupportWebViewer is empty and Date Closed remains blank; referenced prior case 20170182156-B (opened 01/23/2017, same violation) also remains open with no close date.
F2019006391	Unsafe Structures	251 NE 187 ST aka BLDG 8	30-2206-025-0001	STAR LAKES ESTATES NO 8&#39; CONDOMINIUM DESCR- PB 81-40&#39; STAR LAKES ESTATES REV&#39; LOT E &amp; INT IN &amp; TO LAKE BLK 1&#39;	1/27/2020 8:14:45 AM	1/1/0001 12:00:00 AM		John Diez		STAR LAKES ASSOCIATION, INC. (A CONDOMINIUM ASSOCIATION)	19100 NE 3rd Ave, Miami FL 33179	FBC	3/5/20: 40-YR PHYSICAL FILES RECEIVED FROM FINANCE SECTION Converted to US Case from 40/50-Yr Recertification System		STAR LAKES ASSOCIATION, INC. (A CONDOMINIUM ASSOCI	8/14/2026 12:00:00 AM	NONE	1		OPEN/IN PROGRESS - 40-Year Recertification Portal (queried 10/05/2026) lists Case F2019006391, Recertification Year 2019, Case Status "In Progress," Enforcement Status "Yes," Recert. Date blank (report not yet approved); case was converted from the 40/50-Yr Recertification System per 03/05/2020 case comment; Date Closed remains blank in RegulationSupportWebViewer.
20200202471	Unsafe Structures	422 NW 110 ST	30-2136-018-0830	WEST MIAMI SHORES SEC D&#39; PB 46-53&#39; LOT 4 BLK 17&#39; LOT SIZE 60.000 X 100&#39;	1/17/2020 12:00:00 AM	1/1/0001 12:00:00 AM	Patricia Veargis	Daniel Solares		MARILYN URROZ	422 NW 110TH ST , MIAMI FL 33168	FBC		BUILDING AN ADDITION IN THE BACK OF THE HOUSE AND CONVERTING GARAGE INTO AN EFFICIENCY.	MARILYN URROZ	8/20/2026 12:00:00 AM	300A-FIELD STATUS CHECK CONDUCTED BY B.I.	3		OPEN/CALL - no permit records of any kind found on folio 30-2136-018-0830 in Miami-Dade's Building Permits layer (queried 10/05/2026, owner match confirmed MARILYN URROZ); no legalization or corrective permit exists for the alleged garage-to-efficiency conversion/rear addition; case activity log in RegulationSupportWebViewer is empty and Date Closed remains blank.
20200203854	Unsafe Structures	3326 NW 68 ST	30-3116-007-0600	BUNN CREST PB 22-10&#39; LOT 11 BLK 5&#39; LOT SIZE 4360 SQUARE FEET&#39; OR 21014-2550 0203 1&#39; COC 24957-4596 09 2006 1&#39;	4/23/2020 12:00:00 AM	1/1/0001 12:00:00 AM		Daniel Solares		LISBETH ESPINOSA	3326 NW 68TH ST , MIAMI FL 33147-6632	FBC		ADDITION OF SECOND FLOOR LIVING SPACE WITHOUT A PERMIT. REFERRED FROM CASE 20180191137-B.		8/31/2026 12:00:00 AM	300A-FIELD STATUS CHECK CONDUCTED BY B.I.	2		OPEN/CALL - no permit records found on folio 30-3116-007-0600 in Miami-Dade's Building Permits layer (queried 10/05/2026, owner match confirmed LISBETH ESPINOSA); no legalization permit exists for the alleged unpermitted 2nd-floor addition; referenced prior case 20180191137-B (opened 03/06/2018, same violation "2ND FLOOR ADDITION CONSTRUCTED WITHOUT PERMITS") also shows no close date; case activity log is empty.
20210205858	Unsafe Structures	2893 NW 87 ST	30-3104-007-0340	4 53 41&#39; FRESNO PARK PB 16-55&#39; LOT 8 BLK 6&#39; LOT SIZE 47.600 X 107&#39; OR 20757-3871 1002&#39; COC 25288-1188 25375-0276 1106 4&#39;	10/22/2020 12:00:00 AM	1/1/0001 12:00:00 AM	Patricia Veargis	Daniel Solares		MORAIMA GONZALEZ	2893 NW 87TH ST , MIAMI FL 33147	FBC		AS PER CASE 20090129903-B, ATTACHED AND DETACHED STRUCTURES TO MAIN HOUSE, SECURITY BARS OVER ESCAPE OPENINGS, ALUMINUM TERRACE WITHOUT A REQUIRED BUILDING PERMIT	IRAIDA GERTRUDIS HERNANDEZ LE	8/31/2026 12:00:00 AM	300A-FIELD STATUS CHECK CONDUCTED BY B.I.	2		OPEN/CALL - only permit on file for folio 30-3104-007-0340 is C2026079120 (sewer connection, Finalized, issued 06/22/2026), unrelated to the alleged attached/detached structures, security bars, and aluminum terrace; no legalization permit exists for those violations; referenced prior case 20090129903-B (opened 05/05/2009, same violation) also remains open with no close date; case activity log is empty.
20200202532	Unsafe Structures	11814 SW 37 ST	30-4913-001-0700	13 54 39&#39; SOUTHERN ESTATES PB 70-16&#39; LOT 4 BLK 5&#39; LOT SIZE 75.000 X 110&#39; COC 26135-3080 12 2007 4&#39;	1/22/2020 12:00:00 AM	1/1/0001 12:00:00 AM	Patricia Veargis	Mario Martinez		ENRIQUE ALZATE	11814 SW 37TH ST , MIAMI FL 33175-3112	FBC		AS PER CASE # 20170185314-B --- ALUMINUM FENCE WITH GATES, TWO DETACHED STRUCURES AT THE REAR, ATTACHED STRUCTURE AT WEST AND SOUTH SIDE OF PROPERTY.	ENRIQUE ALZATE	9/1/2026 12:00:00 AM	NONE	10		OPEN/CALL - no permit records found on folio 30-4913-001-0700 in Miami-Dade's Building Permits layer (queried 10/05/2026, owner match confirmed ENRIQUE ALZATE); no legalization permit exists for the alleged aluminum fence/detached and attached structures; referenced prior case 20170185314-B (opened 08/21/2017, same violation) also shows no close date; case activity log is empty.
20210206738	Unsafe Structures	10400 SW 62 ST	30-4029-002-1160	29 54 40 1.04 AC&#39; MILLER DRIVE ESTATES PB 46-37&#39; E1/2 OF N1/2 OF TR 52 &amp; W25FT&#39; OF SW 104 AVE LYG E &amp; ADJ&#39; CLOSED PER RES-6-82&#39; OR 17229-3904 0596 1&#39;	12/22/2020 12:00:00 AM	1/1/0001 12:00:00 AM	Patricia Veargis	Mario Martinez		10400 SW INVESTMENTS LLC	10400 SW 62ND ST , MIAMI FL 33173	FBC		CASE REFERRED BY BUILDING ENFORCEMENT SECTION FROM CASE 20130155633-B, WHICH HAS A LIEN FILED. VIOLATIONS ARE FOR STRUCTURES BUILT WITHOUT PERMITS, INCLUDING DETACHED STRUCTURES ON THE EAST AND SOUTH SIDES, ALTERATION AND CONSTRUCTION OF INTERIOR FENCES, CONSTRUCTION OF A BRIDGE OVER THE POOL, AND CONSTRUCTION OF A FOUNTAIN. ALL STRUCTURES BUILT AFTER 2010.	EIGHT AND FIRST LLC	9/16/2026 12:00:00 AM	NONE	10		OPEN/CALL - no permit records found on folio 30-4029-002-1160 in Miami-Dade's Building Permits layer (queried 10/05/2026); no legalization permit exists for the detached structures, interior fences, pool bridge, or fountain; referenced prior case 20130155633-B (opened 10/05/2012 under then-owner Yunel Escobar, case comments note a code-enforcement lien, last entry 11/07/2014 "scanned document") also remains open with no close date; current owner of record is 10400 SW Investments LLC per case file; case activity log is empty.
20200203316	Unsafe Structures	15550 NW 7 AVE	30-2114-012-0020	14 52 41 0.72 AC M/L&#39; GOLDEN LAKES PB 96-35&#39; TRACT 1-A&#39; LOT SIZE 31363 SQ FT&#39; OR 16192-3644 1293 1&#39;	2/27/2020 12:00:00 AM	1/1/0001 12:00:00 AM	Patricia Veargis	Daniel Solares		PHMX LLC	1520 WEST AVE 6 , MIAMI BEACH FL 33139	FBC		NEW COMMERCIAL BUILDING CONSTRUCTED WITHOUT A PERMIT.		9/16/2026 12:00:00 AM	NONE	2		OPEN/LEGALIZATION IN PROGRESS - master permit C2018207435 ("NEW BUILDING," General/County, status Active) plus 6 related trade permits (plumbing, windows, electrical x2, temp service, fire sprinklers) are on file for folio 30-2114-012-0020 per Miami-Dade's Building Permits layer (queried 10/05/2026); fire sprinkler permit C2026129283 issued 07/17/2026 with last inspection recorded 07/31/2026 shows legalization actively underway, not stalled, though not yet finaled/closed; case activity log in RegulationSupportWebViewer is empty and Date Closed remains blank.
F2019006454	Unsafe Structures	510 W PARK DR 510	30-4005-026-0001	WEST LAKE VILLAGE II CONDO DESC&#39; FONTAINEBLEAU PARK WEST SEC II&#39; PB 109-98&#39; ALL OF TR R AS DESC IN&#39; OR 10436-1256&#39;	7/22/2020 10:38:17 AM	1/1/0001 12:00:00 AM	Patricia Veargis	Jose Broche		WEST LAKE VILLAGE II CONDOMINIUM ASSOCIATION, INC.	2520 NW 97 AVE #220, DORAL FL 33172	FBC	7/22/2020 40-YR PHYSICAL FILES RECEIVED FROM FINANCE SECTION (SC) Converted to US Case from 40/50-Yr Recertification System		MANAGEMENT OFFICE	9/27/2022 12:00:00 AM	NONE	10		OPEN/IN PROGRESS - 40-Year Recertification Portal (queried 10/05/2026) lists Case F2019006454 (Bldg 510, 510 W Park Dr), Recertification Year 2019, Case Status "In Progress," Enforcement Status "Yes," Recert. Date blank (report not yet approved); case was converted from the 40/50-Yr Recertification System per 07/22/2020 case comment; Date Closed remains blank.
F2019006455	Unsafe Structures	480 W PARK DR 480	30-4005-026-0001	WEST LAKE VILLAGE II CONDO DESC&#39; FONTAINEBLEAU PARK WEST SEC II&#39; PB 109-98&#39; ALL OF TR R AS DESC IN&#39; OR 10436-1256&#39;	7/22/2020 10:41:47 AM	1/1/0001 12:00:00 AM	Patricia Veargis	Jose Broche		WEST LAKE VILLAGE II CONDOMINIUM ASSOCIATION, INC.	2520 NW 97 AVE #220, DORAL FL 33172	FBC	7/22/2020 40-YR PHYSICAL FILES RECEIVED FROM FINANCE SECTION(SC) Converted to US Case from 40/50-Yr Recertification System		MANAGEMENT OFFICE	9/27/2022 12:00:00 AM	NONE	10		OPEN/IN PROGRESS - 40-Year Recertification Portal (queried 10/05/2026) lists Case F2019006455 (Bldg 480, 480 W Park Dr), Recertification Year 2019, Case Status "In Progress," Enforcement Status "Yes," Recert. Date blank (report not yet approved); case was converted from the 40/50-Yr Recertification System per 07/22/2020 case comment; Date Closed remains blank.
F2019006458	Unsafe Structures	460 W PARK DR 460	30-4005-026-0001	WEST LAKE VILLAGE II CONDO DESC&#39; FONTAINEBLEAU PARK WEST SEC II&#39; PB 109-98&#39; ALL OF TR R AS DESC IN&#39; OR 10436-1256&#39;	7/22/2020 10:51:54 AM	1/1/0001 12:00:00 AM	Patricia Veargis	Jose Broche		WEST LAKE VILLAGE II CONDOMINIUM ASSOCIATION, INC.	2520 NW 97 AVE #220, DORAL FL 33172	FBC	7/22/2020 40-YR PHYSICAL FILES RECEIVED FROM FINANCE SECTION (SC) Converted to US Case from 40/50-Yr Recertification System		MANAGEMENT OFFICE	9/27/2022 12:00:00 AM	NONE	10		HANDLED/SKIP - Reference folio, condo association (West Lake Village II, same complex as F2019006455/F2019006453). NOT SFR. Case log: 09/16/2026 county confirmed payment of ALL US cost balances owed, ENFC holds OK to release through 12/16/2026. Multiple post-citation process numbers (C2025160071, C2025007050, C2025007560, C2025003581, C2025163948, C2025163813) all showed holds released upon payment. HOA attorney (Cecile Mendizabal) actively managing compliance as of Sept 2026.
20200202511	Unsafe Structures	3501 NW 99 ST	30-3104-005-2153	THE TROPICS ADD PB 5-91&#39; LOTS 11 &amp; 12 BLK 28&#39; LOT SIZE 13998 SQ FT M/L&#39; OR 15573-2968 0792 1 (2967)&#39; COC 26444-3602 05 2008 5&#39;	1/21/2020 12:00:00 AM	1/1/0001 12:00:00 AM		Daniel Solares		BENJAMIN V REYES	3501 NW 99TH ST , MIAMI FL 33147	FBC		AS PER CASE # 20160177042-B ----ATTACHED, DETACHED STRUCTURES, AREA ROOFS, WOOD FENCE, AND METAL COVER SCREEN FRONT PORCH. WITHOUT THE REQUIRED PERMITS.	BENJAMIN V REYES	10/3/2024 12:00:00 AM	NONE	2		OPEN/CALL - SFR confirmed (DORCode 0101). No C- or W-prefixed corrective process number found anywhere in case log. Most recent activity 10/03/2024: "NO PERMIT APPLICATION ACTIVITY FOUND IN GOLD KEY. ALL STRUCTURES REMAIN IN PLACE." 2022 Board/Panel Order (demolish B-F in 120 days, permit structure A in 90 days) never complied with. Prime lead.
20200202809	Unsafe Structures	4250 SW 99 AVE	30-4020-004-1350	20 54 40&#39; TROPICAL ESTS PB 50-98&#39; LOT 5 BLK 7&#39; LOT SIZE 75.000 X 122&#39; OR 10024-0929 0578 1&#39; JUDSON E MANUEL &amp;W VERA&#39; COC 22467-1678 05 2004 4&#39;	2/3/2020 12:00:00 AM	1/1/0001 12:00:00 AM	Patricia Veargis	Daniel Solares		TEAM JG PROPERTY MANAGEMENT INC	9895 NW 28TH TER , MIAMI FL 33172	FBC		AS PER CASE # A2017003869-X ----EXPIRED PERMIT # 2016055845 FOR ATTACHED ADDITIONS.		8/6/2026 12:00:00 AM	NONE	10		HANDLED/SKIP - SFR confirmed (DORCode 0101). Active, current Internal (Non-Compliant Case) Agreement, compliance deadline 02/02/2027. Master permit 2016055845 repeatedly reissued/kept alive via a chain of post-citation process numbers (C2023139752, C2023153261, C2024004027, C2026073082, C2026164164 - most recent 09/08/2026, "for permit #2016055845 reissue"). Owner actively paying costs and meeting with the county as recently as 09/08/2026. Deprioritize.
20200202344	Unsafe Structures	3245 NW 34 ST	30-3128-013-1090	MELROSE HGTS 4TH SEC PB 17-21&#39; LOT 19 BLK 46&#39; LOT SIZE 50.000 X 135&#39;	1/13/2020 12:00:00 AM	1/1/0001 12:00:00 AM	Patricia Veargis	Daniel Solares		RICE INVESTMENT INC	226 W SAN MARINO DR , MIAMI BEACH FL 33139	FBC		Additions to front &amp; rear, enclosed screen enclosure,and washer/dryer connections as per CU report noted under case # 20140164737-B.	RICE INVESTMENT INC	8/11/2026 12:00:00 AM	NONE	2		EXPIRED/STALLED - NOT SFR (DORCode 0802, duplex, 2 units). Three early process numbers (C2014117820, C2018237093, C2020022364) all confirmed EXPIRED by 2022. A new corrective process (C2026047013, master permit application) was "under trades review" as of 05/30/2026, but the more recent 07/01/2026 entry states "No permits obtained to correct violations. Property in non-compliance." Owner has continued to meet with and pay the county through 09/14/2026 but no completed permit on file. Not SFR - low lead-gen priority regardless.
20200203460	Unsafe Structures	1740 NE 145 ST	30-2220-002-4410	ARCH CREEK ESTS PB 46-73&#39; N1/2 LOT 228&#39; LOT SIZE SITE VALUE&#39; OR 12369-3037 1284 1&#39; COC23287-3482/3488 0405 1&#39;	3/5/2020 12:00:00 AM	1/1/0001 12:00:00 AM		Jose Broche		DODDINGTON HOLDINGS LLC	PO BOX 4175 , HIALEAH FL 33014	FBC		AS PER CASE #20180189305-B --- 2 DETACHED STRUCTURE WITH ELECTRICAL	DODDINGTON HOLDINGS LLC	8/13/2026 12:00:00 AM	300A-FIELD STATUS CHECK CONDUCTED BY B.I.	2		OPEN/CALL - SFR confirmed (DORCode 0101). Structure C was demolished under a finaled permit (2022079392) - partial correction. Structure B remains unaddressed; 06/18/2026 county told owner representative she still needs to obtain an active process number with an ENFC hold before anything can move forward - meaning no active corrective permit currently covers Structure B. Most recent field check 08/13/2026 confirms "STRUC-B must still be addressed." Prime lead with a "you already fixed one, finish the other" angle.
20200203107	Unsafe Structures	13410 SW 26 TER	30-4914-030-0130	1ST ADDN TO LISBOA HOMES&#39; PB 128-22&#39; LOT 2 BLK 6&#39; LOT SIZE 4606 SQ FT&#39; OR 14998-2856-57 0491 1&#39;	2/15/2020 12:00:00 AM	1/1/0001 12:00:00 AM		Daniel Solares		ILEANA BAEZ	13410 SW 26TH TER , MIAMI FL 33175	FBC		AS PER CASE # 20170184665-B --- ATTACHED ROOF STRUCTURE, ATTACHED REAR ADDITION TO INCLUDE ELECTRICAL AND PLUMBING, SECURITY BARS, FENCE/GATE.	ILEANA BAEZ	9/8/2026 12:00:00 AM	NONE	11		OPEN/CALL - SFR confirmed (DORCode 0101). Two legalization processes (C2020066798 gates, C2017182332 rear addition) are old/pre-dated; a 2021 window/door process (C2021180607) was blocked pending a required master permit and never completed. Case has been in non-compliance with the panel order since 2/24/2023. Most recent field check 09/08/2026 found NEW unpermitted work (replacement windows and front door) installed since, with structure C remaining and structure B inaccessible to verify. No live corrective permit on file. Prime lead.
20200203901	Unsafe Structures	26101 SW 167 AVE	30-6929-000-0320	29 56 39 10 AC&#39; NW1/4 OF SW1/4 OF SW1/4&#39; OR 16463-4662 0894 1&#39; COC 24873-0258 07 2006 1&#39;	5/1/2020 12:00:00 AM	1/1/0001 12:00:00 AM	Patricia Veargis	Daniel Solares		ALEXEI VERGEL GONZALEZ	26101 SW 167TH AVE , HOMESTEAD FL 33031	FBC		SEVERAL UNSAFE STRUCTURES ON PROPERTY		12/26/2025 12:00:00 AM	NONE	8		OPEN/CALL - SFR confirmed (DORCode 0101). No C- or W-prefixed process number appears anywhere in the case log; every entry since 2020 states no permit obtained or applied for. Most recent activity 12/26/2025: owner refused full county access, allowing only a DERM inspection and blocking Unsafe Structures/ONC/Enforcement inspectors - active obstruction, not correction. Prime lead, though owner is evasive.
20200203293	Unsafe Structures	12895 SW 58 LN	30-4926-060-0140	SUNSET HARBOUR SEC V&#39; PB 135-39&#39; LOT 3 BLK 30&#39; LOT SIZE 7353 SQ FT&#39; OR 15010-1132 0491 1&#39; COC 24305-3595 03 2006 5&#39;	2/26/2020 12:00:00 AM	1/1/0001 12:00:00 AM		Daniel Solares		LIDIA RIAL	12895 SW 58TH LN , MIAMI FL 33183-5419	FBC		AS PER CASE # 20180192707-B --- rear attached roof terrace, concrete structure encroaching rear setbacks, accordion shutters, front security bar with bolt lock.	LIDIA RIAL	2/3/2026 12:00:00 AM	NONE	10		EXPIRED/STALLED - SFR confirmed (DORCode 0101). Corrective process C2019001724 (reactivated 2023) led to master permit 2023054010 addressing structures B, C and the removal of E, but that permit EXPIRED 06/15/2024 with no record of inspection (reconfirmed 12/18/2024). Structure D (a pre-manufactured shed) was never addressed by any permit application. As of 09/28-29/2026 the current occupant/owner (Jorge Martinez) met with county supervisors and was walked through compliance steps, but no new permit has been filed yet. Live lead with a "your permit lapsed, structure D was never even touched" angle.
20200205309	Unsafe Structures	767 NW 102 ST	30-3102-012-0120	WEST BISCAYNE PB 7-58&#39; LOTS 15 TO 17 INC BLK 1&#39; LOT SIZE 150.000 X 150&#39; OR 16814-2452 0695 5&#39; COC 24225-2561 02 2006 5&#39;	9/14/2020 12:00:00 AM	1/1/0001 12:00:00 AM	Patricia Veargis	John Diez		CESAR PEREZ	767 NW 102ND ST , MIAMI FL 33150-1338	FBC		AS PER CASE 20130160204-B WITH ASSOCIATED TICKET P017154 AND CASE 20190199189-U, REPAIRING A FIRE DAMAGE. REROOFING DETACHED WEST STRUCTURE. DETACHED EAST STRUCTURE.SHED. ALUMINUMS CARPORT WITH ELECTRICAL. ELECTRICAL WIRE AND LIGHTS ON FRONT CONCRETE FENCE, ALL WITOUT A REQUIRED BUILDING PERMIT.		9/7/2022 12:00:00 AM	NONE	2		EXPIRED/STALLED - NOT SFR (DORCode 0803, triplex, 3 units). 06/16/2022 entry: "several process numbers from 2020 have not been approved" - an attempt was made but never got past approval; 2021 entries separately state no permit applications were submitted. Case activity goes dormant after a 10/13/2022 Unsafe Structures Board Hearing entry - no further activity logged in 4+ years through this 10/05/2026 pull. Not SFR - low lead-gen priority regardless.
20200202592	Unsafe Structures	13656 SW 142 AVE UNIT # 8	30-5922-055-0300	GALENUS COMPLEX CONDO UNIT 8 BLDG D N/K/A EXTENSION OF BLDG B UNDIV 1884/50212 INT IN COMMON ELEMENTS OFF REC 20688-1544 24514-2862	1/27/2020 12:00:00 AM	1/1/0001 12:00:00 AM	Patricia Veargis	Jose Broche		BAYVIEW INVESTMENTS GROUP INC	1395 BRICKELL AVE # 720 , MIAMI FL 33131	FBC		AS PER CASE #20180193463-B --- SUBDIVIDED WAREHOUSE / BAY, TO INCLUDE MAKESHIFT LIVING AREA WITH BATHROOM&#39;S AND KITCHEN ON THE MEZZANINE OF THE UNIT.	BAYVIEW INVESTMENTS GROUP INC	9/7/2022 12:00:00 AM	NONE	11		HANDLED/SKIP - NOT SFR (DORCode 4118, light-manufacturing/commercial condominium bay - subdivided warehouse with illegal living space per original citation). Corrective process C2022109482 (demo illegal addition / mezzanine legalization) led to master permit 2022066767, which was FINALIZED 11/30/2022. Most recent case entry 08/21/2024 states the permit is finalized and the case is flagged "TO BE REVIEWED FOR CLOSING STATUS." Deprioritize; not SFR anyway.
F2019006456	Unsafe Structures	490 W PARK DR 490	30-4005-026-0001	WEST LAKE VILLAGE II CONDO DESC&#39; FONTAINEBLEAU PARK WEST SEC II&#39; PB 109-98&#39; ALL OF TR R AS DESC IN&#39; OR 10436-1256&#39;	7/22/2020 10:45:13 AM	1/1/0001 12:00:00 AM		Jose Broche		WEST LAKE VILLAGE II CONDOMINIUM ASSOCIATION, INC.	2520 NW 97 AVE #220, DORAL FL 33172	FBC	7/22/2020 40-YR PHYSICAL FILES RECEIVED FROM FINANCE SECTION (SC) Converted to US Case from 40/50-Yr Recertification System		MANAGEMENT OFFICE	9/27/2022 12:00:00 AM	NONE	10		HANDLED/SKIP - active 21-permit reroof/repair program complex-wide, all approved, US cost balances paid and ENFC holds cleared as of 9/16/2026
F2019006457	Unsafe Structures	500 W PARK DR 500	30-4005-026-0001	WEST LAKE VILLAGE II CONDO DESC&#39; FONTAINEBLEAU PARK WEST SEC II&#39; PB 109-98&#39; ALL OF TR R AS DESC IN&#39; OR 10436-1256&#39;	7/22/2020 10:49:13 AM	1/1/0001 12:00:00 AM		Jose Broche		WEST LAKE VILLAGE II CONDOMINIUM ASSOCIATION, INC.	2520 NW 97 AVE #220, DORAL FL 33172	FBC	7/22/2020 40-YR PHYSICAL FILES RECEIVED FROM FINANCE SECTION (SC) Converted to US Case from 40/50-Yr Recertification System		MANAGEMENT OFFICE	9/27/2022 12:00:00 AM	NONE	10		HANDLED/SKIP - active 21-permit reroof/repair program complex-wide (sibling of F2019006456/62), all approved, US cost balances paid and ENFC holds cleared as of 9/16/2026
20200203349	Unsafe Structures	6100 SW 49 ST	30-4024-007-0600	24 54 40 .17 AC&#39; BILTMORE HEIGHTS PB 39-65&#39; E75FT OF W285.68FT OF N1/2 OF&#39; TRACT 9 SAME AS LOTS 5 &amp; W1/2&#39; LOT 6&#39; LOT SIZE 75.000 X 100&#39; OR 19091-3248 04 2000 1&#39;	3/2/2020 12:00:00 AM	1/1/0001 12:00:00 AM	Patricia Veargis	Daniel Solares		ARMANDO O SOTOLONGO &amp;W MIRIAM J	6100 SW 49TH ST , MIAMI FL 33155-6205	FBC		AS PER CASE #20180188896-B --- REAR TERRACE ENCLOSURE, NEW EXTERIOR DOOR INSTALLATION ON WEST SIDE, ALUMINUM ROOF ON WEST SIDE, SHED INSTALLATION ON SOUTH SIDE AND CHICKEE HUT AT REAR EAST SIDE.	ARMANDO O SOTOLONGO &amp;W MIRIAM J	2/8/2023 12:00:00 AM	NONE	7		OPEN/CALL - no permit or application ever filed on 6-structure Panel Order, zero ArcGIS permits; county requested new field status check 9/9/2026 pending result
20200203873	Unsafe Structures	9855 SW 58 ST	30-4029-003-0040	29 54 40 1.05 AC&#39; MILLER DRIVE ESTS-1ST ADD&#39; S1/2 OF E1/2 TR 4 PB 48-16&#39; LOT SIZE IRREGULAR&#39; OR 17878-0297 1197 1&#39; COC 25229-1196 03 2004 5&#39;	4/27/2020 12:00:00 AM	1/1/0001 12:00:00 AM		John Diez		ROLANDO GARCIA &amp;W JACQUELINE	9855 SW 58TH ST , MIAMI FL 33173-1414	FBC		MULTIPLE DETACHED STRUCTURES BUILT WITHOUT PERMITS THROUGHOUT PROPERTY. REFERRED FROM CASE 20180191868-B.		12/11/2024 12:00:00 AM	NONE	10		OPEN/CALL - 11 unpermitted structures, zero permits/applications filed ever, Notice to Vacate posted 12/12/2024, no activity since
20210205933	Unsafe Structures	491 IVES DAIRY RD BLDG E	30-1231-021-0001	SUMMERTREE VILG AT CALIF CLUB CONDO PHASE I THRU VII SUMMERTREE AT THE CALIF CLUB TR A PB 115-89 F/A/U 30 1231 011 0010 /0011	10/27/2020 12:00:00 AM	1/1/0001 12:00:00 AM		Daniel Solares		SUMMERTREE VILLAGE AT THE CALIFORNIA CLUB CONDOMINIUM ASSOCIATION,INC.	551 IVES DAIRY RD , MIAMI FL 33179	FBC		BUILDING HAS STRUCTURAL DAMAGE DUE TO SPALLED CONCRETE ON BALCONY SLABS...	SUMMERTREE VILLAGE AT THE CALIFORNIA CLUB CONDOMINIUM ASSOCIATION,INC.	6/30/2025 12:00:00 AM	NONE	1		EXPIRED/STALLED - Master Permit 2021079964 (Bldg E concrete restoration) expired 6/8/2022 unfinaled, screen enclosure sub-permit never approved, now in CCA lien-payment negotiation only
F2019006462	Unsafe Structures	470 W PARK DR 470	30-4005-026-0001	WEST LAKE VILLAGE II CONDO DESC&#39; FONTAINEBLEAU PARK WEST SEC II&#39; PB 109-98&#39; ALL OF TR R AS DESC IN&#39; OR 10436-1256&#39;	7/22/2020 11:04:17 AM	1/1/0001 12:00:00 AM		Jose Broche		WEST LAKE VILLAGE II CONDOMINIUM ASSOCIATION, INC.	2520 NW 97 AVE #220, DORAL FL 33172	FBC	7/22/2020 40-YR PHYSICAL FILES RECEIVED FROM FINANCE SECTION (SC) Converted to US Case from 40/50-Yr Recertification System		MANAGEMENT OFFICE	5/28/2022 12:00:00 AM	NONE	10		HANDLED/SKIP - active 21-permit reroof/repair program complex-wide (sibling of F2019006456/57), all approved, US cost balances paid and ENFC holds cleared as of 9/16/2026
20200202629	Unsafe Structures	1800 NW 107 ST	30-2134-010-0300	LITTLE RIVER TRACTS PB 44-38&#39; LOT 6 BLK 2&#39; LOT SIZE 100.000 X 456&#39; OR 17791-0377 0997 5&#39; COC 24718-4068-24835-3420706 5&#39;	1/28/2020 12:00:00 AM	1/1/0001 12:00:00 AM		Daniel Solares		CORNELIOUS DRANE	3311 NW 196TH LN , MIAMI GARDENS FL 33056	FBC		AS PER CASE # 20190194713-B --- Electrical, Plumbing, Mechanical and Sub division of a structure to include all trades.	CORNELIOUS DRANE	4/30/2025 12:00:00 AM	NONE	2		EXPIRED/STALLED - 2025 remodel application C2025097979 stuck in plan review 14+ months, internal compliance agreement found non-compliant 4/30/2025, structural crack on Struc-A never permitted
20200202794	Unsafe Structures	15260 SW 156 AVE	30-5928-005-1230	WEITZER SHAUNA MEADOWS SEC 3&#39; PB 123-53&#39; LOT 10 BLK 12&#39; LOT SIZE 35000 SQ FT&#39; OR 21063-2764 0203 4&#39; COC 25750-3660 06 2007 5&#39;	2/2/2020 12:00:00 AM	1/1/0001 12:00:00 AM	Patricia Veargis	Jose Broche		ANDRES AUGUSTO MAPAL RAMIREZ	15260 SW 156TH AVE , MIAMI FL 33187	FBC		AS PER CASE # A2011001424-X ---EXPIRED PERMIT # 2010002809 FOR HOUSE STUDIO/ADDITION	ANDRES AUGUSTO MAPAL RAMIREZ	7/27/2026 12:00:00 AM	279L-COMPLETION INSPECTION PERMIT NOT FINALED - INTERNAL AGREEMENT NON-COMPLIANCE	9		EXPIRED/STALLED - Internal Agreement deadline 7/19/2026 passed, completion inspection 7/27/2026 found zero permits obtained on 9 of 13 cited structures, non-compliance notice sent
20200202345	Unsafe Structures	2431 NW 43 ST	30-3122-031-0090	SMITH TERRACE SEC 2 PB 15-41&#39; LOT 9 BLK 3&#39; LOT SIZE 44.000 X 110&#39; COC 24672-1209 06 2006 1&#39;	1/13/2020 12:00:00 AM	1/1/0001 12:00:00 AM	Patricia Veargis	Daniel Solares		SARAI GONZALEZ	2431 NW 43RD ST , MIAMI FL 33142	FBC		GARAGE CONVERSION WITH BATH ROOM. WATER HEATER INSTALLED AT EXTERIOR OF BLDG. MISSING AIR HANDLER AND CONDENSING UNITS. PER C.U. REPORT U2014009069 RECORDED CLERK OF COURTS BOOK 29149 PAGE 1463 AS NOTED UNDER CASE # 20140167071-B.	SARAI GONZALEZ	7/27/2026 12:00:00 AM	279L-COMPLETION INSPECTION PERMIT NOT FINALED - INTERNAL AGREEMENT NON-COMPLIANCE	3		EXPIRED/STALLED - two legalization attempts (C2021018886, C2025084227) denied/not released over 5 years, Internal Agreement deadline 9/16/2025 missed, owner's permit helper disappeared per 7/28/2026 call
20200203849	Unsafe Structures	13101 SW 116 ST	30-5911-012-0210	LINDGREN WEST PB 106-58&#39; LOT 21 BLK 1&#39; LOT SIZE 14080 SQ FT&#39; OR 25233-1658 122006 5&#39; COC 25233-1658 12 2006 4&#39;	4/23/2020 12:00:00 AM	1/1/0001 12:00:00 AM		Daniel Solares		TULIO GOMEZ &amp;W MONICA	13101 SW 116TH ST , MIAMI FL 33186-4656	FBC		REAR TERRACE ENCLOSED WITHOUT A PERMIT. TERRACE COMMENCED UNDER BLDG02 PERMIT 1994089050 (EXPIRED) AND LATER ENCLOSED. REFERRED FROM CASE 20180190783-B.		12/27/2023 12:00:00 AM	NONE	7		OPEN/CALL - Non-Compliance with Panel Order since 6/14/2023, process C2023115487 not approved, impact-windows application C2026007103 frozen on EFUS hold pending Internal Agreement never signed, silent since 10/16/2025
20200202785	Unsafe Structures	7730 SW 99 AVE	30-4032-006-2390	32 54 40 PB 70-24&#39; HEFTLER HOMES SUNSET PK SEC 1&#39; LOT 15 BLK 13&#39; LOT SIZE 93.030 X 100&#39; OR 17387-4707 0996 4&#39;	1/31/2020 12:00:00 AM	1/1/0001 12:00:00 AM		Daniel Solares		OLGA DE LA VEGA	7730 SW 99TH AVE , MIAMI FL 33173-3147	FBC		AS PER CASE # 20170182898-B --- EXTERIOR DOOR AND REAR ADDITION TO INCLUDE ALL TRADES.	OLGA DE LA VEGA	11/20/2024 12:00:00 AM	NONE	10		OPEN/CALL - no permit or process activity of any kind filed on folio 30-4032-006-2390 after the 1/31/2020 citation; prior folio history (200109591/200109592 Expired Permits, 1992 permits 1992073044/1992073300; 20120154365, 20170182898 code violations; A1998002952, A2001003754 Expired Permits, 1995081105) all predates the citation. US case confirmed still open (Date Closed blank) via RegulationSupportWebViewer case lookup, checked 2026-10-05.
20210205763	Unsafe Structures	2050 NW 54 ST	30-3122-052-5600	14-15-22-23 53 41&#39; LOTS 11 &amp; 12 LESS N25FT BLK 31&#39; LOT SIZE 10366 SQ FT&#39; LOT SIZE 12000 SQUARE FEET&#39; OR 25850-1819/21 08 2007 6&#39;	10/15/2020 12:00:00 AM	1/1/0001 12:00:00 AM		Daniel Solares		LIATH INC	2050 NW 54TH ST , MIAMI FL 33142-3072	FBC		Attached addition built without required permit. Known as structure B on case F2016001985-U.		12/2/2024 12:00:00 AM	NONE	3		OPEN/CALL - only post-citation activity on folio 30-3122-052-5600 is B2026000266 (40/50-yr Recertification Cases, opened 5/8/2026, no permit attached, still open) - a different program track that does not legalize the unpermitted 'Structure B' addition this case cites (also tied to still-open companion case F2016001985-U). No corrective permit found. US case confirmed still open.
20200203847	Unsafe Structures	3120 NW 97 ST	30-3104-003-1260	4 53 41 PB 10-17&#39; AMD PLAT OF THE TROPICS&#39; LOT 3 BLK 23&#39; LOT SIZE 50.000 X 140&#39; COC 22767-3615 10 2004 6&#39;	4/23/2020 12:00:00 AM	1/1/0001 12:00:00 AM		Daniel Solares		ILIANA PEREZ	3120 NW 97TH ST , MIAMI FL 33147	FBC		ADDITIONAT SOUTH SIDE BUILT WITHOUT PERMIT. FENCE WITHOUT PERMIT. REFERRED FROM CASE 20180190373-B.		12/10/2024 12:00:00 AM	NONE	2		EXPIRED/STALLED - permit 2022041450 pulled on folio 30-3104-003-1260 after the 4/23/2020 citation but expired; chased by Expired-Permits case A2023003712 (opened 8/11/2023, closed 12/24/2023), then 20240225832 (opened 11/22/2023, still open), which states verbatim 'No proof of service on previous case A2023003712-X. Permit #2022041450 remains expired.' Underlying US case 20200203847 still open.
20200202421	Unsafe Structures	12741 SW 68 TER	30-4926-006-0880	WOODGATE PB 108-56&#39; LOT 6 BLK 20 &amp;&#39; PROP&#39; INT IN &amp; TO COMMON ELEMENTS&#39; LOT SIZE 2728 SQ FT&#39; OR 10568-3316 1179 1&#39; COC 23803-1717 09 2005 1&#39;	1/15/2020 12:00:00 AM	1/1/0001 12:00:00 AM		Daniel Solares		MARIA T SANCHEZ MUIZ	12741 SW 68TH TER , MIAMI FL 33183-2447	FBC		Attached addition at rear and aluminum terrace. at side exposed electrical wires coming from the main house to the storage and metal shed without permit as noted under Case # 20150173660-B.	MARIA T SANCHEZ MUIZ	11/1/2022 12:00:00 AM	NONE	10		OPEN/CALL - no permit or process activity on folio 30-4926-006-0880 after the 1/15/2020 citation; only prior history is 20150173660, which predates it. ArcGIS parcel layer confirms CONDO_FLAG=N, PARENT_FOLIO=null - standalone SFR parcel; the 'common elements' legal-description language is a platted-subdivision easement, not condo unit ownership. Not a non-SFR false positive.
20200202707	Unsafe Structures	7221 NW 2 TER	30-4002-009-0800	WINONA PARK 1ST ADDN PB 17-49&#39; LOT 19 BLK 18&#39; LOT SIZE 52.370 X 125&#39; OR 10535-0852 0979 1&#39; COC 21498-1578 07 2003 1&#39;	1/29/2020 12:00:00 AM	1/1/0001 12:00:00 AM		Daniel Solares		MIRIAM CACERES	7221 NW 2ND TER , MIAMI FL 33126-4207	FBC		AS PER CASE # 20160179986-B --- WORK WITHOUT THE REQUIRED PERMITS ON ALTERATIONS TO 2 DETACHED BUILDINGS CONVERTED INTO LIVING SPACE AND DURA FENCE INSTALLED WITHOUT PERMIT.	MIRIAM CACERES	11/14/2022 12:00:00 AM	NONE	6		OPEN/CALL - no activity on folio 30-4002-009-0800 after the 1/29/2020 citation; prior history 20160179986 and A2016000747 (Expired Permits, 2016) both predate it.
20200203084	Unsafe Structures	16005 SW 107 CT	30-5030-002-0010	30 55 40 PB 76-64&#39; FAIRWAY LAKE SOUTH SEC 1&#39; LOT 1 BLK 1&#39; LOT SIZE 101.000 X 109&#39; OR 19065-3781 042000 1&#39; COC 22144-1411 03 2004 1&#39; OR 22141-1891 032004 4&#39;	2/13/2020 12:00:00 AM	1/1/0001 12:00:00 AM		Jose Broche		LUIS ALFREDO GIRON	16005 SW 107TH CT , MIAMI FL 33157	FBC		AS PER CASE # 20170184482-B ---- INTERIOR ALTERATIONS TO INCLUDE ALL TRADES ,ENCLOSED CARPORT, ATTACHED ENCLOSED STRUCTURE	JORGE L FERNANDEZ &amp;	8/12/2026 12:00:00 AM	NONE	9		OPEN/CALL - post-citation activity on folio 30-5030-002-0010 is three NEW code violations (20240230892, 20250238767, 20270250953), none carrying a permit number; A2020000899 (Expired Permits, permit 2019033840) predates the 2/13/2020 citation. Violations accumulating 2024-2027 with zero permit response - worsening lead, not improving.
20200202348	Unsafe Structures	12481 SW 191 ST	30-6901-001-2020	1 56 39&#39; SO MIAMI HGTS ADD E PB 23-74&#39; LOTS 25-26-27 BLK 14&#39; LOT SIZE 78.310 X 103&#39; OR 21082-0087 022003 1&#39; COC 25616-3077 05 2007 1&#39;	1/13/2020 12:00:00 AM	1/1/0001 12:00:00 AM	Patricia Veargis	Daniel Solares		DEISY POZO &amp;H RENE CASANOVA	12481 SW 191ST ST , MIAMI FL 33177-3837	FBC		ATTACHED REAR METAL TERRACE ROOF, ATTACHED LEFT REAR LIVING SPACE ADDITION AND ATTACHED REAR LIVING SPACE ADDITION TO INCLUDE ALL TRADES AS NOTED UNDER CASE # 20140167604-B.	DEISY POZO &amp;H RENE CASANOVA	8/19/2026 12:00:00 AM	NONE	9		EXPIRED/STALLED - permit 2021011124 pulled on folio 30-6901-001-2020 after the 1/13/2020 citation but expired; chased by A2022002072 (opened 3/11/2022, closed 4/17/2026), then 20260245561 (opened 1/22/2026, closed 9/4/2026), verbatim 'No proof of service on previous case A2022002072-X. Permit 2021011124 remains expired.' Both enforcement matters now closed but underlying US case 20200202348 itself remains open - legalization unfinished. Closest to resolution in this batch; worth a follow-up call.
F2019005641	Unsafe Structures	9700 NW 7 AVE	30-3102-013-0720	PINEWOOD PARK&#39; PB 6-42&#39; LOT 10 &amp; S1/2 OF LOT 11 BLK 11 &amp;&#39; 5FT OF ALLEY LYG W &amp; ADJ CLOSED&#39; PER R-338-88 LESS E30FT FOR R/W&#39; LOT SIZE 65.000 X 115&#39; COC 24550-2133/24550-2134 04/06 2&#39;	1/6/2020 8:10:05 AM	1/1/0001 12:00:00 AM		Daniel Solares		MAS MIAMI CAPITAL GROUP LLC	10001 NW 7TH AVE , MIAMI FL 33150	FBC	1/7/20: 40-YR PHYSICAL FILES RECEIVED FROM FINANCE SECTION Converted to US Case from 40/50-Yr Recertification System		GBS INVESTMENTS GROUP LLC	8/28/2026 12:00:00 AM	NONE	2		EXPIRED/STALLED - this is a 40/50-yr recertification case (physical files received from Finance 1/7/2020), not a standard addition-without-permit case. Permit 2021034991 tied to Expired-Permits case A2022002289 (opened 4/11/2022, still open, Date Closed blank). Separate code case 20240228061 on the same folio closed 1/22/2026 but carried no permit. Folio also carries a second, older US case (F1999101533, prior owner) with no closure shown, confirming long structural history. Sales angle differs from other leads: recertification compliance, not addition legalization.
20200202638	Unsafe Structures	11821 SW 180 ST	30-5936-003-0293	SOUTH MIAMI HGTS ADD C PB 23-17&#39; LOTS 40-41 &amp; 42 BLK 7&#39; LOT SIZE 75.000 X 105&#39; OR 20080-4342 102001 4&#39;	1/28/2020 12:00:00 AM	1/1/0001 12:00:00 AM	Patricia Veargis	Daniel Solares		ROSA ORAMAS	11821 SW 180TH ST , MIAMI FL 33177-2412	FBC		AS PER CASE # --- EXPIRED PERMIT # 2006036086 ( BLDG 0002 BEDROOM, FAMILY ROOM AND TERRACE )	GUILLERMO OLIVA	8/31/2026 12:00:00 AM	NONE	9		OPEN/CALL - the 'expired permit #2006036086' named in the case comments is the ORIGINAL 2006-era permit that expired years before the 1/28/2020 citation, not a post-citation corrective attempt. Other folio history (2005031825, A2008003550, A2010001436) all predates the citation. Nothing filed after it.
20200203848	Unsafe Structures	11592 SW 125 CT	30-5912-012-0400	DEVON-AIRE VILLAS SEC 6 PB 109-91&#39; LOT 1 BLK 52 &amp;&#39; PROP&#39; INT IN &amp; TO COMMON ELEMENTS&#39; LOT SIZE 2714 SQ FT&#39; OR 17696-0635 0697 1&#39;	4/23/2020 12:00:00 AM	1/1/0001 12:00:00 AM		John Diez		LEONEL J TORRES	11592 SW 125TH CT , MIAMI FL 33186	FBC		ATTACHED REAR ROOF STRUCTURE BUILT WITHOUT PERMIT. DETACHED STRUCTURE AND PATIO AREA BUILT IN ADJACENT FPL UTILITY EASEMENT WITHOUT PERMIT. REFERRED FROM CASE 20180190684-B.		9/8/2026 12:00:00 AM	NONE	7		OPEN/CALL - no permit or process activity on folio 30-5912-012-0400 after the 4/23/2020 citation; prior history 20110147043 (2011) and 20180190684 (2018, the referral source named in comments) both predate it. ArcGIS parcel layer confirms CONDO_FLAG=N, PARENT_FOLIO=null - standalone SFR parcel despite 'common elements' legal-description language. Not a non-SFR false positive.
20200203054	Unsafe Structures	18525 SW 117 AVE	30-6006-002-0210	S MIAMI HEIGHTS ADD H&#39; PB 23-73&#39; LOTS 26 THRU 29 BLK 2&#39; LOT SIZE 100.000 X 101&#39; OR 15129-936 0791 1&#39;	2/13/2020 12:00:00 AM	1/1/0001 12:00:00 AM	Patricia Veargis	Jose Broche		MARCO HERRERA	18525 SW 117TH AVE , MIAMI FL 33177	FBC		AS PER CASE # 20170184273-B --- ATTACHED OPEN ROOF STRUCTURE IN FRONT AND REAR OF PROPERTY, ENCLOSED STRUCTURE AT NORTH SIDE,ENCLOSED STRUCTURE AT NORTH WEST SIDE TO INCLUDE ALL TRADES.	MARCO HERRERA	9/25/2026 12:00:00 AM	NONE	9		OPEN/CALL - no corrective permit filed against this case; related permit 2023025386 (folio) resolved an unrelated CVN-correction matter only, not this violation; new code case 20260250302 opened 09/02/2026, still open - active current enforcement
20200202948	Unsafe Structures	14025 JACKSON ST	30-5019-001-7580	RICHMOND HEIGHTS PB 50-19&#39; LOT 21 BLK 55&#39; LOT SIZE 70.550 X 100&#39; OR 17596-1722 17841-1160 1196 4&#39; COC 25475-3294 03 2007 1&#39;	2/9/2020 12:00:00 AM	1/1/0001 12:00:00 AM	Patricia Veargis	Jose Broche		SOSA AND GLEZ PROPERTY	12300 SW 117TH CT , MIAMI FL 33186	FBC		AS PER CASE # 20170183069-B --- Work without permits additions added to a three bedroom house. Additions are 4 bathrooms, and a wall to the exterior of the house to separate rooms and turn them into efficiencies.	WILFREDO BANOS &amp;W YAKELIN MAGRINA	10/1/2026 12:00:00 AM	NONE	9		OPEN/CALL - no corrective permit filed; county reopened enforcement on same violation 20240227638 (opened 02/08/2024), also still open and unresolved
20200202169	Unsafe Structures	5532 NW 72 AVE	30-3023-039-0560	MIAMI AIR-WEST TRADE CENTER CONDO&#39; UNIT 5532&#39; UNDIV 1/72&#39; INT IN COMMON ELEMENTS&#39; OFF REC 16995-0094&#39; OR 17085-3596 0196 1&#39; COC 22233-0335 04 2004 4&#39;	1/2/2020 12:00:00 AM	1/1/0001 12:00:00 AM	Patricia Veargis	John Diez		NAEEM UDDIN &amp;W	5532 NW 72ND AVE , MIAMI FL 33166-4252	FBC		As per case # 20120151199-B, interior alterations constructed without permit to include first and second floor with electrical and mechanical.		5/21/2026 12:00:00 AM	NONE	6		OPEN/CALL - condo unit (PA ArcGIS confirmed CONDO_FLAG=Y, parent folio 3030230390001); no corrective permit filed; owner NAEEM UDDIN &W - pitch to unit owner, not association
20200202678	Unsafe Structures	15505 HAYES LN	30-7904-004-0400	LEISURE CITY SEC 1 PB 50-88 LOT 17 BLK 3 LOT SIZE 13305 SQ FT OR 18707-2323 0599 1	1/29/2020 12:00:00 AM	1/1/0001 12:00:00 AM		Jose Broche		MARCO ROBERTO LEMUS MENDOZA	15505 HAYES LN , HOMESTEAD FL 33033	FBC		AS PER CASE # 20160178555-B --- AS PER C/U REPORT PROVIDED; ADDITIONS-TIMBER SHED IN SET BACK, ALUMINUM COVERED PATIO, EXTERIOR WASHER-DRYER-WATERHEATER CONNECTIONS. FAILURE TO MAINTAIN IN A SAFE CONDITION; ROOFING, PLUMBING, AND ELECTRICAL.	MARCO ROBERTO LEMUS MENDOZA	12/16/2022 12:00:00 AM	NONE	8		OPEN/CALL - no corrective permit filed; clean single-family case, no reopen since 2020
20200203761	Unsafe Structures	12721 SW 47 ST	30-4923-001-0840	ROYALE GREEN SECTION 1 PB 87-84&#39; LOT 11 BLK 3&#39; LOT SIZE 77.500 X 100&#39; OR 12144-256 1182 5&#39;	4/2/2020 12:00:00 AM	1/1/0001 12:00:00 AM		Daniel Solares		LINDA LINEN INC	12721 SW 47TH ST , MIAMI FL 33175	FBC		DETACHED STRUCTURES AND INTERIOR RENOVATIONS WITHOUT PERMITS. REFERRED FROM CASE 20180189672-B.		3/22/2023 12:00:00 AM	NONE	10		OPEN/CALL - no corrective permit filed; commercial owner LINDA LINEN INC; no case activity since 2020 referral
20200203102	Unsafe Structures	7430 NW 2 TER	30-4002-009-3040	WINONA PARK 1ST ADDN PB 17-49&#39; E1/2 OF LOT 7 &amp; ALL LOT 8 BLK 33&#39; LOT SIZE 75.000 X 125&#39; OR 20349-2535 04/2002 1&#39;	2/15/2020 12:00:00 AM	1/1/0001 12:00:00 AM	Patricia Veargis	Daniel Solares		JULIAN BERRIOS	7430 NW 2ND TER , MIAMI FL 33126-4102	FBC		AS PER CASE # 20170184537-B --- addition at SE corner with new roof, kitchen added at legal NW addition, vertical extension of front knee wall, exterior door and light fixture added to the West side of the legal NW addition, exterior plumbing and electrical work and the connectivity between the legal NW addition and the main residence is blocked.	JULIAN BERRIOS	1/27/2023 12:00:00 AM	NONE	6		OPEN/CALL - no corrective permit filed; violation notes addition 'connectivity...is blocked' - likely illegal accessory unit/ADU
20200203924	Unsafe Structures	895 NW 116 TER	30-2135-013-0630	GRATIGNY PARK PB 22-66&#39; LOT 24 BLK 3&#39; LOT SIZE 53.73 X 105&#39; OR 18984-3799 02 2000 1&#39; COC 21916-2873 12 2003 1&#39;	5/4/2020 12:00:00 AM	1/1/0001 12:00:00 AM	Patricia Veargis	Jose Broche		EMPIRE LEGACY MANAGEMENT CORP	666 NE 125TH ST 233 , NORTH MIAMI FL 33161	FBC		ADDITIONS TO MAIN HOUSE. EXISTING DETACHED GARAGE CONVERTED TO LIVING SPACE WITH ADDITION. REFERRED FROM CASE 20180189890-B.	EMPIRE LEGACY MANAGEMENT CORP	12/17/2024 12:00:00 AM	NONE	2		OPEN/CALL - no corrective permit filed; garage-to-living-space conversion; corporate owner EMPIRE LEGACY MANAGEMENT CORP (Sunbiz skip-trace)
20210205936	Unsafe Structures	601 IVES DAIRY RD BLDG H	30-1231-021-0001	SUMMERTREE VILG AT CALIF CLUB CONDO PHASE I THRU VII SUMMERTREE AT THE CALIF CLUB TR A PB 115-89 F/A/U 30 1231 011 0010 /0011	10/27/2020 12:00:00 AM	1/1/0001 12:00:00 AM		Daniel Solares		SUMMERTREE VILLAGE AT THE CALIFORNIA CLUB CONDOMINIUM ASSOCIATION,INC.	551 IVES DAIRY RD , MIAMI FL 33179	FBC		BUILDING HAS STRUCTURAL DAMAGE DUE TO SPALLED CONCRETE ON BALCONY SLABS AND BEAMS...	SUMMERTREE VILLAGE AT THE CALIFORNIA CLUB CONDOMIN	6/30/2025 12:00:00 AM	NONE	1		OPEN/CALL - HOA/condo association lead, not individual owner; PA ArcGIS confirmed folio 3012310210001 is parent of 7+ buildings, all with open spalled-concrete structural cases since 10/2020, no permits filed on any building checked (combined lead w/ 20210205942); contact condo board
20210205942	Unsafe Structures	461 IVES DAIRY RD BLDG B	30-1231-021-0001	SUMMERTREE VILG AT CALIF CLUB CONDO PHASE I THRU VII SUMMERTREE AT THE CALIF CLUB TR A PB 115-89 F/A/U 30 1231 011 0010 /0011	10/28/2020 12:00:00 AM	1/1/0001 12:00:00 AM		Daniel Solares		SUMMERTREE VILLAGE AT THE CALIFORNIA CLUB CONDOMINIUM ASSOCIATION,INC.	511 IVES DAIRY RD , MIAMI FL 33179	FBC		BUILDING HAS STRUCTURAL DAMAGE DUE TO SPALLED CONCRETE ON BALCONY SLABS AND BEAMS...IN ADDITION, SIGNS OF CONCRETE REPAIR WITHOUT A PERMIT...	SUMMERTREE VILLAGE AT THE CALIFORNIA CLUB CONDOMINIUM ASSOCIATION,INC.	6/30/2025 12:00:00 AM	NONE	1		OPEN/CALL - HOA/condo association lead, combined with 20210205936 (same association/folio 3012310210001); additional signs of unpermitted concrete repair noted; contact condo board
20200202312	Unsafe Structures	3619 NW 102 ST	30-3104-005-0330	THE TROPICS ADD PB 5-91&#39; LOT 3 LESS N15FT FOR R/W BLK 7&#39; LOT SIZE 50.000 X 100&#39; OR 20953-1806 1202 5&#39;	1/10/2020 12:00:00 AM	1/1/0001 12:00:00 AM	Patricia Veargis	Daniel Solares		LAZARO SANCHEZ &amp;W MARIA R	3619 NW 102ND ST , MIAMI FL 33147-1537	FBC		REAR ATTACHED ADDITION, STORAGE SHED AND GAZEBO BUILT WITHOUT PERMITS AS PER CASE # 20120155490-B.	LAZARO SANCHEZ &amp;W MARIA R	11/26/2025 12:00:00 AM	NONE	2		OPEN/CALL - no corrective permit filed against this case; unrelated expired-permit matter 2025027124 open on same folio as of 03/23/2026 - do not conflate when pitching
F2019006395	Unsafe Structures	940-942 NE 199 ST 1	30-2206-029-0001	LAKE PARK CONDO NO 1 BLDGS&#39; 6 52 42 10.21 AC M/L&#39; 1 &amp; 2 BEG 155FTW &amp;&#39; 40.04FTS OF NE COR SEC 6 TH&#39; S697.25FT S 45 DEG W22FT M/L TO&#39; WATERS EDGE TH MEANDER WLY &amp; NWLY&#39; ALG SHORE/L 745FT M/L TH NLY351FT&#39; M/L ELY141FT TH BY CURVE TO&#39; LEFT AD 31.42FT NLY140FT WLY76FT&#39; NLY100FT ELY586.83FT TO POB&#39;	2/10/2020 8:29:03 AM	1/1/0001 12:00:00 AM	Patricia Veargis	Daniel Solares		LAKE PARK CONDOMINIUM I, INC.	900 NE 199 ST OFFICE, NORTH MIAMI BEACH FL 33179	FBC	2/20/20: 40-YR PHYSICAL FILES RECEIVED FROM FINANCE SECTION Converted to US Case from 40/50-Yr Recertification System		LAKE PARK CONDOMINIUM I, INC.	12/13/2019 12:00:00 AM	NONE	1		OPEN/CALL - condo/HOA association case (Lake Park Condominium I, Inc), 40-yr recert never submitted, no expired permits found; recent activity 08/20/2026 shows a unit owner inquiring about partial lien release - pitch to HOA board/management, individual owners secondary
20200202892	Unsafe Structures	10450 SW 146 ST	30-5020-019-0020	9TH ADDN TO RICHMOND HGTS ESTS&#39; PB 94-38&#39; LOT 11 BLK 35&#39; LOT SIZE 75.000 X 100&#39; OR 17207-2534 0496 1&#39;	2/5/2020 12:00:00 AM	1/1/0001 12:00:00 AM		Daniel Solares		MARIE YOLENE DESVARENNES	10450 SW 146TH ST , MIAMI FL 33176-7053	FBC		AS PER CASE # A2006005739-X ----EXPIRED PERMIT #2000109265 FOR PLAYROOM ADDITION	MARIE YOLENE DESVARENNES	12/22/2022 12:00:00 AM	NONE	9		OPEN/CALL - no corrective permit filed; case lineage references an older expired permit (A2006005739-X) on a prior case, not attached to this one; owner told 07/18/2025 to contact Unsafe Structures + Lien Section
20200202600	Unsafe Structures	35301 SW 213 AVE	30-7828-000-1680	28 57 38 1.11 AC&#39; S158FT OF N509FT OF W1/2 OF E1/2&#39; OF NE1/4 OF SW1/4 LESS W25FT&#39; AKA LOT 11 BLK 3 PALM DR&#39; ESTS UR&#39; OR 17007-3575 1195 4&#39;	1/27/2020 12:00:00 AM	1/1/0001 12:00:00 AM		Daniel Solares		REINA POZO	35301 SW 213TH AVE , HOMESTEAD FL 33034-3930	FBC		AS PER CASE # 20180194131-B ---Apartments and several Structures without permit.	REINA POZO	8/2/2022 12:00:00 AM	NONE	9		EXPIRED/STALLED - demolition permit 2021074108 obtained 08/20/2021, expired 02/16/2022 with zero inspections; scope did not identify structures to remove; county still actively chasing it, newest sibling enforcement case 20240228388 still open
20200202666	Unsafe Structures	2129 NW 44 ST	30-3122-016-0340	GREENACRES PB 18-63&#39; LOT 19 BLK 2&#39; LOT SIZE 50.000 X 111&#39; OR 13667-1293 0588 4&#39;	1/29/2020 12:00:00 AM	1/1/0001 12:00:00 AM		Jose Broche		DAVIDE BROMLEY TRS	12864 BISCAYNE BLVD 350 , MIAMI FL 33181	FBC		AS PER CASE # 20160178323-B --- DETACHED BUILDING (A)CONVERTED INTO 1/1 EFFIECIENCY. FAILURE TO MAINTAIN IN A SAFE CONDITION; PLUMBING.	DAVIDE BROMLEY TRS	8/5/2022 12:00:00 AM	NONE	3		OPEN/CALL - case in non-compliance with Panel Order set 04/13/2022; no permit obtained or applied for
20200202949	Unsafe Structures	3399 NW SOUTH RIVER DR	30-3128-009-0011	STREAMLAND GDNS PB 17-27 &amp; PORT&#39; OF NW1/4 OF NE1/4 OF SW1/4 &amp; POR&#39; OF NE1/4 OF NE1/4 OF SW1/4 DESC&#39; LOTS 1 THRU 3 &amp; NW1/2 LOT 4&#39; BLK 1 PB 17-27 &amp; BEG MOST WLY&#39; COR LOT 1 E TO S/L OF CANAL NWLY&#39; 405FT M/L S 61 DEG W232.92FT&#39; S 49 DEG E246FT TO POB&#39; LOT SIZE 150485 SQ FT&#39; OR 21177-4235 0403 5 (4)&#39; OR 21219-3801-3804 04 2003 (4) 5&#39;	2/9/2020 12:00:00 AM	1/1/0001 12:00:00 AM	Patricia Veargis	Daniel Solares		PORT JONES ACQUISITION LLC	3399 NW S RIVER DR , MIAMI FL 33142	FBC		AS PER CASE # 20170183135-B --- INTERIOR STEEL STAIRCASE, CANVAS AWNINGS FRONT ENTRANCE INSTALLED WITHOUT THE REQUIRED PERMITS. DEAD END CORRIDOR ARRANGEMENT OF EGREES PER FIRE RESCUE.	PORT JONES ACQUISITION LLC	8/29/2022 12:00:00 AM	NONE	6		OPEN/CALL - hottest lead in batch: active legalization permit C2026174473 (BLDG 0001 - INTERIOR LEGALIZE) had its EFUS hold released for review 10/02/2026, days before this pull - owner mid-process right now
20200202896	Unsafe Structures	14440 LINCOLN BLVD	30-5019-001-6330	9 55 40 1.32 AC RICHMOND HEIGHTS PB 50-19 BEG NE COR BLK 42 NW 250FT SW270 FT SE176.1FT NE270.02FT TO POB LOT SIZE 57500 SQUARE FEET	2/5/2020 12:00:00 AM	1/1/0001 12:00:00 AM	Patricia Veargis	Daniel Solares		BETHEL BAPTIST CH OF RICHMOND HTS	14440 LINCOLN BLVD , RICHMOND HGTS FL 33176	FBC		AS PER CASE # T1995009459-T ----EXPIRED PERMIT # 1993158249 FOR A CHURCH.	BETHEL BAPTIST CH OF RICHMOND HTS % MALONE	9/8/2022 12:00:00 AM	NONE	9		EXPIRED/STALLED - 1993 Master Permit 1993158249 left to expire missing required inspections/subsidiary permits; church owner simultaneously in a new 2026 recertification cycle (case B2026000769, also open) - double pitch opportunity
F2019006461	Unsafe Structures	430 W PARK DR 430	30-4005-026-0001	WEST LAKE VILLAGE II CONDO DESC&#39; FONTAINEBLEAU PARK WEST SEC II&#39; PB 109-98&#39; ALL OF TR R AS DESC IN&#39; OR 10436-1256&#39;	7/22/2020 11:01:59 AM	1/1/0001 12:00:00 AM		Jose Broche		WEST LAKE VILLAGE II CONDOMINIUM ASSOCIATION, INC.	2520 NW 97 AVE #220, DORAL FL 33172	FBC	7/22/2020 40-YR PHYSICAL FILES RECEIVED FROM FINANCE SECTION (SC) Converted to US Case from 40/50-Yr Recertification System		MANAGEMENT OFFICE	9/29/2022 12:00:00 AM	NONE	10		OPEN/CALL - weak lead, lower priority: condo/HOA (West Lake Village II) case not formally closed but association attorney reports repairs complete, final engineer inspection scheduled, and has been actively clearing EFUS holds/cost balances since mid-2026 - appears self-resolving
20200202315	Unsafe Structures	21132 NE 5 PL	30-1231-027-0490	NORTHPOINTE AT THE CALIF CLUB&#39; PB 120-97&#39; LOT 1 BLK 10&#39; LOT SIZE 1654 SQ FT&#39; &amp; INT IN COMMON AREA&#39; OR 18525-2273 0399 1&#39;	1/10/2020 12:00:00 AM	1/1/0001 12:00:00 AM	Patricia Veargis	Daniel Solares		LEONARDO A PERALTA	21132 NE 5TH PL , MIAMI FL 33179-1831	FBC	Unpermitted addition on rear of townhouse unit with electrical installation	Unpermitted addition on rear of townhouse unit with electrical installation	LEONARDO A PERALTA	10/26/2022 12:00:00 AM	NONE	1		OPEN/CALL - no corrective permit filed; separate US case on same folio (20210207385) closed 03/18/2021 is an unrelated, already-resolved matter
20200202786	Unsafe Structures	16200 SW 232 ST	30-6920-000-0131	20 56 39 1 AC&#39; N264FT OF E165FT OF NE1/4 OF&#39; NE1/4 OF NW1/4&#39; CF 73R255512&#39;	1/31/2020 12:00:00 AM	1/1/0001 12:00:00 AM		Daniel Solares		JULIO BERRONES JR	16200 SW 232ND ST , MIAMI FL 33031	FBC		AS PER CASE # 20170182945-B --- Remodeling and major repairs to include enclosures without required permits--SEE PICTURE	JULIO BERRONES JR	2/28/2023 12:00:00 AM	NONE	8		EXPIRED/STALLED - historic-designation complication (buildings built 1926, flagged may not be demolished); legalization application C2021085480 started but never completed/permit never issued; separate expired permit 2020030257 still being chased via open sibling case; Historic Preservation Office sign-off needed
20200203081	Unsafe Structures	3162 NW 47 ST	30-3121-017-0150	1ST ADD HOME OWNERS PARADISE&#39; PB 43-59&#39; LOT 2 BLK 12&#39; LOT SIZE 65.000 X 110&#39; OR 9599 1584&#39; COC 24958-4684 08 2006 5&#39;	2/13/2020 12:00:00 AM	1/1/0001 12:00:00 AM	Patricia Veargis	Daniel Solares		NELSON MARTEL SOSA	3162 NW 47TH ST , MIAMI FL 33142	FBC		AS PER CASE # 20170184452-B --- as per cu report garage enclosed, storage building roof and spacing from building, electrical repairs required, missing water heater,	G M STONE WARE INC	9/26/2023 12:00:00 AM	NONE	3		EXPIRED/STALLED - contractor (G M Stone Ware Inc) actively engaged trying to reinstate expired permit 2022041710, blocked by this open Unsafe Structures case; near-ready-to-close lead pending non-compliance agreement paperwork
20210205934	Unsafe Structures	511 IVES DAIRY RD BLDG F	30-1231-021-0001	SUMMERTREE VILG AT CALIF CLUB CONDO PHASE I THRU VII SUMMERTREE AT THE CALIF CLUB TR A PB 115-89 F/A/U 30 1231 011 0010 /0011	10/27/2020 12:00:00 AM	1/1/0001 12:00:00 AM		Daniel Solares		SUMMERTREE VILLAGE AT THE CALIFORNIA CLUB CONDOMINIUM ASSOCIATION,INC.	551 IVES DAIRY RD , MIAMI FL 33179	FBC		BUILDING HAS STRUCTURAL DAMAGE DUE TO SPALLED CONCRETE ON BALCONY SLABS AND BUILDING CORNERS...	SUMMERTREE VILLAGE AT THE CALIFORNIA CLUB CONDOMIN	6/30/2025 12:00:00 AM	NONE	1		OPEN/CALL - HOA/condo association lead, same complex/folio as 20210205936/20210205942 (Summertree Village at the California Club, 30-1231-021-0001); Date Closed and Permit Number confirmed blank by direct live re-query 2026-10-05; same spalled-concrete structural violation - treat as part of the combined complex-wide lead, contact condo board
20200202719	Unsafe Structures	12501 SW 264 ST	30-6926-004-0860	MEADOW WOOD MANOR SEC 1 PB 95-72&#39; LOT 1 BLK 5&#39; LOT SIZE 7787 SQ FT&#39; OR 17721-4147 0797 1&#39; COC 22118-2773 02 2004 4&#39;	1/30/2020 12:00:00 AM	1/1/0001 12:00:00 AM		Julio Rubi		CAPITAL HOLDINGS OF FLORIDA LLC	7000 SW 97TH AVE STE 201 , MIAMI FL 33173	FBC		AS PER CASE # 20160180369-B --- AS PER C/U REPORT PROVIDED; ADDITIONS-A.)BATHROOM ADDED, B.)LIVING AREA ADDED. FAILURE TO MAINTAIN IN A SAFE CONDITION; ELECTRICAL, PLUMBING, MECHANICAL.( OLD CASE # 20150175322 OWNER CHANGED )	CAPITAL HOLDINGS OF FLORIDA LLC	11/12/2025 12:00:00 AM	NONE	8		OPEN/CALL - no corrective permit; expired 1993 permit 1993223477 never reissued, EFUS hold not released, non-compliance internal agreement required per 05/23/2025 activity; fresh NOV certified-mail cycle 11/12/2025
20200202793	Unsafe Structures	14386 SW 164 TER	30-5927-027-0640	LAGUNA PONDS SEC 2&#39; PB 149-75 T-19105&#39; LOT 18 BLK 6&#39; LOT SIZE 5903 SQ FT&#39; FAU 30-5927-000-0161&#39; OR 21074-4129 022003 1&#39;	2/2/2020 12:00:00 AM	1/1/0001 12:00:00 AM	Patricia Veargis	Daniel Solares		BRENDA VIERA	14386 SW 164TH TER , MIAMI FL 33177	FBC		AS PER CASE # A2010004158-X ---EXPIRED PERMIT # 2008045546 FOR BATH, GAZEBO AND GARAGE.	BRENDA VIERA	1/9/2023 12:00:00 AM	NONE	9		OPEN/CALL - time-sensitive: 07/28/2026 activity shows buyer Greta Quintana mid-purchase of property, non-compliance agreement required; active legalization application C2026124976 (garage conversion/gazebo) has EFUS holds not released; companion expired-permit case also in collections
20200202360	Unsafe Structures	3334 NW 51 TER	30-3121-034-1210	SEMINOLE LAWN PB 16-4&#39; LOT 5 BLK 7&#39; LOT SIZE 50.000 X 110&#39; PROBATE DIVISION #94-1122&#39;	1/13/2020 12:00:00 AM	1/1/0001 12:00:00 AM	Patricia Veargis	Daniel Solares		MELVINA DENNISON EST OF	3334 NW 51ST TER , MIAMI FL 33142-3358	FBC		Aluminum carport and 2 sheds in rear of property as noted under Case # 20140168271-B.	MELVINA DENNISON EST OF MELVIN DENNISON ET AL MA	4/16/2026 12:00:00 AM	NONE	2		OPEN/CALL - no permit or application ever filed; structure occupied/energized per 04/16/2026 activity; probate estate ownership (Melvina Dennison Est, Probate Div #94-1122)
20200202463	Unsafe Structures	3237 NW 34 ST	30-3128-013-1100	MELROSE HGTS 4TH SEC PB 17-21&#39; LOT 20 BLK 46&#39; LOT SIZE 50.000 X 135&#39; OR 21169-3784 04 2003 4&#39; COC 24840-2983 08 2006 5&#39;	1/17/2020 12:00:00 AM	1/1/0001 12:00:00 AM		Daniel Solares		NOELIO &amp; JENNIE SOSA	3237 NW 34TH ST , MIAMI FL 33142-5745	FBC		Shed in rear without permit as noted under Case #20160176103-B	NOELIO &amp; JENNIE SOSA	4/16/2026 12:00:00 AM	NONE	2		OPEN/CALL - no permit or application on record per 04/16/2026 activity; flag title complication - active foreclosure/bankruptcy litigation on record (HSBC Bank USA v. Sosa, 25-000613 CA 01) - disclose before outreach
20210205924	Unsafe Structures	451 IVES DAIRY RD BLDG A	30-1231-021-0001	SUMMERTREE VILG AT CALIF CLUB CONDO PHASE I THRU VII SUMMERTREE AT THE CALIF CLUB TR A PB 115-89 F/A/U 30 1231 011 0010 /0011	10/27/2020 12:00:00 AM	1/1/0001 12:00:00 AM	Patricia Veargis	Daniel Solares		SUMMERTREE VILLAGE AT THE CALIFORNIA CLUB CONDOMINIUM ASSOCIATION,INC.	551 IVES DAIRY RD , MIAMI FL 33179	FBC		BUILDING HAS STRUCTURAL DAMAGE DUE TO SPALLED CONCRETE ON BALCONY SLABS...	SUMMERTREE VILLAGE AT THE CALIFORNIA CLUB CONDOMIN	6/30/2025 12:00:00 AM	NONE	1		OPEN/CALL - HOA/condo association lead, same complex/folio as 20210205936/20210205942 (Summertree Village at the California Club, 30-1231-021-0001); Date Closed and Permit Number confirmed blank by direct live re-query 2026-10-05; same spalled-concrete structural violation - treat as part of the combined complex-wide lead, contact condo board
20200202939	Unsafe Structures	2775 NW 60 ST	30-3116-009-7510	HIALEAH HGTS PB 28-24&#39; LOTS 26 THRU 30 BLK 31&#39; LOT SIZE 200.00 X 129.00&#39;	2/8/2020 12:00:00 AM	1/1/0001 12:00:00 AM	Patricia Veargis	Daniel Solares		3000 NW 62 STREET INC	2766 NW 62ND ST , MIAMI FL 33147	FBC		AS PER CASE # 20170181324-B --- SOLID METAL PICKET FENCE AND METAL ROOFS INSTALLED WITHOUT THE REQUIRED PERMITS	3000 NW 62 STREET INC	3/6/2026 12:00:00 AM	NONE	2		OPEN/CALL - active legalization push (EFUS C2026058579 released 06/12/2026) blocked by multiple liens across related code cases; commercial owner (3000 NW 62 Street Inc); complex multi-case lien-clearance lead
20200203370	Unsafe Structures	197 SW 77 AVE	30-4002-008-0025	CORR PL FLAGAMI 2ND ADD&#39; PB 34-15&#39; S75FT OF W100FT OF TR 1&#39; LOT SIZE 75.000 X 100&#39; OR 19463-2018 12/2000 1&#39; COC 25183-3665 11 2006 4&#39;	3/2/2020 12:00:00 AM	1/1/0001 12:00:00 AM	Patricia Veargis	Jose Broche		YORDALYS CRUZ	197 SW 77TH AVE , MIAMI FL 33144-2457	FBC		AS PER CASE #20170185207-B---DETACHED WOOD TERRACE ON SIDE AND REAR, DETACHED STRUCTURE TO INCLUDE ALL TRADES	YORDALYS CRUZ	6/25/2026 12:00:00 AM	NONE	6		OPEN/CALL - permit application C2026035655 (partial demolition) submitted but stuck in trades review, not finaled; owner (Yordalys Cruz) just emerged from a 6-yr title dispute (2019-015345-CA-01) resolved in her favor and is actively paying down liens
20200203038	Unsafe Structures	3050 SW 76 AVE	30-4014-009-4860	14 54 40&#39; CENTRAL MIAMI PART 7 PB 20-25&#39; LOT 39 LESS N40FT ALL LOT 40&#39; &amp; N12.5FT LOT 41 BLK 151&#39; LOT SIZE 72.500 X 100&#39; OR 20296-0604 02/2002 1&#39; COC 25047-1417 10 2006 1&#39;	2/12/2020 12:00:00 AM	1/1/0001 12:00:00 AM		Daniel Solares		SUPERIOR GATES LLC	3050 SW 76TH AVE , MIAMI FL 33155	FBC		AS PER CASE # 20170183754-B --- WORK WITHOUT PERMITS: A) REAR ATTACHED CBS ADDITION IN PROGRESS. B) SOLID PANEL METAL GATES W-ELECTRIC OPENER. C) REAR DETACHED STRUCTURE WITH ELECTRIC. D) REAR DETACHED SHED.		7/8/2026 12:00:00 AM	NONE	6		OPEN/CALL - hottest lead in batch: owner (Omar Sanchez/Superior Gates LLC) actively working the county office as of 09/28/2026 (one week before this pull) trying to clear EFUS/ENFC holds under process C2026167034; citations paid, outstanding fines remain
20200202891	Unsafe Structures	7900 NW 175 ST	30-2010-003-0370	10 52 40 PB 72-67&#39; PALM SPRINGS NORTH SEC C&#39; LOT 14 BLK 13&#39; LOT SIZE 7866 SQ FT&#39; OR 18243-3312 0798 4&#39;	2/5/2020 12:00:00 AM	1/1/0001 12:00:00 AM		Daniel Solares		RAYMOND A PINA	7900 NW 175TH ST , MIAMI FL 33015-3636	FBC		AS PER CASE # A2006002808-X ----EXPIRED PERMIT # 1995019507 FOR HOUSE ADDITIONS.	RAYMOND A PINA	12/21/2022 12:00:00 AM	NONE	13		EXPIRED/STALLED - case itself gone cold since 12/24/2022 (no activity in ~4 yrs) but underlying 1995 addition permit 1995019507 has a 30-yr enforcement history with 2 sibling expired-permit cases still open (A2006002808, 20240228133, both confirmed blank Date Closed) - finish-what-you-started lead, needs reactivation outreach
20200202661	Unsafe Structures	1942 NW 86 ST	30-3110-035-0721	10 53 41&#39; EVERGLADES AVE HTS ADDN PB 19-59&#39; LOT 8 &amp; E10FT OF LOT 7 BLK 6&#39; LOT SIZE 57.000 X 87&#39; OR 11349-1834 1181 1&#39; COC 22156-1849 02 2004 1&#39;	1/29/2020 12:00:00 AM	1/1/0001 12:00:00 AM		Daniel Solares		REINA GUZMAN	1942 NW 86TH ST , MIAMI FL 33147	FBC		AS PER CASE #20160177565-B --- REAR DETACHED STRUCTURE IN SETBACKS. A/C SYSTEM INSTALLATION.	ANTHONY SARRO	8/1/2022 12:00:00 AM	NONE	2		EXPIRED/STALLED - legalization attempt (process C2022039459) disapproved 12/17/2021, master permit for the addition never obtained; owner called 05/21/2025 asking about violations/liens, told to obtain permits - live, motivated contact
20200202361	Unsafe Structures	2745 NW 28 ST	30-3128-011-0800	MELROSE HGTS 3RD SEC PB 13-18&#39; LOT 20 BLK 22&#39; LOT SIZE 50.000 X 135&#39; COC 24556-3945 05 2006 1&#39;	1/13/2020 12:00:00 AM	1/1/0001 12:00:00 AM		Daniel Solares		MARCELO R BARIDON	3828 NW 19TH AVE , MIAMI FL 33142	FBC		ADDITIONAL BATHROOM, KITCHEN, FRONT PORCH, UTILITY ROOM TO INCLUDE ALL TRADES. ALSO, A/C AIRHANDLER AND CONDENSING UNIT INSTALLED WITHOUT PERMITS AS NOTED UNDER CASE # 20140168428-B.	MARCELO R BARIDON	9/1/2022 12:00:00 AM	NONE	2		OPEN/CALL - no permit ever obtained or applied for; case remains in Non-Compliance with Panel Order set 05/12/2022
20200202673	Unsafe Structures	11510 SW 185 TER	30-6006-001-0860	AMVETS CITY PB 46-83&#39; AKA NEW SO MIAMI HGTS SEC F G &amp; H&#39; LOT 2 BLK 12&#39; LOT SIZE 75.000 X 100&#39; OR 18048-1523 0398 1&#39; COC 23201-2658 02 2005 5&#39;	1/29/2020 12:00:00 AM	1/1/0001 12:00:00 AM	Patricia Veargis	Daniel Solares		MARTHA L GARCIA	11510 SW 185TH TER , MIAMI FL 33157-6520	FBC		AS PER CASE 20160178505-B --- SOUTHWEST CORNER OF HOUSE ENCLOSED ONCE IT WAS A PATIO/TERRACE	MARTHA L GARCIA	4/30/2026 12:00:00 AM	NONE	9		EXPIRED/STALLED - legalization permit C2020020493 (rear enclosure) expired 03/09/2025; county physically re-verified property occupied/powered 04/30/2026, one week before this pull; owner met with Unsafe Structures supervisor 03/03/2025
20200203896	Unsafe Structures	3295 NW 98 ST	30-3104-002-0300	RICMAR HGTS PB 53-32&#39; LOT 10 BLK 3&#39; LOT SIZE 66.560 X 142&#39; OR 16699-1998 0295 1&#39;	4/30/2020 12:00:00 AM	1/1/0001 12:00:00 AM		Daniel Solares		YRIS SANLATE	3295 NW 98TH ST , MIAMI FL 33147-2242	FBC		ADDITION BUILT WITHOUT A PERMIT. REFERRED FROM CASE 20190198361-X.		4/14/2026 12:00:00 AM	NONE	2		EXPIRED/STALLED - hottest lead: master legalization permit 2014045125 expired 01/13/2025; owner's rep (Jorge Martinez) met with county 09/28/2026, one week before this pull, re: non-compliance agreement; sibling NP case 20250239698 confirms failure to obtain required inspection
20200203053	Unsafe Structures	6535 SW 39 ST	30-4013-019-2760	13 54 40&#39; CENTRAL MIAMI PART 2 PB 10-66&#39; E16.67FT LOT 18 &amp; W41.66FT&#39; LOT 17 BLK 40&#39; LOT SIZE 58.330 X 105&#39; COC 26261-1371 02 2008 3&#39;	2/13/2020 12:00:00 AM	1/1/0001 12:00:00 AM		Daniel Solares		FERNANDO LAMAR	6535 SW 39TH ST , MIAMI FL 33155	FBC		AS PER CASE # 20170184205-B --- REAR ATTACHED ADDITION, BEDROOM WITH FULL BATHROOM. WOOD TERRACE WITH ELECTRICAL IN REAR OF PROPERTY ALSO ROOF DONE WITH PERMITS	JAVIER C GARCIA VELEZ	4/21/2026 12:00:00 AM	NONE	6		OPEN/CALL - lower urgency: active, EFUS-cleared legalization permit C2024103790 already in motion (legalize B/C + repair A), internal agreement compliance deadline 01/16/2027 - still technically open, valid but less distressed lead
F2019006460	Unsafe Structures	450 W PARK DR 450	30-4005-026-0001	WEST LAKE VILLAGE II CONDO DESC&#39; FONTAINEBLEAU PARK WEST SEC II&#39; PB 109-98&#39; ALL OF TR R AS DESC IN&#39; OR 10436-1256&#39;	7/22/2020 10:59:25 AM	1/1/0001 12:00:00 AM		Jose Broche		WEST LAKE VILLAGE II CONDOMINIUM ASSOCIATION, INC.	2520 NW 97 AVE #220, DORAL FL 33172	FBC	7/22/2020 40-YR PHYSICAL FILES RECEIVED FROM FINANCE SECTION (SC) Converted to US Case from 40/50-Yr Recertification System		MANAGEMENT OFFICE	9/27/2022 12:00:00 AM	NONE	10		OPEN/CALL - weak, low priority, same pattern as sibling F2019006461 (West Lake Village II, same folio/HOA): Date Closed confirmed blank (still open on the record) but HOA attorney reports repairs complete, final inspection scheduled, and has been actively clearing EFUS/ENFC holds through 12/16/2026 - self-resolving, contact condo board only if higher-priority leads are exhausted
20200203044	Unsafe Structures	7285 NW 36 AVE	30-3109-001-0230	CENTRAL INDUSTRIAL SITES SEC 2&#39; LOT 7 &amp; N20FT OF LOT 8 PB 50-92&#39; BLK 2&#39; LOT SIZE 15960 SQUARE FEET&#39; OR 19882-2630 0801 5&#39;	2/12/2020 12:00:00 AM	1/1/0001 12:00:00 AM	Patricia Veargis	Daniel Solares		7285 NW 36 AVENUE LLC	7285 NW 36TH AVE , MIAMI FL 33147	FBC		AS PER CASE # 20170183966-B --- ADDITION TO CONNECT WAREHOUSES AT 7285 AND 7215 NW 36 AVE. WORK INCLUDES OPENINGS IN EXTERIOR WALLS.	7285 NW 36 AVENUE LLC	12/29/2021 12:00:00 AM	NONE	2		OPEN/CALL - dormant since 07/26/2023 (3+ yrs) but never closed, roof-work EFUS hold (C2023141343) never released, in non-compliance with Board Order; same owner LLC now also has a second, newer open Unsafe Structures case F2023013030 (opened 08/01/2024) on the same property - multi-matter commercial lead
F2019006396	Unsafe Structures	950-952 NE 199 ST 2	30-2206-029-0001	LAKE PARK CONDO NO 1 BLDGS&#39; 6 52 42 10.21 AC M/L&#39; 1 &amp; 2 BEG 155FTW &amp;&#39; 40.04FTS OF NE COR SEC 6 TH&#39; S697.25FT S 45 DEG W22FT M/L TO&#39; WATERS EDGE TH MEANDER WLY &amp; NWLY&#39; ALG SHORE/L 745FT M/L TH NLY351FT&#39; M/L ELY141FT TH BY CURVE TO&#39; LEFT AD 31.42FT NLY140FT WLY76FT&#39; NLY100FT ELY586.83FT TO POB&#39;	2/10/2020 8:32:41 AM	1/1/0001 12:00:00 AM	Patricia Veargis	Daniel Solares		LAKE PARK CONDOMINIUM I, INC.	900 NE 199TH ST OFFICE, NORTH MIAMI BEACH FL 33179	FBC	2/20/20: 40-YR PHYSICAL FILES RECEIVED FROM FINANCE SECTION Converted to US Case from 40/50-Yr Recertification System		LAKE PARK CONDOMINIUM I, INC.	12/13/2019 12:00:00 AM	NONE	1		OPEN/CALL - distinct building/case from sibling F2019006395 (Lake Park Condominium I, same folio), independently verified via own activity log: fresh 08/07/2026 calls from two unit owners re: violation status and unpaid enforcement costs, plus a prospective buyer inquiry 01/21/2026; recorded Board Order lien (Bk 33213/Pg 2331), no permit - strong fresh lead
20200202428	Unsafe Structures	3045 NW 66 ST	30-3116-004-0410	16 53 41&#39; FERN PARK PB 39-99&#39; LOT 19 BLK 3&#39; LOT SIZE 50.000 X 109&#39; 73R 288463&#39; OR 18940-3516 1299 4&#39;	1/16/2020 12:00:00 AM	1/1/0001 12:00:00 AM	Patricia Veargis	Daniel Solares		GRATIAM RE LLC	2980 NE 207TH ST 407 , AVENTURA FL 33180	FBC		Shed, attached addition and interior alterations. 8-11(a) violation, to wit: windows in disrepair, electrical and plumbing violations as per certificate of use report as noted under Case # 20150174752-B.	ALTIMUS LLC	9/1/2022 12:00:00 AM	NONE	2		OPEN/CALL - no permit ever obtained or applied for; case remains in Non-Compliance with Panel Order set 05/12/2022; investor ownership (Gratiam RE LLC / Altimus LLC)
F2019005815	Unsafe Structures	5181 NW 27 AVE 14	30-3122-000-0130	22 53 41 4.23 AC&#39; W1/2 OF SW1/4 OF NW1/4 OF NW1/4&#39; LESS S25FT &amp; W50FT TO CO&#39; OR 13130-4183 86 5&#39;	8/14/2020 11:31:47 AM	1/1/0001 12:00:00 AM		Daniel Solares		FIFTIETH ST HEIGHTST LLC	5181 NW 27TH AVE , MIAMI FL 33142	FBC	Converted to US Case from 40/50-Yr Recertification System		FIFTIETH ST HEIGHTST LLC	5/5/2026 12:00:00 AM	NONE	3		OPEN/CALL - time-sensitive: active internal agreement, owner-rep calling as recently as 07/06/2026, but hard compliance deadline 11/01/2026 to obtain permits/complete work/submit revised recert report - flips to EXPIRED/STALLED if the deadline lapses; reach out before 11/01/2026
20200202422	Unsafe Structures	10576 SW 170 TER	30-5032-013-1330	WEST PERRINE ADDITION PB 44-19&#39; LOT 4 LESS S104FT &amp; W75FT &amp; N25FT&#39; LOT 3 LESS S104FT LESS E150FT &amp; N&#39; 25FT BLK 7&#39; LOT SIZE 76.580 X 104&#39; OR 16750-4970 0395 6 (2)&#39;	1/15/2020 12:00:00 AM	1/1/0001 12:00:00 AM	Patricia Veargis	Daniel Solares		LAWRENCE HARRIS	4040 NW 4TH AVE , BOCA RATON FL 33431	FBC		There are 3 detached structures, an addition on the front of the main house and electrical work all done without permit as noted under Case # 20150173855-B.	LAWRENCE HARRIS	11/14/2024 12:00:00 AM	NONE	9		OPEN/CALL - no corrective permit ever obtained; pre-existing permit 2010011783 expired since 12/20/2011 never addressed; property occupied/electrified as of 11/14/2024 field check
20200202572	Unsafe Structures	8550 SW 27 LN	30-4015-017-0880	15 54 40 PB 65-17&#39; CORAL WAY VILLAGE SEC A PART 5&#39; LOT 5 BLK 30&#39; LOT SIZE 80.000 X 100&#39; OR 13931-3486 1288 1&#39; COC 25501-3836 03 2007 1&#39;	1/24/2020 12:00:00 AM	1/1/0001 12:00:00 AM	Patricia Veargis	Daniel Solares		LUIS FERNANDO PLASENCIA ZAPATA	5230 MCINTOSH RD , SARASOTA FL 34233-4044	FBC		AS PER CASE # 20180192343-B --- REAR AND SIDE PORCHES ENCLOSED WITHOUT PERMITS		10/3/2022 12:00:00 AM	NONE	10		OPEN/CALL - no permit for the cited violation; fresh 09/22/2026 activity shows owner trying to pull an unrelated re-roof permit (C2026166810) blocked by the unresolved case - good call angle
F2019006397	Unsafe Structures	920-922 NE 199 ST 3	30-2206-029-0001	LAKE PARK CONDO NO 1 BLDGS&#39; 6 52 42 10.21 AC M/L&#39; 1 &amp; 2 BEG 155FTW &amp;&#39; 40.04FTS OF NE COR SEC 6 TH&#39; S697.25FT S 45 DEG W22FT M/L TO&#39; WATERS EDGE TH MEANDER WLY &amp; NWLY&#39; ALG SHORE/L 745FT M/L TH NLY351FT&#39; M/L ELY141FT TH BY CURVE TO&#39; LEFT AD 31.42FT NLY140FT WLY76FT&#39; NLY100FT ELY586.83FT TO POB&#39;	2/20/2020 8:09:42 AM	1/1/0001 12:00:00 AM		Daniel Solares		LAKE PARK CONDOMINIUM I, INC.	900 NE 199TH ST OFFICE, NORTH MIAMI BEACH FL 33179	FBC	2/20/20: 40-YR PHYSICAL FILES RECEIVED FROM FINANCE SECTION Converted to US Case from 40/50-Yr Recertification System		LAKE PARK CONDOMINIUM I, INC.	7/23/2022 12:00:00 AM	NONE	1		OPEN/CALL - Lake Park Condominium I Bldg #3 (same complex as F2019006395/F2019006396, confirmed independently from own record, not assumed); fresh 2026 unit-owner and prospective-buyer calls, no permit, 2 recorded Board Orders
20200202515	Unsafe Structures	1324 NW 81 TER	30-3111-011-0020	11 53 41&#39; ROSE PK A RESUB PB 12-35&#39; LOT 3&#39; LOT SIZE 50.000 X 85&#39; COC 23230-0197 03 2005 5&#39;	1/21/2020 12:00:00 AM	1/1/0001 12:00:00 AM	Patricia Veargis	Daniel Solares		TUNIS E WILCOX	1324 NW 81ST TER , MIAMI FL 33147	FBC		AS PER CASE # 20160177154-B --- ATTACHED ADDITION AT EAST SIDE OF MAIN HOUSE, ATTACHED ADDITION AT REAR OF PROPERTY, ATTACHED METAL ROOF AT FRONT ENTRANCE, ORNAMENTAL IRON, AND WOOD FENCE WITHOUT THE REQUIRED PERMITS. MISSING HOUSE NUMBER AND ELECTRICAL METER.	TUNIS E WILCOX	5/19/2023 12:00:00 AM	NONE	2		OPEN/CALL - no permit for cited structures B/C; owner (Tunis Wilcox) has 8 open related cases as of 11/24/2025, now attorney-represented; active 2026 correspondence
20200202664	Unsafe Structures	29911 SW 147 AVE	30-7910-001-0170	GEM HOMES NO ONE PB 93 79&#39; LOT 11 BLK 2&#39; LOT SIZE 75.000 X 105&#39; OR 19230-2454 072000 1&#39;	1/29/2020 12:00:00 AM	1/1/0001 12:00:00 AM		Daniel Solares		SANDRA BLANCO	29911 SW 147TH AVE , NARANJA FL 33030	FBC		AS PER CASE #20160177715-B --- ALUMINUM TERRACE ON THE NORTH SIDE, SHED, ADDITION AND TERRACE ON THE REAR OF THE PROPERTY	SANDRA BLANCO	5/4/2026 12:00:00 AM	NONE	8		EXPIRED/STALLED - legalization permit 2017011543 expired 11/18/2017, confirmed still expired by 05/04/2026 field check
20200202890	Unsafe Structures	10825 SW 152 TER	30-5030-008-0320	FAIRWAY ESTS SEC 7 PB 98-67&#39; LOT 82 BLK 23&#39; LOT SIZE 16000 SQ FT&#39; OR 16132-4685 1193 1&#39;	2/5/2020 12:00:00 AM	1/1/0001 12:00:00 AM		Daniel Solares		EARL NOTTAGE &amp;W SONDRA C	10825 SW 152ND TER , MIAMI FL 33157-1356	FBC		AS PER CASE # A2004004282-X ---EXPIRED PERMIT # 1998060047 FOR FAMILY ROOM, UTILITY AND DEN STORAGE.	EARL NOTTAGE &amp;W SONDRA C	11/25/2025 12:00:00 AM	NONE	9		EXPIRED/STALLED - master permit 1998060047 expired since 02/15/2004 (20+ yrs), 2 Panel Orders (case lapsed and re-heard); fresh 02/20/2026 activity shows owner blocked on an unrelated shutter permit by this case
20200202694	Unsafe Structures	15545 SW 302 TER	30-7909-032-0510	PALMLAND HOMES SOUTH NO 7 SEC B&#39; PB 105-22&#39; LOT 9 BLK 30&#39; LOT SIZE 8110 SQ FT&#39; OR 16186-1346 1293 5&#39; COC 22644-2566 09 2004 1&#39;	1/29/2020 12:00:00 AM	1/1/0001 12:00:00 AM	Patricia Veargis	Jose Broche		NOE E RIVAS	15913 SW 295TH ST , HOMESTEAD FL 33033	FBC		AS PER CASE #20160179057-B --- TERRACE IN THE FRONT, REAR, AND WEST SIDE WITH ELECTRICITY, DETACHED STRUCTURE IN THE REAR OF PROPERTY	NOE E RIVAS	4/30/2026 12:00:00 AM	NONE	8		OPEN/CALL - no permit obtained for 10 cited structures; fresh 07/07/2026 contact via owner's representative seeking a new compliance agreement
20200202944	Unsafe Structures	7045 NW 28 AVE	30-3116-014-0350	16 53 41&#39; GLADEVIEW PB 59-73&#39; LOT 1 BLK 2&#39; LOT SIZE 82.000 X 100&#39; OR 17550-0349 0896 1&#39;	2/9/2020 12:00:00 AM	1/1/0001 12:00:00 AM		Daniel Solares		MARIELA V VILABOA	7045 NW 28TH AVE , MIAMI FL 33147	FBC		AS PER CASE # 20170182278-B --- DETACHED STRUCTURE AT REAR OF PROPERTY. ALTERATIONS WITHOUT THE REQUIRED PERMITS. HOUSE DIVIDED INTO SEPERATE LIVING SPACES, ADDITIONAL BATHROOM AND BEDROOMS, A/C UNITS REPLACED, HOT WATER HEATER AT EXTERIOR, WINDOW IN BEDROOM BLOCKED OFF.	YENNY SANTANA	11/20/2024 12:00:00 AM	NONE	2		EXPIRED/STALLED - master permit 2021036926 expired 09/18/2021; an approved renewal (C2023019887, approved 08/15/2023) was never actually pulled by the permit holder; case escalated to a Vacate Letter 11/18/2024, quiet since
20200202454	Unsafe Structures	6300 SW 26 ST	30-4013-006-0950	CORAL VILLAS REV PB 8-27&#39; E75FT LOTS 18 &amp; 19 BLK 7&#39; LOT SIZE 75.000 X 100&#39;	1/16/2020 12:00:00 AM	1/1/0001 12:00:00 AM	Patricia Veargis	Daniel Solares		TERESA I PASTRANA	6300 SW 26TH ST , MIAMI FL 33155-3013	FBC		REAR ATTACHED ADDITION WITH ADDED BATHROOM, NORTHWEST ADDED EFFICIENCY WITH ACCESS DOOR FROM WEST SIDE. WEST SIDE STORAGE STRUCTURE IN DIS REPAIR AND IN SET BACKS. WEST SIDE ADDITION IN SET BACK. WINDOWS IN DIS-REPAIR. INTERIOR ALTERATIONS-ROOMS AS NOTED UNDER CASE #20150175474-B. ALSO, REFER TO CASE 20140169512-B.	TERESA I PASTRANA	12/2/2024 12:00:00 AM	NONE	6		EXPIRED/STALLED - legalization permit 2022083281 expired 08/10/2024 after a failed Internal Agreement completion inspection; fresh 07/06/2026 contact from owner's construction manager re-opening the conversation
20200202530	Unsafe Structures	14965 SW 305 TER	30-7909-025-0110	CASEIL HEIGHTS SEC 2&#39; PB 94-81&#39; LOT 19 BLK 2&#39; LOT SIZE 82.630 X 100&#39; OR 18668-3475 0699 1&#39;	1/22/2020 12:00:00 AM	1/1/0001 12:00:00 AM	Patricia Veargis	Jose Broche		KATIUSKA DECORO &amp;H	14401 SW 256TH ST , HOMESTEAD FL 33032	FBC		CARPORT, FENCE AND ATTACHED STRUCTURES AS NOTED UNDER CASE # 20170183461-B	KATIUSKA DECORO &amp;H	6/26/2025 12:00:00 AM	NONE	8		EXPIRED/STALLED - fence-legalization process C2019110452 expired 01/31/2021, reactivated 06/26/2025, still no permit issued as of 07/08/2025 (latest entry); rear-addition structure already self-demolished by owner
F2019005814	Unsafe Structures	5181 NW 27 AVE 13	30-3122-000-0130	22 53 41 4.23 AC&#39; W1/2 OF SW1/4 OF NW1/4 OF NW1/4&#39; LESS S25FT &amp; W50FT TO CO&#39; OR 13130-4183 86 5&#39;	8/31/2020 3:30:30 PM	1/1/0001 12:00:00 AM	Patricia Veargis	Daniel Solares		FIFTIETH ST HEIGHTST LLC	5181 NW 27TH AVE , MIAMI FL 33142	FBC	9/3/2020 40-YR PHYSICAL FILES RECEIVED FROM FINANCE SECTION (sc) Converted to US Case from 40/50-Yr Recertification System		FIFTIETH ST HEIGHTST LLC	5/5/2026 12:00:00 AM	NONE	3		OPEN/CALL - time-sensitive, confirmed from own record: Internal Agreement actually spans 4 case numbers (20160179356-U, 20190197017-U, F2019005814, F2019005815) on one 11/01/2026 deadline, broader than assumed from sibling F2019005815 alone
20210206540	Unsafe Structures	1127 NW 106 ST	30-2135-020-0170	NORTH SILVER CREST ADD&#39; PB 17-38&#39; LOT 25 BLK 1&#39; LOT SIZE 50 X 104&#39; COC 24201-2156 01 2006 1&#39;	12/8/2020 12:00:00 AM	1/1/0001 12:00:00 AM	Patricia Veargis	Daniel Solares		ALTAMAR FINANCIAL GROUP LLC	1000 BRICKELL AVE 400 , MIAMI FL 33131	FBC		OCCUPIED SINGLE FAMILY RESIDENCE CONSTRUCTED WITHOUT PERMIT	ALTAMAR FINANCIAL GROUP LLC	5/20/2026 12:00:00 AM	NONE	2		OPEN/CALL - time-sensitive: whole dwelling (1,200 sf) built with zero permit, action code DEMOLISH if not legalized; Internal Agreement deadline 11/16/2026; very active current engagement with property manager through 09/16/2026
20200202940	Unsafe Structures	10001 SW 43 ST	30-4020-004-1810	20 54 40&#39; TROPICAL ESTS PB 50-98&#39; LOT 19 BLK 9&#39; LOT SIZE IRREGULAR&#39; CF 74R99143&#39; COC 21866-4163 11 2003 4&#39;	2/8/2020 12:00:00 AM	1/1/0001 12:00:00 AM	Patricia Veargis	Daniel Solares		ROSA GINART	10001 SW 43RD ST , MIAMI FL 33165	FBC		AS PER CASE # --- ATTACHED MULTIPLE VIOLATIONS AND DETACHED STRUCTURES CONVERTED INTO A LIVING SPACE WITH ALL TRADES. AND WOOD FENCE.	ROSA MARIA GINART	3/8/2023 12:00:00 AM	NONE	10		OPEN/CALL - no corrective permit ever obtained for structures B/C/D/E; owner registered on county Chat Queue for permit requirements as of 06/17/2025
20210206489	Unsafe Structures	12651 NW 22 CT	30-2127-012-0180	GOLF ESTATES PB 50-95&#39; LOT 18 BLK 1&#39; LOT SIZE 7576 SQ FT&#39; COC 25319-4879 08 2006 1&#39;	12/4/2020 12:00:00 AM	1/1/0001 12:00:00 AM	Patricia Veargis	Daniel Solares		RAMONA GARCIA	12651 NW 22ND CT , MIAMI FL 33167-1946	FBC		DAMAGED ROOF STRUCTURE WITH MULTIPLE VISIBLE HOLES IN THE IN ROOF DECKING		12/30/2024 12:00:00 AM	NONE	2		EXPIRED/STALLED - roof-repair permit 2023061279 was issued then REVOKED by the Building Official 04/30/2025, requires a fresh permit; new owner was actively engaged through 03/10/2025 then case went quiet ~17 months - re-engagement target
