ProcessNumber,PermitNumber,MasterPermitNumber,PermitType,ResidentialCommercial,ApplicationTypeDescription,ProposedUseDescription,DetailDescriptionComments,CategoryDescription1,CategoryDescription2,EstimatedValue,ApplicationDate,PermitIssuedDate,LastApprovedInspDate,CoCcDate,FolioNumber,PropertyAddress,City,OwnerName,ArchitectName,ContractorNumber,ContractorName,ContractorAddress,ContractorCity,ContractorZip,ContractorPhone
C2025003136,2025001424,2024075275,ELEC,R,ALTER - EXTERIOR,SINGLE FAM RES-CLUST-ZERO LOT-TOWN HOUSE,LEGALIZATION,ELECTRICAL,,3500,2024-10-07,2024-10-07,2025-01-17,,3060300010717,25243 SW 108 AVE,MIAMI,CESAR DAVID DELGADO,NOT LISTED,EC13011295,TROPICO ELECTRICAL CONTRACTOR LLC,1735 SW 102 CT,MIAMI,33165,(786)514-6376
C2024173230,2025001352,0000000000,BLDG,R,ALTER - EXTERIOR,SINGLE FAM RES-CLUST-ZERO LOT-TOWN HOUSE,LEGALIZATION,BUILDING (COUNTY),FENCE,8500,2024-09-09,2024-10-07,2025-06-13,06/13/2025,3049120010450,12461 SW 26 ST,MIAMI,NOEL RAFAEL FERNANDEZ,NOT LISTED,CGC054329,RC CONSTRUCTION & INVESTMENTS LLC,1408 BRICKELL BAY DRIVE UNIT 815,MIAMI,33131,(305)975-4156
C2025002539,2025001247,0000000000,ELEC,C,REPAIR,BODY AND MECHANICAL REPAIR SHOPS-VEHICLS,LEGALIZE PANEL,ELECTRICAL,,1000,2024-10-04,2024-10-07,2024-12-20,,3031160096800,5750 NW 27 AVE,MIAMI,TWINS WASH WORLD INC,NOT LISTED,EC13004184,AMPSTRONG ELECTRIC INC,2050 NW 93 AVE,DORAL,33172,(305)468-7988
C2024180614,2025001165,0000000000,BLDG,R,ENT REPLACEMENT,SINGLE FAM RES-CLUST-ZERO LOT-TOWN HOUSE,LEGALIZE WIND/DR IM,WINDOWS,,1000,2024-09-24,2024-10-07,2024-11-21,,3020010034500,20032 NW 57 PL,MIAMI,ROBERTO SAMANILLO CAMPOS,NOT LISTED,,OWNER,20032 NW 57 PL,MIAMI,,
C2025003632,2025001537,0000000000,MECH,R,ALTER - INTERIOR,SINGLE FAM RES-CLUST-ZERO LOT-TOWN HOUSE,LEGALIZE AC,A/C - UNLTD,HEATING,600,2024-10-08,2024-10-08,2024-12-05,,3031020020540,8930 NW 16 AVE,MIAMI,RAMON ANTONIO VILLALOBOS TRS,NOT LISTED,CAC1815974,JOSE C YANES AIR CONDITIONING & APPLIA,1021 NE 132 ST,NORTH MIAMI,33161,(305)895-3565
C2024172605,2025001525,0000000000,BLDG,R,ALTER - EXTERIOR,SINGLE FAM RES-CLUST-ZERO LOT-TOWN HOUSE,LEGALIZE JACUZZI,SWIMMING POOL,,1000,2024-09-09,2024-10-08,2025-04-04,03/20/2026,3040190041600,4350 SW 108 AVE,MIAMI,REUBEN ESTEBAN RUIZ,NOT LISTED,,OWNER,2015 W FLAGLER ST,MIAMI,,
C2024181493,2025001578,0000000000,BLDG,R,FENCE NOMASONRY,SINGLE FAM RES-CLUST-ZERO LOT-TOWN HOUSE,LEGALIZE DURE FENCE,FENCE,,11000,2024-09-25,2024-10-08,2024-12-23,,3069250040050,12301 SW 256 ST,MIAMI,LUIS RIVERON LE,NOT LISTED,,OWNER,12301 SW 256 ST,MIAMI,,
C2024013438,2025001283,0000000000,BLDG,C,ALTER - INTERIOR,WAREHOUSE,LEGALIZATION/INSTAL,GENERAL (COUNTY),,9200,2023-10-27,2024-10-07,2025-02-24,02/24/2025,3060050050130,10490 SW 186 LN,MIAMI,NIDAB INVESTMENTS LLC,NOT LISTED,CGC1517096,RRR GENERAL CONSTRUCTIONS LLC,13727 SW 152 ST  #300,MIAMI,33177,(786)234-9395
M2024025436,2025001842,0000000000,MBLD,C,ALTER - INTERIOR,5 UNITS OR MORE  - RESIDENTIAL,LEGALIZATION INTER,MUNICIPAL GENERAL BUILDING,,12500,2024-09-12,2024-10-10,,,3122110391200,201 178 DR                   331,MIAMI,PAULINA LORETO SOTOMAYOR HESS,NOT LISTED,CGC1528198,G6 INVESTMENTS PA,1145 BIARRITZ DR,MIAMI BEACH,33141,(786)999-9625
C2024178084,2025001694,0000000000,BLDG,R,ALTER - EXTERIOR,SINGLE FAM RES-CLUST-ZERO LOT-TOWN HOUSE,LEGALIZE FENCE,FENCE,,350,2024-09-18,2024-10-09,2024-11-01,,3049230280320,13265 SW 53 ST,MIAMI,YOSA LLC,NOT LISTED,CGC1514279,JR CONSTRUCTION & CONSULTANT INC,10970 SW 73 ST,MIAMI,33186,(305)951-9452
C2024177717,2025001914,0000000000,ZIPS,R,ALTER - EXTERIOR,SINGLE FAM RES-CLUST-ZERO LOT-TOWN HOUSE,LEGALIZE PICKET,"PICKET FENCES\, IRON AND OTHER NON-WIND RESISTANT FENCES",,1050,2024-09-18,2024-10-10,,,3059030371040,10125 SW 142 CT,MIAMI,NANCY B PAZ,NOT LISTED,,OWNER,10125 SW 142 CT,MIAMI,,
M2024005637,2025002228,0000000000,MBLD,C,ALTER - INTERIOR,INDUSTRIAL USES,LEGALIZATION,MUNICIPAL GENERAL BUILDING,,2500,2023-12-21,2024-10-11,,,2230150640090,7735 NW 64 ST                2B,MIAMI,BERN GROUP LLC,NOT LISTED,CGC1522537,ALES GROUP INC,994 SW 69 AVE,MIAMI,33144,(305)262-1388
C2025003960,2025002130,0000000000,BLDG,R,ALTER - EXTERIOR,SINGLE FAM RES-CLUST-ZERO LOT-TOWN HOUSE,LEGALIZE SHUTTERS,METAL AWNG & SHUTR,,1000,2024-10-09,2024-10-11,2024-10-22,,3050310260430,18100 SW 113 AVE,MIAMI,EDDY ALVAREZ PUNALES,NOT LISTED,,OWNER,18100 SW 113 AVE,MIAMI,,
C2024039504,2025002008,0000000000,BLDG,R,ADDITION - ATTACHED,SINGLE FAM RES-CLUST-ZERO LOT-TOWN HOUSE,LEGALIZATION,BUILDING (COUNTY),,5000,2023-12-22,2024-10-11,2026-07-30,07/30/2026,3059050170040,10233 SW 157 CT,MIAMI,SHEILY L VALDES,NOT LISTED,,OWNER,900 BISCAYNE BLVD,MIAMI,,
C2025003924,2025002002,0000000000,BLDG,R,FENCE NOMASONRY,SINGLE FAM RES-CLUST-ZERO LOT-TOWN HOUSE,FENCE LEGALIZED,FENCE,,450,2024-10-08,2024-10-11,2026-06-22,,3031030050060,1720 NW 91 ST,MIAMI,PEDRO H PANTOJA,NOT LISTED,,OWNER,1720 NW 91 ST,MIAMI,,
M2024026868,2025002567,0000000000,MBLD,R,ADDITION - ATTACHED,SINGLE FAM RES-CLUST-ZERO LOT-TOWN HOUSE,LEGALIZE ADDITION,MUNICIPAL SUB-GENERAL BLDR,,4500,2024-09-30,2024-10-15,,,0821220051350,14160 NW 22 CT,MIAMI,DONIEL GONZALEZ,NOT LISTED,,OWNER,,,,
C2025002889,2025002150,2024074444,ELEC,R,ALTER - INTERIOR,SINGLE FAM RES-CLUST-ZERO LOT-TOWN HOUSE,LEGALIZA GARAGE,ELECTRICAL,,10000,2024-10-07,2024-10-11,2025-08-18,,3040150052950,3030 SW 79 CT,MIAMI,BRYANT BESU,NOT LISTED,,OWNER,PO BOX  5462,MIAMI,,
C2024118966,2025002605,0000000000,BLDG,R,ALTER - INTERIOR,SINGLE FAM RES-CLUST-ZERO LOT-TOWN HOUSE,LEGALIZATION,BUILDING (COUNTY),,2500,2024-06-03,2024-10-15,2025-08-21,08/21/2025,3079090310050,15430 SW 308 ST,MIAMI,EVIAN DALMAU GALBAN,NOT LISTED,,OWNER,15430 SW 308 ST,MIAMI,,
C2025005579,2025002405,0000000000,MECH,R,ALTER - EXTERIOR,SINGLE FAM RES-CLUST-ZERO LOT-TOWN HOUSE,LEGALIZE AC,A/C - UNLTD,HEATING,2000,2024-10-15,2024-10-15,2025-05-20,,3031020250180,9200 NW 13 CT,MIAMI,OSVALDO RAMIREZ ESCANDELL,NOT LISTED,,OWNER,9200 NW 13 CT,MIAMI,,
C2024171497,2025002751,0000000000,BLDG,R,ALTER - INTERIOR,SINGLE FAM RES-CLUST-ZERO LOT-TOWN HOUSE,LEGALIZE DOOR,BUILDING (COUNTY),WINDOWS,1600,2024-09-05,2024-10-16,2024-11-26,11/26/2024,3020030381400,7865 NW 194 TER,MIAMI,LEONEL FERNANDEZ MIR,NOT LISTED,,OWNER,7865 NW 194 TER,MIAMI,,
C2024180746,2025002884,0000000000,ZIPS,R,ALTER - EXTERIOR,SINGLE FAM RES-CLUST-ZERO LOT-TOWN HOUSE,LEGALIZE TIKI HUT,CHICKEE HUTS CONSTRUCTED BY MICCOUSSUKEE AND SEMINOLE,,2800,2024-09-24,2024-10-16,2024-10-25,,3079040040060,29050 ALABAMA RD,MIAMI,MIGUEL A TASSE,NOT LISTED,08BS00640,TIKI HUT DESIGN OF MIAMI INC,11723 SW 12 STREET,MIAMI,33184,(786)357-6852
C2024160671,2025002386,0000000000,BLDG,R,FENCE NOMASONRY,SINGLE FAM RES-CLUST-ZERO LOT-TOWN HOUSE,LEGALIZE FENCE,FENCE,,2750,2024-08-14,2024-10-15,2024-12-27,,3049210210980,4297 SW 148 AVE,MIAMI,ERNESTO MILIAN,NOT LISTED,,OWNER,4297 SW 148TH AVENUE,MIAMI,,
C2025006271,2025002861,2024032815,ELEC,R,ALTER - EXTERIOR,SINGLE FAM RES-CLUST-ZERO LOT-TOWN HOUSE,EXT DOOR LEGALIZE,ELECTRICAL,,3600,2024-10-16,2024-10-16,2024-10-17,,3069330060490,14520 SW 270 ST,MIAMI,YOHAN GARCIA CHAVEZ,CARLOS ALLAN,,OWNER,15677 SW 20 ST,MIAMI,,
C2025003996,2025002517,0000000000,BLDG,R,ENT REPLACEMENT,SINGLE FAM RES-CLUST-ZERO LOT-TOWN HOUSE,LEGALIZE WINDOWS,WINDOWS,,15000,2024-10-09,2024-10-15,2024-10-31,,3022040240370,2311 NE 193 ST,MIAMI,JADE INVESTMENTS INC,NOT LISTED,CGC1532256,BLUE SKY CONSTRUCTION GROUP INC,5740 NW 111TH TER,HIALEAH,33012,(305)318-4617
C2024124819,2025002469,0000000000,BLDG,R,FENCE NOMASONRY,SINGLE FAM RES-CLUST-ZERO LOT-TOWN HOUSE,LEGALIZE DURAFENCE,FENCE,,500,2024-06-12,2024-10-15,2024-12-27,,3031220230302,2253 NW 41 ST,MIAMI,NELCAR INVESTMENT CORP,NOT LISTED,CGC1528815,INFINITY AT YOUR SERVICE LLC,6955 NORTHWEST 77TH AVENUE STE310,MIAMI,33166,(954)330-2514
C2024177907,2025002369,0000000000,BLDG,R,FENCE NOMASONRY,SINGLE FAM RES-CLUST-ZERO LOT-TOWN HOUSE,LEGALIZE FENCE,FENCE,,2500,2024-09-18,2024-10-15,2024-12-11,,3049140300200,13421 SW 26 TER,MIAMI,PASCUAL JULIAN PRIETO ESQUIROL,NOT LISTED,,OWNER,11865 SW 26 ST BLDG J-7,MIAMI,,
C2024141213,2025002779,0000000000,BLDG,C,ALTER - EXTERIOR,5 UNITS OR MORE  - RESIDENTIAL,ENCLOSURE LEGALIZE,GENERAL (COUNTY),,1900,2024-07-09,2024-10-16,2024-10-21,10/21/2024,3030550892010,10253 NW 9 STREET CIR      106-6,MIAMI,HUGO L GOMEZ & ANGELA CORREA,NOT LISTED,CGC1528815,INFINITY AT YOUR SERVICE LLC,6955 NORTHWEST 77TH AVENUE STE310,MIAMI,33166,(954)330-2514
C2024166737,2025002365,0000000000,BLDG,R,FENCE NOMASONRY,SINGLE FAM RES-CLUST-ZERO LOT-TOWN HOUSE,FENCE TO BE LEGALIZ,FENCE,,450,2024-08-26,2024-10-15,2024-11-20,,3059360040140,12425 SW 185 ST,MIAMI,ELIZABETH SARDINAS LOPEZ,NOT LISTED,,OWNER,12425 SW 185 ST,MIAMI,,
C2024166936,2025002825,0000000000,BLDG,R,FENCE NOMASONRY,SINGLE FAM RES-CLUST-ZERO LOT-TOWN HOUSE,LEGALIZE FENCE,FENCE,,350,2024-08-27,2024-10-16,2024-10-25,,3049010040010,12220 SW 3 TER,MIAMI,MARIA I SANTOS TRS,NOT LISTED,CGC1514279,JR CONSTRUCTION & CONSULTANT INC,10970 SW 73 ST,MIAMI,33186,(305)951-9452
C2025003898,2025002362,0000000000,BLDG,R,ENT REPLACEMENT,SINGLE FAM RES-CLUST-ZERO LOT-TOWN HOUSE,DOOR LEGALIZE,WINDOWS,,550,2024-10-08,2024-10-15,2024-10-16,,3059050170640,9703 SW 159 AVE,MIAMI,CARIDAD ROSA,NOT LISTED,,OWNER,9703 SW 159 AVE,MIAMI,,
C2024121696,2025002755,0000000000,BLDG,C,ENCLOSE,5 UNITS OR MORE  - RESIDENTIAL,LEGALIZE BALCONY,GENERAL (COUNTY),WINDOWS,1000,2024-06-06,2024-10-16,2025-02-04,02/04/2025,3030550892760,10245 NW 9 STREET CIR      103-9,MIAMI,CARLOS VERA &W REINA CRUZ,NOT LISTED,CGC1504340,AMERIBUILT DEVELOPMENT CORPORATION,PO BOX 165023,MIAMI,33116,(305)567-1306
C2024155583,2025003149,0000000000,ZIPS,R,ALTER - EXTERIOR,SINGLE FAM RES-CLUST-ZERO LOT-TOWN HOUSE,LEGALIZE CANOPY,"AWNINGS\,CANOPIES & FABRIC COVERED FRAMEWORK\, RESIDENTIAL",,350,2024-08-06,2024-10-17,2024-11-05,,3069020250330,13183 SW 195 ST,MIAMI,MARIA EUGENIA OROZCO,NOT LISTED,,OWNER,13183 SW 195 ST,MIAMI,,
C2024180777,2025003215,0000000000,BLDG,R,FENCE NOMASONRY,SINGLE FAM RES-CLUST-ZERO LOT-TOWN HOUSE,LEGALIZE FENCE,FENCE,,1400,2024-09-24,2024-10-17,2024-10-18,,3020010072930,5884 NW 198 TER,MIAMI,NARDO RODRIGUEZ,NOT LISTED,CGC1522637,"BOSS CONSTRUCTION GROUP\, INC",20243 STATE ROAD 7 #F6-265,BOCA RATON,33498,(954)648-9883
C2024063340,2025002681,0000000000,BLDG,R,ALTER - INTERIOR,SINGLE FAM RES-CLUST-ZERO LOT-TOWN HOUSE,LEGALIZE GARAGE CON,BUILDING (COUNTY),,750,2024-02-14,2024-10-16,2026-09-03,,3020100170240,8291 NW 185 TER,MIAMI,JORGE LUIS AGUILERA DIAZ,NOT LISTED,,OWNER,8291 NW 185 TER,MIAMI,,
C2025000592,2025003084,0000000000,BLDG,R,ADDITION - DETACHED,SINGLE FAM RES-CLUST-ZERO LOT-TOWN HOUSE,LEGALIZE SHED,BUILDING (COUNTY),,800,2024-10-01,2024-10-17,2024-10-29,10/29/2024,3050300030360,16140 SW 108 CT,MIAMI,CLARA R REYES & IVAN FOUBELO,NOT LISTED,CGC1527715,DESIGN PLUS CONSTRUCTION LLC,5351 SW 4 ST,CORAL GABLES,33134,(786)440-1333
C2024111821,2025003499,2018072699,BLDG,R,ALTER - INTERIOR,SINGLE FAM RES-CLUST-ZERO LOT-TOWN HOUSE,LEGALIZATION,WINDOWS,,15000,2024-05-17,2024-10-18,2024-10-24,,3021340050050,2040 NW 111 ST,MIAMI,ROBERTO AMAYA RAMIREZ,NOT LISTED,,OWNER,2040 NW 111 ST,MIAMI,,
C2024165489,2025002966,0000000000,BLDG,R,FENCE NOMASONRY,SINGLE FAM RES-CLUST-ZERO LOT-TOWN HOUSE,LEGALIZE FENCE/DURA,FENCE,,550,2024-08-22,2024-10-17,2025-04-22,,3040150050930,2520 SW 81 AVE,MIAMI,UBALDO SERRA &W BERTA,NOT LISTED,,OWNER,2520 SW 81 AVE,MIAMI,,
C2025008341,2025003493,0000000000,BLDG,R,DEMOLISH,SINGLE FAM RES-CLUST-ZERO LOT-TOWN HOUSE,LEGALIZE DEMO,DEMOLITION,,250,2024-10-18,2024-10-18,2024-10-22,,3049280280780,15640 SW 58 TER,MIAMI,DANIEL DEL CASTILLO,NOT LISTED,,OWNER,15640 SW 58 TER,MIAMI,,
C2024040574,2025002665,0000000000,BLDG,C,ALTER - INTERIOR,WAREHOUSE,LEGALIZE OPENINGS,GENERAL (COUNTY),,2000,2023-12-27,2024-10-16,2025-03-19,03/19/2025,3021360350010,670 NW 114 ST,MIAMI,ALAN INVESTMENT PROPERTIES INC,NOT LISTED,CGC1508486,C & S CONSTRUCTION GROUP CORP,115 NW 128 AVE,MIAMI,33186,(786)277-6460
C2024181753,2025003180,2009014939,ELEC,R,ADDITION - ATTACHED,SINGLE FAM RES-CLUST-ZERO LOT-TOWN HOUSE,ADDITION LEGALIZE,ELECTRICAL,,1000,2024-09-25,2024-10-17,2024-10-23,,3021360280450,11730 NW 3 AVE,MIAMI,YIYCA INC,NOT LISTED,EC13007293,EVOLUTION ELECTRICAL CONTRACTORS INC,11631 NW 58TH PLACE,HIALEAH,33012,(786)838-3090
C2024156488,2025003322,0000000000,BLDG,R,FENCE NOMASONRY,SINGLE FAM RES-CLUST-ZERO LOT-TOWN HOUSE,LEGALIZE FENCE,FENCE,,6000,2024-08-07,2024-10-18,2025-05-21,,3059360020514,11932 SW 180 ST,MIAMI,BERENNA S PACHECO CASTILLO,NOT LISTED,CGC1534474,MASTER REBUILDER OF FLORIDA INC,8004 NW 154 STREET UNIT 208,MIAMI,33016,(786)452-5627
C2024119477,2025003474,0000000000,BLDG,R,ADDITION - ATTACHED,SINGLE FAM RES-CLUST-ZERO LOT-TOWN HOUSE,LEGALIZE TERRACE,BUILDING (COUNTY),,8500,2024-06-03,2024-10-18,2025-02-25,02/25/2025,3059120280190,11745 SW 119 TER,MIAMI,GEORGED L CORONADO &W IRENE M,NOT LISTED,CBC1261379,DGARC MANAGEMENT INC,13468 SW 291 ST,HOMESTEAD,33033,(305)807-0559
C2025005543,2025003291,0000000000,BLDG,R,FENCE NOMASONRY,SINGLE FAM RES-CLUST-ZERO LOT-TOWN HOUSE,FENCE LEGALIZTION,FENCE,,500,2024-10-15,2024-10-18,2025-01-24,,3050310260430,18100 SW 113 AVE,MIAMI,EDDY ALVAREZ PUNALES,NOT LISTED,,OWNER,15720 W 37 AVE,MIAMI,,
C2024179545,2025003290,0000000000,BLDG,R,FENCE NOMASONRY,SINGLE FAM RES-CLUST-ZERO LOT-TOWN HOUSE,LEGALIZE FENCE,FENCE,,1600,2024-09-20,2024-10-18,2024-12-26,,3050290320610,15263 SW 102 PL,MIAMI,MAGDIEL DELGADO CONCEPCION,NOT LISTED,,OWNER,15263 SW 102 PL,MIAMI,,
C2025005808,2025003282,0000000000,BLDG,R,ENT REPLACEMENT,SINGLE FAM RES-CLUST-ZERO LOT-TOWN HOUSE,LEGALIZATION,WINDOWS,,350,2024-10-15,2024-10-18,2024-12-05,,3020360020940,11330 NW 58 PL,MIAMI,LEIDY LOPEZ &H MANUEL GUTIERREZ,NOT LISTED,,OWNER,11330 NW 58 PL,MIAMI,,
C2025005637,2025003280,0000000000,BLDG,R,FENCE NOMASONRY,SINGLE FAM RES-CLUST-ZERO LOT-TOWN HOUSE,DURAFENCE LEGALIZAT,FENCE,,1200,2024-10-15,2024-10-18,2024-12-24,,3069350170530,12763 SW 265 TER,MIAMI,NIUVIS GUTIERREZ ARROYO,NOT LISTED,,OWNER,12763 SW 265 TER,MIAMI,,
C2024119504,2025003444,0000000000,BLDG,R,ALTER - EXTERIOR,SINGLE FAM RES-CLUST-ZERO LOT-TOWN HOUSE,LEGALIZE ATTACH ADD,BUILDING (COUNTY),WINDOWS,2300,2024-06-03,2024-10-18,2025-09-23,09/23/2025,3039520010650,712 NW 133 AVE,MIAMI,JOSE GOMEZ &W JUANA R POVEDA,NOT LISTED,,OWNER,488 PALM AVE,MIAMI,,
C2024151329,2025003726,0000000000,ZIPS,C,ALTER - EXTERIOR,APT BUILDING 3-4 UNITS,LEGALIZE CHAIN FENC,"CHAIN LINK\, RESIDENTIAL\, NOT FOR SWIMMING POOL BARRIER",,800,2024-07-29,2024-10-21,2024-11-26,,3050320120170,10530 SW 177 ST,MIAMI,LIONBEAR HOLDINGS INC,NOT LISTED,CGC1527371,KANTERAS CONSTRUCTION GROUP LLC,2922 SW 118 CT,MIAMI,33175,(305)506-0596
C2024151357,2025003725,0000000000,BLDG,C,FENCE NOMASONRY,APT BUILDING 3-4 UNITS,LEGALIZE DURAFENCE,FENCE,,800,2024-07-29,2024-10-21,2024-11-26,,3050320120170,10530 SW 177 ST,MIAMI,LIONBEAR HOLDINGS INC,NOT LISTED,CGC1527371,KANTERAS CONSTRUCTION GROUP LLC,2922 SW 118 CT,MIAMI,33175,(305)506-0596
C2024181782,2025003428,2009014939,PLUM,R,ADDITION - ATTACHED,SINGLE FAM RES-CLUST-ZERO LOT-TOWN HOUSE,ADDITION LEGALIZE,PLUMBING,,1000,2024-09-26,2024-10-18,2024-10-28,,3021360280450,11730 NW 3 AVE,MIAMI,YIYCA INC,NOT LISTED,CFC1431548,INFINITY AT YOUR SERVICE LLC,13233 SW 13 ST,MIAMI,33184,(786)443-9590
C2023148651,2025003914,0000000000,BLDG,R,FENCE NOMASONRY,SINGLE FAM RES-CLUST-ZERO LOT-TOWN HOUSE,LEGALIZE DURA FENCE,FENCE,,2500,2023-08-01,2024-10-22,2025-09-08,,3050310192090,10900 SW 170 TER,MIAMI,ARLEX A TRUJILLO,NOT LISTED,,OWNER,10900 SW 170TH TERR,MIAMI,,
C2023148708,2025003913,0000000000,BLDG,R,ENT REPLACEMENT,SINGLE FAM RES-CLUST-ZERO LOT-TOWN HOUSE,LEGALIZE WIN/DOORS,WINDOWS,,2000,2023-08-01,2024-10-22,2025-03-17,,3050310192090,10900 SW 170 TER,MIAMI,ARLEX A TRUJILLO,NOT LISTED,,OWNER,10900 SW 170 TER,MIAMI,,
C2025006436,2025004048,2025000342,PLUM,R,REPAIR,SINGLE FAM RES-CLUST-ZERO LOT-TOWN HOUSE,LEGALIZE POOL,POOL MAINT UNLTD,,8000,2024-10-16,2024-10-22,2024-11-18,,3040200060570,10461 SW 42 ST,MIAMI,GEOFFREY CORZO,NOT LISTED,CFC1431656,DECONEX INC,5065 NW 74 AVE #6,MIAMI,33166,(305)778-7633
C2024155788,2025004030,2024052431,ELEC,R,ADDITION - ATTACHED,SINGLE FAM RES-CLUST-ZERO LOT-TOWN HOUSE,LEGALIZE ADDTION,ELECTRICAL,,4500,2024-08-06,2024-10-22,,,3040200061160,10520 SW 43 ST,MIAMI,RODNEY FERNANDEZ,NOT LISTED,,OWNER,10520 SW 43 ST,MIAMI,,
C2024156699,2025004029,2024052431,MECH,R,ADDITION - ATTACHED,SINGLE FAM RES-CLUST-ZERO LOT-TOWN HOUSE,LEGALIZE ADDTION,A/C - UNLTD,HEATING,4500,2024-08-08,2024-10-22,,,3040200061160,10520 SW 43 ST,MIAMI,RODNEY FERNANDEZ,NOT LISTED,,OWNER,10520 SW 43 ST,MIAMI,,
C2024158482,2025004028,2024052431,PLUM,R,ADDITION - ATTACHED,SINGLE FAM RES-CLUST-ZERO LOT-TOWN HOUSE,LEGALIZE ADDTION,PLUMBING,,4500,2024-08-08,2024-10-22,,,3040200061160,10520 SW 43 ST,MIAMI,RODNEY FERNANDEZ,NOT LISTED,,OWNER,10520 SW 43 ST,MIAMI,,
C2024181650,2025004026,0000000000,BLDG,R,ADDITION - DETACHED,SINGLE FAM RES-CLUST-ZERO LOT-TOWN HOUSE,LEGALIZE SHED,BUILDING (COUNTY),,500,2024-09-25,2024-10-22,2024-10-23,10/23/2024,3059360051180,17020 SW 118 PL,MIAMI,LUIS ALBERTO GARCIA PEREZ,NOT LISTED,,OWNER,17020 SW 118 PL,MIAMI,,
C2025003572,2025004011,0000000000,BLDG,R,ENCLOSE,SINGLE FAM RES-CLUST-ZERO LOT-TOWN HOUSE,LEGALIZE ALUM ROOF,METAL AWNG & SHUTR,,7000,2024-10-08,2024-10-22,2025-04-10,,3021240030220,14630 S BISCAYNE RIVER DR,MIAMI,R AND R UNION COMPANY LLC,NOT LISTED,CGC1534315,ARCHITECTURE PROJECT SOLUTIONS LLC,7641 NW 115 CT,MEDLEY,33178,(786)870-2480
C2024169990,2025003672,0000000000,ZIPS,R,ALTER - EXTERIOR,SINGLE FAM RES-CLUST-ZERO LOT-TOWN HOUSE,LEGALIZE METAL FENC,"PICKET FENCES\, IRON AND OTHER NON-WIND RESISTANT FENCES",,200,2024-09-03,2024-10-21,,,3079090230470,30115 SW 153 CT,MIAMI,EUGENIO MARQUEZ &W IRIS COMAS,NOT LISTED,,OWNER,30115 SW 153 CT,MIAMI,,
C2025007173,2025004096,2025002008,ELEC,R,ADDITION - ATTACHED,SINGLE FAM RES-CLUST-ZERO LOT-TOWN HOUSE,LEGALIZATION,ELECTRICAL,,5000,2024-10-17,2024-10-22,2025-08-22,,3059050170040,10233 SW 157 CT,MIAMI,SHEILY L VALDES,NOT LISTED,,OWNER,900 BISCAYNE BLVD,MIAMI,,
C2025009917,2025004143,0000000000,ELEC,R,ALTER - EXTERIOR,SINGLE FAM RES-CLUST-ZERO LOT-TOWN HOUSE,1 MOTOR LEGALIZE,ELECTRICAL,,200,2024-10-22,2024-10-22,2025-05-01,,3031150200040,2015 NW 68 TER,MIAMI,JULIO CESAR FERNANDEZ,NOT LISTED,,OWNER,,MIAMI,,
C2024182392,2025003655,0000000000,ZIPS,R,ALTER - EXTERIOR,SINGLE FAM RES-CLUST-ZERO LOT-TOWN HOUSE,GATE LEGALIZATION,"PICKET FENCES\, IRON AND OTHER NON-WIND RESISTANT FENCES",,600,2024-09-26,2024-10-21,2024-11-01,,3049020150670,13042 SW 5 ST,MIAMI,CARLOS E & LOURDES N ARMIJO,NOT LISTED,,OWNER,13042 SW 5 ST,MIAMI,,
C2025003403,2025004134,0000000000,BLDG,R,ADDITION - DETACHED,SINGLE FAM RES-CLUST-ZERO LOT-TOWN HOUSE,LEGALIZE SHED,BUILDING (COUNTY),,1000,2024-10-08,2024-10-22,2024-11-19,11/19/2024,3050310190430,17315 SW 107 CT,MIAMI,LAZARO PUYARES,NOT LISTED,,OWNER,17315 SW 107 CT,MIAMI,,
M2025000851,2025004109,0000000000,MBLD,C,ALTER - INTERIOR,RETAIL SALES,AS BUILTS,MUNICIPAL GENERAL BUILDING,,20000,2024-10-15,2024-10-22,,,1079070260075,911 N HOMESTEAD BLVD,HOMESTEAD,KIMCO REALTY CORP,NOT LISTED,CBC031847,BUILDING CONCEPTS OF FLORIDA INC,8089 NW 67 ST,MIAMI,33166,(305)392-9086
C2025011128,2025004726,0000000000,MECH,R,ALTER - EXTERIOR,SINGLE FAM RES-CLUST-ZERO LOT-TOWN HOUSE,AC LEGALIZE,A/C - UNLTD,HEATING,4000,2024-10-24,2024-10-24,2025-03-20,,3079090220070,15015 SW 298 TER,MIAMI,HUGO MEJIA &,NOT LISTED,,OWNER,,MIAMI,,
C2024148264,2025003885,0000000000,BLDG,R,ENCLOSE,SINGLE FAM RES-CLUST-ZERO LOT-TOWN HOUSE,LEGALIZE ALUM TERR,METAL AWNG & SHUTR,,2500,2024-07-23,2024-10-22,2025-03-06,,3060190083920,23932 SW 107 CT,MIAMI,FAUSTO G ORTIZ,NOT LISTED,,OWNER,21701 SW 131 CT,MIAMI,,
C2025005090,2025004491,0000000000,BLDG,R,ENT REPLACEMENT,SINGLE FAM RES-CLUST-ZERO LOT-TOWN HOUSE,LEGALIZE WINDW/DOOR,WINDOWS,,2800,2024-10-11,2024-10-23,2025-03-18,,3049130071010,12280 SW 28 ST,MIAMI,CARLOS BRUNO MAMONE,NOT LISTED,,OWNER,12280 SW 28 ST,MIAMI,,
C2025003257,2025004487,2024073202,ELEC,R,ALTER - EXTERIOR,SINGLE FAM RES-CLUST-ZERO LOT-TOWN HOUSE,LEGALIZATION,ELECTRICAL,,25000,2024-10-07,2024-10-23,2024-12-10,,3069010301280,19701 SW 123 CT,MIAMI,JULIO C FERRERA,NOT LISTED,,OWNER,3900 NW 79 AVE,MIAMI,,
C2025003319,2025004486,2024073202,PLUM,R,ALTER - EXTERIOR,SINGLE FAM RES-CLUST-ZERO LOT-TOWN HOUSE,LEGALIZATION,PLUMBING,,25000,2024-10-07,2024-10-23,2024-12-17,,3069010301280,19701 SW 123 CT,MIAMI,JULIO C FERRERA,NOT LISTED,,OWNER,3900 NW 79 AVE,MIAMI,,
C2025006453,2025004330,0000000000,ZIPS,R,ALTER - EXTERIOR,DUPLEX,LEGALIZE FENCE,"CHAIN LINK\, RESIDENTIAL\, NOT FOR SWIMMING POOL BARRIER",,4000,2024-10-16,2024-10-23,2024-10-25,,3022180000310,15250 NE 8 AVE,MIAMI,L AND W INVESTMENTS GROUP LLC,NOT LISTED,18B000223,RELYC CONTRACTOR CORP,7547 W 24TH AVE  SUITE200,HIALEAH,33016,(786)389-6461
C2025008651,2025004212,2025002681,ELEC,R,ALTER - INTERIOR,SINGLE FAM RES-CLUST-ZERO LOT-TOWN HOUSE,LEGALIZE GARAGE CON,ELECTRICAL,,750,2024-10-21,2024-10-23,2025-10-08,,3020100170240,8291 NW 185 TER,MIAMI,JORGE LUIS AGUILERA DIAZ,NOT LISTED,,OWNER,8291 NW 185 TER,MIAMI,,
C2025008577,2025004210,2025002681,PLUM,R,ALTER - INTERIOR,SINGLE FAM RES-CLUST-ZERO LOT-TOWN HOUSE,LEGALIZE GARAGE CON,PLUMBING,,750,2024-10-21,2024-10-23,2026-09-03,,3020100170240,8291 NW 185 TER,MIAMI,JORGE LUIS AGUILERA DIAZ,NOT LISTED,,OWNER,8291 NW 185 TER,MIAMI,,
C2025001046,2025004378,0000000000,BLDG,R,ALTER - EXTERIOR,SINGLE FAM RES-CLUST-ZERO LOT-TOWN HOUSE,LEGALIZE DOOR,SINGLE ENTRANCE DOOR,,400,2024-10-02,2024-10-23,2024-10-24,,3049350120960,8549 SW 133 PL,MIAMI,JOSE A GARCIA,NOT LISTED,,OWNER,8549 SW 133 PL,MIAMI,,
C2025003558,2025004195,0000000000,BLDG,R,FENCE NOMASONRY,SINGLE FAM RES-CLUST-ZERO LOT-TOWN HOUSE,LEGALIZE GATE,FENCE,,4000,2024-10-08,2024-10-23,2025-04-10,,3021240030220,14630 S BISCAYNE RIVER DR,MIAMI,R AND R UNION COMPANY LLC,NOT LISTED,CGC1534315,ARCHITECTURE PROJECT SOLUTIONS LLC,7641 NW 115 CT,MEDLEY,33178,(786)870-2480
C2024167931,2025004304,0000000000,BLDG,R,ALTER - EXTERIOR,SINGLE FAM RES-CLUST-ZERO LOT-TOWN HOUSE,FENCE LEGALIZATION,FENCE,,6000,2024-08-28,2024-10-23,2024-12-03,,3059270060050,13961 SW 156 TER,MIAMI,MACK A TEFERA,NOT LISTED,,OWNER,1175 NE 125 ST #23,MIAMI,,
M2025000372,2025004577,0000000000,MBLD,R,ADDITION - ATTACHED,SINGLE FAM RES-CLUST-ZERO LOT-TOWN HOUSE,LEGALIZE ADDITION,MUNICIPAL SUB-GENERAL BLDR,,15000,2024-10-04,2024-10-24,,,0421310110170,45 E 53 TER,MIAMI,AIDA LEAL,NOT LISTED,,OWNER,,,,
M2023019889,2025004572,0000000000,MBLD,R,ADDITION - ATTACHED,SINGLE FAM RES-CLUST-ZERO LOT-TOWN HOUSE,SFR ADD/LEGALIZE,MUNICIPAL SUB-GENERAL BLDR,,42626,2023-08-08,2024-10-24,,,0131270160880,2451 NW 28 ST,MIAMI,OMAR SILVA &W ROSA M,NOT LISTED,,OWNER,,,,
C2025006515,2025004693,0000000000,ELEC,C,ALTER - INTERIOR,WAREHOUSE/STORAGE,LEGALIZE ELEC WORK,ELECTRICAL,,500,2024-10-16,2024-10-24,2024-12-27,,3030230010410,4301 NW 72 AVE,MIAMI,4301 NW 72ND LLC,NOT LISTED,22E000438,LCM POWER ELECTRIC LLC,11190 SW 107 ST APT 108,MIAMI,33176,(305)608-7449
C2024175436,2025004530,0000000000,ELEC,C,REPAIR,WAREHOUSE,LEGALIZE ELEC PANEL,ELECTRICAL,,1000,2024-09-13,2024-10-24,2025-02-25,,3031280170100,2902 NW 22 ST,MIAMI,SNAPP INDUSTRIES INC,NOT LISTED,EC13010171,ELEKTRICAL ADVANTAGE INC,11890 SW 8 CT STE500,MIAMI,33134,(786)413-4333
C2025008872,2025004597,0000000000,BLDG,R,RE-ROOF/REPAIR,SINGLE FAM RES-CLUST-ZERO LOT-TOWN HOUSE,ROOF LEGALIZATION,ASPHALT (FIBERGLASS) SHINGLE ROOFS,,8500,2024-10-21,2024-10-24,2025-02-24,,3069010300730,19556 SW 122 CT,MIAMI,GIOVANNA GONZALEZ,NOT LISTED,CCC1329646,CUNANO BUILDERS CORPORATION,16259 SW 81 ST,MIAMI,33193,(786)258-8719
C2024088632,2025004668,0000000000,BLDG,R,FENCE NOMASONRY,SINGLE FAM RES-CLUST-ZERO LOT-TOWN HOUSE,LEGALIZE DURA FENCE,FENCE,,2500,2024-04-03,2024-10-24,2025-08-14,,3040170030680,10000 SW 37 ST,MIAMI,ARNALDO A GUILLEN,NOT LISTED,,OWNER,10000 SW 37 ST,MIAMI,,
C2025003279,2025005417,0000000000,ZIPS,R,ALTER - EXTERIOR,SINGLE FAM RES-CLUST-ZERO LOT-TOWN HOUSE,LEGALIZE CANOPY,"AWNINGS\,CANOPIES & FABRIC COVERED FRAMEWORK\, RESIDENTIAL",,1200,2024-10-07,2024-10-28,,,3050300090660,16512 SW 111 AVE,MIAMI,ROMI RIELO,NOT LISTED,,OWNER,16512 SW 111 AVE,MIAMI,,
C2025011994,2025005407,2024069030,MECH,C,ALTER - EXTERIOR,RETAIL SALES,LEGALIZATION,A/C - UNLTD,HEATING,20000,2024-10-25,2024-10-28,2024-11-13,,3031210000820,4180 NW 32 AVE,MIAMI,4180 NW 32 AVE LLC,NOT LISTED,CAC1816488,LORD'S A/C CORP,13261 SW 7 CT,DAVIE,33325,(786)489-5586
C2025012426,2025005406,2024069030,ELEC,C,ALTER - EXTERIOR,RETAIL SALES,LEGALIZATION,ELECTRICAL,,20000,2024-10-28,2024-10-28,2025-02-06,,3031210000820,4180 NW 32 AVE,MIAMI,4180 NW 32 AVE LLC,NOT LISTED,EC13006062,J & J TELECOM & ELECTRIC INC,3325 GRIFFIN RD #194,FORT LAUDERDALE,33312,(954)864-9591
C2025008628,2025004867,2025002681,MECH,R,ALTER - INTERIOR,SINGLE FAM RES-CLUST-ZERO LOT-TOWN HOUSE,LEGALIZE GARAGE CON,A/C - UNLTD,HEATING,750,2024-10-21,2024-10-25,2025-04-15,,3020100170240,8291 NW 185 TER,MIAMI,JORGE LUIS AGUILERA DIAZ,NOT LISTED,,OWNER,8291 NW 185 TER,MIAMI,,
C2025000863,2025005109,0000000000,BLDG,R,ALTER - EXTERIOR,SINGLE FAM RES-CLUST-ZERO LOT-TOWN HOUSE,LEGALIZE FENCE,FENCE,,1200,2024-10-02,2024-10-26,2024-11-13,,3050300030360,16140 SW 108 CT,MIAMI,CLARA R REYES & IVAN FOUBELO,NOT LISTED,CGC1527715,DESIGN PLUS CONSTRUCTION LLC,5351 SW 4 ST,CORAL GABLES,33134,(786)440-1333
C2025006565,2025005702,2024074444,MECH,R,ALTER - INTERIOR,SINGLE FAM RES-CLUST-ZERO LOT-TOWN HOUSE,LEGALIZA GARAGE,A/C - UNLTD,HEATING,10000,2024-10-16,2024-10-29,2025-08-06,,3040150052950,3030 SW 79 CT,MIAMI,BRYANT BESU,NOT LISTED,,OWNER,PO BOX  5462,MIAMI,,
C2024177801,2025004849,2024043517,PLUM,R,ADDITION - DETACHED,SINGLE FAM RES-CLUST-ZERO LOT-TOWN HOUSE,LEGALIZE POOL,POOL PIPING,,20000,2024-09-18,2024-10-25,2025-11-26,,3040090082140,1000 SW 93 AVE,MIAMI,SONIA TILVES MORENO,NOT LISTED,,OWNER,1000 SW 93 AVE,MIAMI,,
C2024177832,2025004848,2024043517,ELEC,R,ADDITION - DETACHED,SINGLE FAM RES-CLUST-ZERO LOT-TOWN HOUSE,LEGALIZE POOL,SWIMMING POOLS,,20000,2024-09-18,2024-10-25,2025-09-16,,3040090082140,1000 SW 93 AVE,MIAMI,SONIA TILVES MORENO,NOT LISTED,,OWNER,1000 SW 93 AVE,MIAMI,,
C2025012198,2025005191,2024076121,ELEC,R,ALTER - INTERIOR,SINGLE FAM RES-CLUST-ZERO LOT-TOWN HOUSE,LEGALIZE WATER HEAT,ELECTRICAL,,1800,2024-10-28,2024-10-28,2024-11-06,,3012330290260,2463 NE 202 ST,MIAMI,MARCELO BORODOWSKI,NOT LISTED,,OWNER,2463 NE 202 ST,MIAMI,,
C2025011133,2025005630,0000000000,BLDG,R,FENCE NOMASONRY,SINGLE FAM RES-CLUST-ZERO LOT-TOWN HOUSE,LEGALIZE GATES,FENCE,,1000,2024-10-24,2024-10-29,2025-01-28,,3031090260480,3555 NW 80 ST,MIAMI,LAZARO D RENDON,NOT LISTED,,OWNER,3555 NW 80 ST,MIAMI,,
C2025006758,2025005471,0000000000,BLDG,R,FENCE NOMASONRY,SINGLE FAM RES-CLUST-ZERO LOT-TOWN HOUSE,LEGALIZE FENCE,FENCE,,700,2024-10-16,2024-10-29,2025-04-11,,3069120100350,20442 SW 117 CT,MIAMI,GUIDO GONZALEZ,NOT LISTED,,OWNER,,MIAMI,,
C2025007091,2025005457,0000000000,BLDG,R,ENT REPLACEMENT,SINGLE FAM RES-CLUST-ZERO LOT-TOWN HOUSE,LEGALIZE DOORS REAR,WINDOWS,,2000,2024-10-17,2024-10-29,2024-10-30,,3050180143020,11271 SW 133 TER,MIAMI,SEPTIMUS FOSTER &W MURIEL,NOT LISTED,,OWNER,1271 SW 133 TER,MIAMI,,
C2025003006,2025006010,0000000000,BLDG,R,ENT REPLACEMENT,SINGLE FAM RES-CLUST-ZERO LOT-TOWN HOUSE,LEGALIZE FRONT DOOR,WINDOWS,,500,2024-10-07,2024-10-30,2024-11-01,,3049150030110,14018 SW 40 TER,MIAMI,MARIA E CARPIO,NOT LISTED,,OWNER,14018 SW 40 TER,MIAMI,,
C2024081249,2025005506,0000000000,BLDG,R,ADDITION - DETACHED,SINGLE FAM RES-CLUST-ZERO LOT-TOWN HOUSE,LEGALIZE SHED,BUILDING (COUNTY),,2000,2024-03-20,2024-10-29,2024-11-25,11/25/2024,3069250160450,25275 SW 119 CT,MIAMI,MAGDIEL MARTINEZ,NOT LISTED,,OWNER,25275 SW 119 CT,MIAMI,,
C2024172752,2025005551,0000000000,BLDG,R,ALTER - EXTERIOR,SINGLE FAM RES-CLUST-ZERO LOT-TOWN HOUSE,LEGALIZE WOOD DECK,BUILDING (COUNTY),,5000,2024-09-09,2024-10-29,2024-10-31,10/31/2024,3040230420170,7060 SW 48 LN,MIAMI,DONNA URBAN,NOT LISTED,CGC1522313,CGP GROUP LLC,14350 SW 36 ST,MIAMI,33175,(305)987-2208
C2025009893,2025005543,0000000000,BLDG,R,FENCE NOMASONRY,SINGLE FAM RES-CLUST-ZERO LOT-TOWN HOUSE,LEGALIZE DURA FENCE,FENCE,,750,2024-10-22,2024-10-29,2026-04-28,,3050190011060,14841 FILLMORE ST,MIAMI,ARLEEN OLIVE,NOT LISTED,,OWNER,,MIAMI,,
C2024091089,2025005933,0000000000,BLDG,R,ALTER - EXTERIOR,SINGLE FAM RES-CLUST-ZERO LOT-TOWN HOUSE,REMODELLEGALIZATION,BUILDING (COUNTY),,10200,2024-04-09,2024-10-30,2025-10-08,10/08/2025,3021350130760,901 NW 116 ST,MIAMI,WORLD RENT LLC,NOT LISTED,CGC1517589,ELTEC CONSTRUCTION & INVESTMENT LIQUID,2400 NW 98 ST,MIAMI,33147,(305)694-1080
C2025007477,2025005641,2024062833,ELEC,R,ALTER - EXTERIOR,SINGLE FAM RES-CLUST-ZERO LOT-TOWN HOUSE,LEGALIZE DOOR OPEN,ELECTRICAL,,1500,2024-10-17,2024-10-29,2024-11-05,,3040200070350,4065 SW 98 CT,MIAMI,MADELIN MEDINA,NOT LISTED,,OWNER,,MIAMI,,
C2025009372,2025006105,0000000000,BLDG,R,FENCE NOMASONRY,SINGLE FAM RES-CLUST-ZERO LOT-TOWN HOUSE,DURAFENCE LEGALIZE,FENCE,,2000,2024-10-22,2024-10-31,2025-03-14,,3039520120180,1025 NW 128 CT,MIAMI,MARCOS MIRANDA MORALES,NOT LISTED,,OWNER,1025 NW 128 CT,MIAMI,,
M2024005643,2025005801,0000000000,MBLD,C,ALTER - INTERIOR,INDUSTRIAL USES,LEGALIZATION IDUST,MUNICIPAL GENERAL BUILDING,,2500,2023-12-21,2024-10-30,,,2230150640080,7735 NW 64 ST              1B,MIAMI,BERN GROUP LLC,NOT LISTED,CGC1522537,ALES GROUP INC,994 SW 69 AVE,MIAMI,33144,(305)262-1388
C2024154318,2025005847,0000000000,BLDG,R,ADDITION - DETACHED,SINGLE FAM RES-CLUST-ZERO LOT-TOWN HOUSE,LEGALIZE SHED,BUILDING (COUNTY),,1000,2024-08-02,2024-10-30,2025-02-27,02/27/2025,3079030011190,14521 SW 291 ST,MIAMI,JANET VAZQUEZ,NOT LISTED,CGC1533022,KEEP INVESTING LLC,8820 SW 49 PL,COOPER CITY,33328,(754)214-3336
C2024062235,2025006257,0000000000,ZIPS,R,ALTER - EXTERIOR,SINGLE FAM RES-CLUST-ZERO LOT-TOWN HOUSE,DETCH CAGE LEGALIZT,"AWNINGS\,CANOPIES & FABRIC COVERED FRAMEWORK\, RESIDENTIAL",,6500,2024-02-13,2024-10-31,2024-11-07,,3079060050460,17040 SW 281 ST,MIAMI,MARIO A GOMEZ,NOT LISTED,,OWNER,11865 SW 26 ST BLDG J-7,MIAMI,,
C2025010525,2025006307,2024073202,BLDG,R,ALTER - EXTERIOR,SINGLE FAM RES-CLUST-ZERO LOT-TOWN HOUSE,LEGALIZATION,ASPHALT (FIBERGLASS) SHINGLE ROOFS,,25000,2024-10-23,2024-10-31,2024-12-06,,3069010301280,19701 SW 123 CT,MIAMI,JULIO C FERRERA,NOT LISTED,,OWNER,16704 SW 99 CT,MIAMI,,
C2024176125,2025006087,0000000000,BLDG,R,FENCE NOMASONRY,SINGLE FAM RES-CLUST-ZERO LOT-TOWN HOUSE,LEGALIZE DURA FENCE,FENCE,,1375,2024-09-16,2024-10-31,2025-06-03,,3069350170290,26560 SW 127 AVE,MIAMI,REINALDO GERMAN,NOT LISTED,,OWNER,26560 SW 127 AVE,MIAMI,,
C2024165462,2025005770,0000000000,BLDG,R,ALTER - EXTERIOR,SINGLE FAM RES-CLUST-ZERO LOT-TOWN HOUSE,LEGALIZE WOOD DECK,BUILDING (COUNTY),,5000,2024-08-22,2024-10-30,2024-11-19,11/19/2024,3040230370790,7023 SW 53 LN,MIAMI,MARY I LOPEZ,NOT LISTED,CGC1522313,CGP GROUP LLC,14350 SW 36 ST,MIAMI,33175,(305)987-2208
C2024173355,2025006284,0000000000,BLDG,R,ALTER - EXTERIOR,SINGLE FAM RES-CLUST-ZERO LOT-TOWN HOUSE,LEGALIZE RAILING,BUILDING (COUNTY),,2300,2024-09-10,2024-10-31,2024-12-11,12/11/2024,3020020010510,19035 E SAINT ANDREWS DR,MIAMI,NELSON E BRANLY JR,NOT LISTED,CGC014624,CORNERS CONSTRUCTION CO,8259 NW 66TH ST.,MIAMI,33166,(305)718-6689
M2024005635,2025005810,0000000000,MBLD,C,ALTER - INTERIOR,INDUSTRIAL USES,LEGALIZATION,MUNICIPAL GENERAL BUILDING,,2500,2023-12-21,2024-10-30,,,2230150640100,7735 NW 64 ST              3B,MIAMI,BERN GROUP LLC,NOT LISTED,CGC1522537,ALES GROUP INC,994 SW 69 AVE,MIAMI,33144,(305)262-1388
C2024164646,2025006066,0000000000,BLDG,R,ENCLOSE,SINGLE FAM RES-CLUST-ZERO LOT-TOWN HOUSE,ALUM TERR LEGALIZE,METAL AWNG & SHUTR,,4500,2024-08-21,2024-10-31,2024-11-19,,3078120000503,29710 SW 183 CT,MIAMI,ULISES PELAYO MARTINEZ,NOT LISTED,,OWNER,16704 SW 99 CT,MIAMI,,
C2024147521,2025006806,0000000000,BLDG,R,ALTER - EXTERIOR,SINGLE FAM RES-CLUST-ZERO LOT-TOWN HOUSE,LEGALIZE DURAFENCE,FENCE,,7500,2024-07-22,2024-11-04,,,3031040080120,2949 NW 92 ST,MIAMI,2949 NW 92ND ST LLC,NOT LISTED,CGC1514702,SK QUALITY CONTRACTOR INC,15441 SW 49 ST,MIAMI,33185,(305)485-8802
C2024181214,2025006334,2024054344,ELEC,R,ALTER - EXTERIOR,SINGLE FAM RES-CLUST-ZERO LOT-TOWN HOUSE,EXT RENO LEGALIZE,ELECTRICAL,,16000,2024-09-25,2024-11-01,2025-06-02,,3031150270990,2133 NW 58 ST,MIAMI,ANGEL F GARCIA,NOT LISTED,EC13011361,ELECTRIC DOMAIN INC,410 NW 106TH ST,MIAMI,33150,(305)528-0725
C2022042977,2025006318,0000000000,BLDG,R,ALTER - EXTERIOR,SINGLE FAM RES-CLUST-ZERO LOT-TOWN HOUSE,LEGALIZATION,BUILDING (COUNTY),FENCE,12000,2021-12-28,2024-11-01,2026-04-17,,3069010012560,12221 SW 191 TER,MIAMI,DANY FERREIRA ARTEAGA,NOT LISTED,,OWNER,5895 SW 32 ST,MIAMI,,
C2025006730,2025006898,0000000000,BLDG,R,FENCE NOMASONRY,SINGLE FAM RES-CLUST-ZERO LOT-TOWN HOUSE,LEGALIZE DURA FENCE,FENCE,,5000,2024-10-16,2024-11-04,2025-01-27,,3069120100670,11832 SW 207 ST,MIAMI,CARLOS DOMINGUEZ,NOT LISTED,,OWNER,11832 SW 207 ST,MIAMI,,
C2025015304,2025006527,2024075561,ELEC,R,REPAIR,SINGLE FAM RES-CLUST-ZERO LOT-TOWN HOUSE,LEGALIZATION,ELECTRICAL,,2450,2024-11-01,2024-11-01,2024-11-25,,3049220100190,4760 SW 141 AVE,MIAMI,RICHARD MEDARDO PRIETO,NOT LISTED,,OWNER,4760 SW 141ST AVENUE,MIAMI,,
C2025015596,2025006860,0000000000,MECH,R,REPAIR,SINGLE FAM RES-CLUST-ZERO LOT-TOWN HOUSE,LEGALIZE,A/C - UNLTD,HEATING,1500,2024-11-04,2024-11-04,2024-12-16,,3040330070370,9121 SW 88 ST,MIAMI,CLAUDIA SELVA TRS,NOT LISTED,CAC1816558,CITY CONNECTION AIR CONDITIONING REFRI,10304 SW 130 CT,MIAMI,33186,(305)380-7217
C2024182396,2025006885,2024066485,BLDG,R,ALTER - EXTERIOR,SINGLE FAM RES-CLUST-ZERO LOT-TOWN HOUSE,LEGALIZE TERRACE,"GRAVEL\, SBS\, SINGLE PLY\, ETC.",,700,2024-09-26,2024-11-04,2024-11-15,,3049350110590,8003 SW 133 PL,MIAMI,MICHEL HERNANDEZ & KATY GOVEA,NOT LISTED,,OWNER,8003 SW 133 PL,MIAMI,,
C2025005943,2025006341,0000000000,BLDG,R,FENCE NOMASONRY,SINGLE FAM RES-CLUST-ZERO LOT-TOWN HOUSE,DURA FENCE LEGALIZE,FENCE,,6000,2024-10-15,2024-11-01,2025-03-10,,3059270060020,14001 SW 156 TER,MIAMI,MARLON  SIMON,NOT LISTED,CGC1523799,VPG CONSTRUCTION MANAGEMENT LLC,7005 N WATERWAY DR #304,MIAMI,33155,(786)250-5220
C2025015661,2025006700,0000000000,MECH,C,ALTER - EXTERIOR,5 UNITS OR MORE  - RESIDENTIAL,LEGALIZE CHANGEOUT,A/C - UNLTD,HEATING,930,2024-11-04,2024-11-04,2024-11-13,,3040181091300,3561 SW 117 AVE            7-203,MIAMI,MONSERRAT ICIAR GONZALEZ ORTIZ LE,NOT LISTED,CAC1821444,A/C ELECTRONICS LLC,7901 SW 137 CT,MIAMI,33183,(786)718-5034
M2024007835,2025006940,0000000000,MBLD,R,ALTER - EXTERIOR,SINGLE FAM RES-CLUST-ZERO LOT-TOWN HOUSE,LEGALIZE TERRACE,MUNICIPAL SUB-GENERAL BLDR,,2000,2024-01-25,2024-11-05,,,0821210041594,381 ALADDIN ST,MIAMI,JONATAN ARAUZ,NOT LISTED,,OWNER,,,,
C2020105798,2025006928,0000000000,BLDG,R,ADDITION - ATTACHED,SINGLE FAM RES-CLUST-ZERO LOT-TOWN HOUSE,LEGALIZATION,BUILDING (COUNTY),,25000,2020-05-29,2024-11-05,,,3021230010670,14735 NW 11 CT,MIAMI,DENISE GHANYA FOX,NOT LISTED,,OWNER,12260 SW 8 ST SUITE 204,MIAMI,,
C2023113457,2025006721,0000000000,BLDG,R,ALTER - EXTERIOR,SINGLE FAM RES-CLUST-ZERO LOT-TOWN HOUSE,LEGALIZATION,BUILDING (COUNTY),FENCE,5100,2023-05-31,2024-11-04,2025-02-28,,3059040611050,9540 SW 154 PL,MIAMI,WALTER S VISENT &W JENNY,NOT LISTED,,OWNER,10511 SW 88 ST 0203,MIAMI,,
C2025015685,2025006708,0000000000,MECH,C,ALTER - EXTERIOR,BODY AND MECHANICAL REPAIR SHOPS-VEHICLS,LEGALIZE AIR COMP,U.F. PRESSURE VESSEL,,2500,2024-11-04,2024-11-04,2024-12-12,,3030150010340,8280 NW 64 ST,MIAMI,QUANTUM PURPLE LLC,NOT LISTED,CAC1820272,ROLANDO'S H.V.A.C.LLC,5117 RIO VISTA,TAMPA,33634,(813)373-6804
C2024177626,2025006967,0000000000,BLDG,R,CONCRETE MASONRY,SINGLE FAM RES-CLUST-ZERO LOT-TOWN HOUSE,LEGALIZE FENCE,FENCE,,10000,2024-09-18,2024-11-05,2024-11-08,,3049240010200,12221 SW 43 ST,MIAMI,JOSE J DOMINGUEZ,NOT LISTED,,OWNER,12221 SW 43 ST,MIAMI,,
C2024146216,2025006628,0000000000,BLDG,R,FENCE NOMASONRY,SINGLE FAM RES-CLUST-ZERO LOT-TOWN HOUSE,LEGALIZE FENCE/GATE,FENCE,,3000,2024-07-18,2024-11-04,2025-04-04,,3040300100170,10760 SW 63 ST,MIAMI,JANET J ALVAREZ LE,NOT LISTED,CGC1516322,OROZ CONTRACTOR CORP,8320 NW 7 STREET,MIAMI,33126,(305)305-9479
C2024079362,2025007234,0000000000,BLDG,R,ALTER - EXTERIOR,SINGLE FAM RES-CLUST-ZERO LOT-TOWN HOUSE,LEGALIZE/CRPT ENCL,BUILDING (COUNTY),WINDOWS,23000,2024-03-18,2024-11-06,2025-07-10,,3022080260390,1160 NE 169 TER,MIAMI,MAIKIEL N STEIMAN& DEVORA STEIMAN,ARSHAD VIQAR PE,,OWNER,1175 NE 125 ST  SUITE 213,MIAMI,,
M2024024134,2025007762,0000000000,MBLD,R,ADDITION - DETACHED,SINGLE FAM RES-CLUST-ZERO LOT-TOWN HOUSE,LEGALIZE ADDITION,MUNICIPAL SUB-GENERAL BLDR,,60000,2024-08-27,2024-11-07,,,0621250261620,12735 N MIAMI AVE,MIAMI,MIGUEL A RODRIGUEZ,NOT LISTED,,OWNER,,,,
C2025015503,2025007440,2025000342,ELEC,R,REPAIR,SINGLE FAM RES-CLUST-ZERO LOT-TOWN HOUSE,LEGALIZE POOL,SWIMMING POOLS,,8000,2024-11-04,2024-11-06,2024-11-21,,3040200060570,10461 SW 42 ST,MIAMI,GEOFFREY CORZO,NOT LISTED,EC13002723,METRO ELECTRIC SERVICE INC,15050 NE 20 AVE,MIAMI,33181,(305)725-2989
C2025009527,2025007311,0000000000,BLDG,R,ENT REPLACEMENT,SINGLE FAM RES-CLUST-ZERO LOT-TOWN HOUSE,LEGALIZE WINDOW/DR,WINDOWS,,4300,2024-10-22,2024-11-06,2025-03-13,,3059270070320,15509 SW 138 PL,MIAMI,ALEXEI SETIEN RAMOS,NOT LISTED,,OWNER,15509 SW 138 PL,MIAMI,,
C2024176102,2025007299,0000000000,BLDG,C,ALTER - INTERIOR,5 UNITS OR MORE  - RESIDENTIAL,INTERIOR LEGALIZATI,GENERAL (COUNTY),,3000,2024-09-16,2024-11-06,2025-08-25,,3040350450340,7483 SW 82 ST              A301,MIAMI,LIDIA C ROMERO,NOT LISTED,CGC1528440,MTC GENERAL CONTRACTORS LLC,8305 WEST ATLANTIC BLVD,CORAL SRPINGS,33071,(708)278-3100
C2024006714,2025007289,0000000000,BLDG,R,ADDITION - DETACHED,SINGLE FAM RES-CLUST-ZERO LOT-TOWN HOUSE,SHED LEGALIZATION,BUILDING (COUNTY),,2700,2023-10-16,2024-11-06,2024-12-17,12/17/2024,3079060050460,17040 SW 281 ST,MIAMI,MARIO A GOMEZ,NOT LISTED,,OWNER,11865 SW 26 ST,MIAMI,,
C2025013813,2025007739,0000000000,BLDG,R,FENCE NOMASONRY,SINGLE FAM RES-CLUST-ZERO LOT-TOWN HOUSE,LEGALIZE FENCE,FENCE,,3600,2024-10-30,2024-11-07,2024-11-26,,3059110090680,10930 SW 134 AVE,MIAMI,JEFFREY D WEBER LE,NOT LISTED,,OWNER,10930 SW 134 AVE,MIAMI,,
M2025001473,2025007887,0000000000,MBLD,R,ALTER - INTERIOR,SINGLE FAM RES-CLUST-ZERO LOT-TOWN HOUSE,LEGALIZE INTERIOR,MUNICIPAL SUB-GENERAL BLDR,,3500,2024-10-23,2024-11-08,,,0722090040410,2174 NE 174 ST,MIAMI,GONUL KESMEZ,NOT LISTED,CGC1508685,SOUFFRONT CONSTRUTION'S GROUP LTD CO,15912 SW 100 TH LANE,MIAMI,33196,(786)306-9417
C2025017603,2025007577,2024059647,MECH,R,ADDITION - ATTACHED,SINGLE FAM RES-CLUST-ZERO LOT-TOWN HOUSE,LEGALIZE ADDIT/FENC,A/C - UNLTD,HEATING,2300,2024-11-07,2024-11-07,,,3049110060070,2400 SW 127 AVE,MIAMI,LEONEL CALDERIN HERNANDEZ,NOT LISTED,,OWNER,2400 SW 127 AVE,MIAMI,,
C2025017561,2025007576,2024059647,PLUM,R,ADDITION - ATTACHED,SINGLE FAM RES-CLUST-ZERO LOT-TOWN HOUSE,LEGALIZE ADDIT/FENC,PLUMBING,,2300,2024-11-07,2024-11-07,2024-11-08,,3049110060070,2400 SW 127 AVE,MIAMI,LEONEL CALDERIN HERNANDEZ,NOT LISTED,,OWNER,2400 SW 127 AVE,MIAMI,,
C2025017558,2025007575,2024059647,ELEC,R,ADDITION - ATTACHED,SINGLE FAM RES-CLUST-ZERO LOT-TOWN HOUSE,LEGALIZE ADDIT/FENC,ELECTRICAL,,2300,2024-11-07,2024-11-07,,,3049110060070,2400 SW 127 AVE,MIAMI,LEONEL CALDERIN HERNANDEZ,NOT LISTED,,OWNER,2400 SW 127 AVE,MIAMI,,
C2025003446,2025008037,0000000000,BLDG,R,ENCLOSE,SINGLE FAM RES-CLUST-ZERO LOT-TOWN HOUSE,LEGALIZE TERR,METAL AWNG & SHUTR,,3500,2024-10-08,2024-11-08,2024-12-18,,3069320040210,16345 SW 280 ST,MIAMI,CARLOS A FELIPE,NOT LISTED,,OWNER,14805 SW 75 LN,MIAMI,,
C2025018892,2025008031,2024059647,PLUM,R,ADDITION - ATTACHED,SINGLE FAM RES-CLUST-ZERO LOT-TOWN HOUSE,LEGALIZE ADDIT/FENC,GAS FITTING,,2300,2024-11-08,2024-11-08,2025-02-25,,3049110060070,2400 SW 127 AVE,MIAMI,LEONEL CALDERIN HERNANDEZ,NOT LISTED,,OWNER,2400 SW 127 AVE,MIAMI,,
C2025017229,2025008019,2024068673,ELEC,R,ALTER - EXTERIOR,SINGLE FAM RES-CLUST-ZERO LOT-TOWN HOUSE,LEGALIZE MINISPLIT,ELECTRICAL,,800,2024-11-06,2024-11-08,2025-03-31,,3059340350770,18142 SW 144 CT,MIAMI,GUILLERMO IFRAIN LUNA AGUILA LE,NOT LISTED,,OWNER,18142 SW 144 CT,MIAMI,,
C2025018765,2025008018,2024059415,PLUM,R,ALTER - INTERIOR,SINGLE FAM RES-CLUST-ZERO LOT-TOWN HOUSE,LEGALIZATION,PLUMBING,,10200,2024-11-08,2024-11-08,2025-01-07,,3049030220110,944 SW 145 CT,MIAMI,LISSET SILVA,NOT LISTED,,OWNER,3551 SW 139 AVE,MIAMI,,
C2025018763,2025008017,2024059415,ELEC,R,ALTER - INTERIOR,SINGLE FAM RES-CLUST-ZERO LOT-TOWN HOUSE,LEGALIZATION,ELECTRICAL,,10200,2024-11-08,2024-11-08,2024-11-18,,3049030220110,944 SW 145 CT,MIAMI,LISSET SILVA,NOT LISTED,,OWNER,3551 SW 139 AVE,MIAMI,,
C2025018761,2025008016,2024059415,MECH,R,ALTER - INTERIOR,SINGLE FAM RES-CLUST-ZERO LOT-TOWN HOUSE,LEGALIZATION,A/C - UNLTD,HEATING,10200,2024-11-08,2024-11-08,2024-11-14,,3049030220110,944 SW 145 CT,MIAMI,LISSET SILVA,NOT LISTED,,OWNER,3551 SW 139 AVE,MIAMI,,
C2024171365,2025007523,0000000000,BLDG,R,FENCE NOMASONRY,SINGLE FAM RES-CLUST-ZERO LOT-TOWN HOUSE,LEGALIZE WOOD FENCE,FENCE,,850,2024-09-05,2024-11-07,2025-02-21,,3049210211050,4241 SW 149 CT,MIAMI,ROBERTO SOCORRO,NOT LISTED,,OWNER,4241 SW 149 CT,MIAMI,,
C2025006932,2025007519,0000000000,BLDG,R,ADDITION - DETACHED,SINGLE FAM RES-CLUST-ZERO LOT-TOWN HOUSE,POOL LEGALIZATION,SWIMMING POOL,,35000,2024-10-16,2024-11-07,2025-06-13,,3040150180990,7790 SW 31 ST,MIAMI,JORGE F ALCINA MOREIRA,NOT LISTED,,OWNER,7790 SW 31 ST,MIAMI,,
C2025011422,2025007653,0000000000,ZIPS,R,ALTER - EXTERIOR,SINGLE FAM RES-CLUST-ZERO LOT-TOWN HOUSE,LEGALIZE CANOPY,"AWNINGS\,CANOPIES & FABRIC COVERED FRAMEWORK\, RESIDENTIAL",,1000,2024-10-25,2024-11-07,,,3020100080640,8350 NW 172 ST,MIAMI,ONIDIA RODRIGUEZ,NOT LISTED,,OWNER,,MIAMI,,
C2024147593,2025007648,0000000000,BLDG,R,ADDITION - DETACHED,SINGLE FAM RES-CLUST-ZERO LOT-TOWN HOUSE,LEGALIZE SHED,BUILDING (COUNTY),,5000,2024-07-22,2024-11-07,2025-08-05,08/05/2025,3021340121270,2300 NW 105 TER,MIAMI,KAREN A MARTIN,NOT LISTED,,OWNER,,MIAMI,,
C2024178254,2025007620,0000000000,PLUM,R,ALTER - EXTERIOR,SINGLE FAM RES-CLUST-ZERO LOT-TOWN HOUSE,LEGALIZE WATER HEAT,PLUMBING,,3000,2024-09-19,2024-11-07,2024-11-08,,3040300040880,11040 SW 60 ST,MIAMI,GEOFFREY A BURROWS,NOT LISTED,,OWNER,11040 SW 60 ST,MIAMI,,
C2025016438,2025007794,0000000000,BLDG,R,REPAIR,SINGLE FAM RES-CLUST-ZERO LOT-TOWN HOUSE,LEGALIZE FRONT DOOR,SINGLE ENTRANCE DOOR,,1000,2024-11-05,2024-11-08,,,3050290190400,15925 SW 105 CT,MIAMI,VIOLETA DE LA C N ECHENIQUE,NOT LISTED,CGC1521915,MULTITECH CORP,10240 SW 56 ST 112A,MIAMI,33165,(305)275-1229
C2024149466,2025008073,0000000000,BLDG,R,ALTER - INTERIOR,SINGLE FAM RES-CLUST-ZERO LOT-TOWN HOUSE,LEGALIZATION,BUILDING (COUNTY),SINGLE ENTRANCE DOOR,2100,2024-07-24,2024-11-09,2025-04-14,04/14/2025,3040150110350,7930 SW 37 TER,MIAMI,NESTOR R GARCIA ALCIVAR,NOT LISTED,,OWNER,10511 SW 88 ST # C203,MIAMI,,
C2024051134,2025007862,0000000000,BLDG,C,ALTER - EXTERIOR,APT BUILDING 3-4 UNITS,EXT LEGALIZATION,GENERAL (COUNTY),,5000,2024-01-23,2024-11-08,2025-10-15,10/15/2025,3040310000200,8655 SW 109 AVE,MIAMI,LAKELAND RESIDENTIAL GROUP LLC,NOT LISTED,CGC1507279,A.K.A. AND CONSTRUCTION COMPANY DBA:D.,25 SE 2 AVE STE 428,MIAMI,33131,(305)377-8850
C2025004552,2025007858,0000000000,ZIPS,R,ALTER - EXTERIOR,DUPLEX,LEGALIZR CHAIN LINK,"CHAIN LINK\, RESIDENTIAL\, NOT FOR SWIMMING POOL BARRIER",,11500,2024-10-10,2024-11-08,2024-12-09,,3068220000041,23655 SW 202 AVE,MIAMI,FINGER FARMS LLC,NOT LISTED,CGCA08318,JJS SERVICES INC,8570 STIRLING RD,HOLLYWOOD,33024,(954)553-0365
C2024035779,2025007837,0000000000,BLDG,R,FENCE NOMASONRY,SINGLE FAM RES-CLUST-ZERO LOT-TOWN HOUSE,LEGALIZE FENCE,FENCE,,5000,2023-12-14,2024-11-08,2024-11-15,,3049340090660,7404 SW 146 CT,MIAMI,ALEXIS LOPEZ & YAMELKIS DIAZ,NOT LISTED,,OWNER,7404 SW 146 CT,MIAMI,,
C2025009776,2025007832,0000000000,BLDG,R,FENCE NOMASONRY,SINGLE FAM RES-CLUST-ZERO LOT-TOWN HOUSE,LEGALIZE DURAFENCE,FENCE,,1800,2024-10-22,2024-11-08,2025-01-27,,3059270300570,14028 SW 155 TER,MIAMI,ARMANDO MORALES,NOT LISTED,,OWNER,14028 SW 155 TER,MIAMI,,
C2025018697,2025007947,0000000000,MECH,C,REPAIR,5 UNITS OR MORE  - RESIDENTIAL,LEGALIZE AC UNIT,A/C - UNLTD,HEATING,1500,2024-11-08,2024-11-08,2024-11-12,,3040181091490,3561 SW 117 AVE              7108,MIAMI,MOISES OSCAR HERNANDEZ LE,NOT LISTED,CAC056638,HAVANA AIR CONDITIONING INC,887 W 34 STR,HIALEAH,33012,(305)558-9136
C2024159291,2025008211,0000000000,BLDG,R,ALTER - EXTERIOR,SINGLE FAM RES-CLUST-ZERO LOT-TOWN HOUSE,LEGALIZED CARPORT,SCREEN ENCLOSURES,,400,2024-08-12,2024-11-12,2025-05-28,,3078110100010,19501 SW 307 ST,MIAMI,EDIRKE LORENZO SIMON TRETO,NOT LISTED,,OWNER,19501 SW 307 ST,MIAMI,,
C2024140807,2025008209,0000000000,BLDG,R,ALTER - EXTERIOR,SINGLE FAM RES-CLUST-ZERO LOT-TOWN HOUSE,LEGALIZE NEW DOOR,BUILDING (COUNTY),WINDOWS,500,2024-07-08,2024-11-12,2025-01-29,01/29/2025,3069250161570,11868 SW 248 TER,MIAMI,ANAY CARIDAD ARENCIBIA,NOT LISTED,,OWNER,11868 SW 248 TER,MIAMI,,
C2025018223,2025008435,2024074658,ELEC,R,ALTER - INTERIOR,SINGLE FAM RES-CLUST-ZERO LOT-TOWN HOUSE,LEGALIZE CONVERSION,ELECTRICAL,,25000,2024-11-07,2024-11-12,2025-02-19,,3049090041430,1710 SW 154 PATH,MIAMI,MERIDA PEREZ LE,NOT LISTED,EC13005807,SUNSHINE ELECTRICAL CONTRACTORS CORP,1300 SW 85 ST,MIAMI,33144,(305)265-4958
C2025010583,2025008301,0000000000,MECH,R,REPAIR,SINGLE FAM RES-CLUST-ZERO LOT-TOWN HOUSE,LEGALIZE A/C CHANGE,A/C - UNLTD,HEATING,1000,2024-10-23,2024-11-12,2024-11-13,,3059100360210,14361 SW 116 TER,MIAMI,ODALMIS DAPHNE BARROSO RODRIGUEZ,NOT LISTED,,OWNER,14361 SW 116 TER,MIAMI,,
C2024167780,2025008296,0000000000,BLDG,R,ADDITION - DETACHED,SINGLE FAM RES-CLUST-ZERO LOT-TOWN HOUSE,LEGALIZE SHED,BUILDING (COUNTY),,1050,2024-08-28,2024-11-12,2025-01-24,01/24/2025,3079090320410,30241 SW 156 AVE,MIAMI,YOHANKY FLEITAS LEON,NOT LISTED,,OWNER,35 SW 114 AVE # 105,MIAMI,,
C2024174461,2025008295,0000000000,BLDG,R,ALTER - EXTERIOR,SINGLE FAM RES-CLUST-ZERO LOT-TOWN HOUSE,EXT. DOOR LEGALIZE,BUILDING (COUNTY),SINGLE ENTRANCE DOOR,3400,2024-09-11,2024-11-12,2025-02-03,02/03/2025,3079090320410,30241 SW 156 AVE,MIAMI,YOHANKY FLEITAS LEON,NOT LISTED,CGC1521915,MULTITECH CORP,10240 SW 56 ST 112A,MIAMI,33165,(305)275-1229
C2025013363,2025008286,2024074658,PLUM,R,ALTER - INTERIOR,SINGLE FAM RES-CLUST-ZERO LOT-TOWN HOUSE,LEGALIZE CONVERSION,PLUMBING,,25000,2024-10-29,2024-11-12,2026-04-24,,3049090041430,1710 SW 154 PATH,MIAMI,MERIDA PEREZ LE,NOT LISTED,CFC1431548,INFINITY AT YOUR SERVICE LLC,13233 SW 13 ST,MIAMI,33184,(786)443-9590
C2025013359,2025008284,2024074658,MECH,R,ALTER - INTERIOR,SINGLE FAM RES-CLUST-ZERO LOT-TOWN HOUSE,LEGALIZE CONVERSION,A/C - UNLTD,HEATING,25000,2024-10-29,2024-11-12,2025-10-07,,3049090041430,1710 SW 154 PATH,MIAMI,MERIDA PEREZ LE,NOT LISTED,CAC1820913,MPP GROUP CORP,13233 SW 13 STREET,MIAMI,33184,(786)443-9590
C2025019778,2025008433,2025000934,MECH,R,ALTER - EXTERIOR,SINGLE FAM RES-CLUST-ZERO LOT-TOWN HOUSE,LEGALIZE ALTERATION,HEATING,,11200,2024-11-12,2024-11-12,2024-11-15,,3049040030150,15543 SW 9 TER,MIAMI,ANGEL EDUARDO LEON,NOT LISTED,,OWNER,15543 SW 9 TERR,MIAMI,,
C2025006320,2025008427,0000000000,BLDG,R,FENCE NOMASONRY,SINGLE FAM RES-CLUST-ZERO LOT-TOWN HOUSE,LEGALIZE FENCE,FENCE,,2500,2024-10-16,2024-11-12,2024-11-20,,3040090082140,1000 SW 93 AVE,MIAMI,SONIA TILVES MORENO,NOT LISTED,,OWNER,1000 SW 93 AVE,MIAMI,,
C2024159669,2025008121,0000000000,BLDG,R,FENCE NOMASONRY,SINGLE FAM RES-CLUST-ZERO LOT-TOWN HOUSE,LEGALIZE FENCE,FENCE,,4500,2024-08-12,2024-11-11,2025-04-01,,3040090720120,2254 SW 93 CT,MIAMI,JOSE RAMON CARVAJAL,NOT LISTED,,OWNER,224 SW 93 CT,MIAMI,,
C2024102665,2025008231,0000000000,BLDG,R,ENCLOSE,SINGLE FAM RES-CLUST-ZERO LOT-TOWN HOUSE,LEGALIZE ALUM TERR,METAL AWNG & SHUTR,,450,2024-04-30,2024-11-12,2024-11-15,,3050190012490,14540 TYLER ST,MIAMI,MICHAEL PEREZ AMADOR,NOT LISTED,,OWNER,14540 TYLER ST,MIAMI,,
C2025019168,2025008230,1994020617,MECH,R,REPAIR,SINGLE FAM RES-CLUST-ZERO LOT-TOWN HOUSE,LEGALIZE EXT UNIT,A/C - UNLTD,,10,2024-11-12,2024-11-12,2024-11-12,,3050300121160,15647 SW 113 PL,MIAMI,RODOBALDO DIAZ TOLEDO,NOT LISTED,,OWNER,15647 SW 113 PL,MIAMI,,
M2025001121,2025008445,0000000000,MBLD,C,ALTER - INTERIOR,5 UNITS OR MORE  - RESIDENTIAL,REMODEL/LEGALIZATIO,MUNICIPAL GENERAL BUILDING,,87064,2024-10-18,2024-11-12,,,0102010901190,224 SW 4 AVE                 2,MIAMI,CANNES 2017 LLC,NOT LISTED,CGC1513164,URBAN DOMUS CONSTRUCTION LLC,3550 SW 148TH AVE STE 110,MIRAMAR,33027,(954)874-1714
C2025019822,2025008440,2025005933,PLUM,R,ALTER - EXTERIOR,SINGLE FAM RES-CLUST-ZERO LOT-TOWN HOUSE,REMODELLEGALIZATION,PLUMBING,,10200,2024-11-12,2024-11-12,2025-07-29,,3021350130760,901 NW 116 ST,MIAMI,WORLD RENT LLC,NOT LISTED,CFC056755,G & L PLUMBING SERVICE INC,12335 SW 31 ST,MIAMI,33175,(305)316-5694
C2024178248,2025009036,0000000000,BLDG,R,ENT REPLACEMENT,SINGLE FAM RES-CLUST-ZERO LOT-TOWN HOUSE,LEGALIZE WINDOWS,WINDOWS,,30000,2024-09-19,2024-11-14,2025-03-24,,3049290031340,15982 SW 64 TER,MIAMI,MARIA BELLO &H CARLOS MIGUEL,NOT LISTED,CGC1506204,C A R N CONSTRUCTION CORP,1374 CANARY ISLAND DR,WESTON,33327,(786)229-9494
C2025001910,2025009035,2024038039,MECH,R,ALTER - EXTERIOR,SINGLE FAM RES-CLUST-ZERO LOT-TOWN HOUSE,LEGALIZATION,A/C - UNLTD,HEATING,27850,2024-10-03,2024-11-14,2025-07-29,,3040210320160,9400 SW 55 ST,MIAMI,ELENA MINSAL,NOT LISTED,,OWNER,488 PALM AVE,MIAMI,,
C2024151463,2025009010,0000000000,BLDG,R,ALTER - EXTERIOR,SINGLE FAM RES-CLUST-ZERO LOT-TOWN HOUSE,LAUNDRY LEGALIZATIO,BUILDING (COUNTY),,1200,2024-07-29,2024-11-14,2025-08-25,,3031150430170,2511 NW 65 ST,MIAMI,2905 NW 65TH ST LLC,NOT LISTED,CGC1525211,AA MASTERS CONSTRUCTION DEVELOPMENT AN,500 WN 94TH ST,MIAMI,33150,(305)244-0667
C2025019311,2025008614,2025006721,ELEC,R,ALTER - EXTERIOR,SINGLE FAM RES-CLUST-ZERO LOT-TOWN HOUSE,LEGALIZATION LIGHT,ELECTRICAL,,5100,2024-11-12,2024-11-13,2025-02-28,,3059040611050,9540 SW 154 PL,MIAMI,WALTER S VISENT &W JENNY,NOT LISTED,,OWNER,10511 SW 88 ST 0203,MIAMI,,
C2025019610,2025008588,2025008073,MECH,R,ALTER - INTERIOR,SINGLE FAM RES-CLUST-ZERO LOT-TOWN HOUSE,LEGALIZATION,MECHANICAL VENTILATION,,2100,2024-11-12,2024-11-13,2025-02-14,,3040150110350,7930 SW 37 TER,MIAMI,NESTOR R GARCIA ALCIVAR,NOT LISTED,,OWNER,10511 SW 88 ST # C203,MIAMI,,
C2025019236,2025008587,2025008073,ELEC,R,ALTER - INTERIOR,SINGLE FAM RES-CLUST-ZERO LOT-TOWN HOUSE,LEGALIZATION,ELECTRICAL,,2100,2024-11-12,2024-11-13,2025-02-14,,3040150110350,7930 SW 37 TER,MIAMI,NESTOR R GARCIA ALCIVAR,NOT LISTED,,OWNER,10511 SW 88 ST # C203,MIAMI,,
C2025001607,2025008685,0000000000,BLDG,R,ENCLOSE,SINGLE FAM RES-CLUST-ZERO LOT-TOWN HOUSE,LEGALIZE TERRACE,SCREEN ENCLOSURES,,2000,2024-10-03,2024-11-13,2025-01-07,,3050190013780,14840 JACKSON ST,MIAMI,LUIS GARCIA GONZALEZ,NOT LISTED,,OWNER,14840 JACKSON STREET,MIAMI,,
C2025012889,2025009093,0000000000,BLDG,R,ALTER - EXTERIOR,SINGLE FAM RES-CLUST-ZERO LOT-TOWN HOUSE,LEGALIZE WINDOW/DOO,BUILDING (COUNTY),WINDOWS,9000,2024-10-29,2024-11-14,2025-03-19,03/19/2025,3050310210670,11544 SW 169 TER,MIAMI,YUDITH TORRES GARCIA,NOT LISTED,,OWNER,11544 SW 169 TER,MIAMI,,
W2025019916,2025008782,2025005864,MECH,C,ALTER - INTERIOR,WAREHOUSE/STORAGE,MECHANICLEGALIZATIO,A/C - UNLTD,HEATING,5000,2024-11-12,2024-11-13,2024-12-20,,3021360320520,651 NW 117 ST                672,MIAMI,ALEXANDER GAMARNIK,NOT LISTED,CAC1815085,ACV 2 AIR CONDITIONING CORP,901 NW 132 PL,MIAMI,33182,(305)557-9041
C2025019786,2025008566,2025000934,ELEC,R,ALTER - EXTERIOR,SINGLE FAM RES-CLUST-ZERO LOT-TOWN HOUSE,LEGALIZE ALTERATION,ELECTRICAL,,11200,2024-11-12,2024-11-13,2024-11-15,,3049040030150,15543 SW 9 TER,MIAMI,ANGEL EDUARDO LEON,NOT LISTED,,OWNER,15543 SW 9 TERR,MIAMI,,
C2023110124,2025008524,0000000000,BLDG,R,ADDITION - DETACHED,SINGLE FAM RES-CLUST-ZERO LOT-TOWN HOUSE,LEGALIZE BEDROOM,BUILDING (COUNTY),,8700,2023-05-23,2024-11-13,2026-05-14,05/14/2026,3040180380320,3519 SW 113 PL,MIAMI,DEBORAH PRATHER TRS,NOT LISTED,CGC1533022,KEEP INVESTING LLC,8820 SW 49 PL,COOPER CITY,33328,(754)214-3336
C2025019773,2025009128,0000000000,BLDG,R,ENT REPLACEMENT,SINGLE FAM RES-CLUST-ZERO LOT-TOWN HOUSE,LEGALIZE WINDOW,WINDOWS,,975,2024-11-12,2024-11-14,2025-01-27,,3060180030900,11000 SW 218 TER,MIAMI,RICARDO SOUTO FONSECA,NOT LISTED,,OWNER,19345 SW 117 CT,MIAMI,,
C2024177986,2025009112,0000000000,BLDG,R,ENT REPLACEMENT,SINGLE FAM RES-CLUST-ZERO LOT-TOWN HOUSE,LEGALIZE WINDOW/DR,WINDOWS,SINGLE ENTRANCE DOOR,100,2024-09-18,2024-11-14,2024-12-17,,3022180073680,255 NE 161 ST,MIAMI,CARLOS CURIOSO DA SILVA,NOT LISTED,,OWNER,255 NE 161 ST,MIAMI,,
C2024160737,2025008753,0000000000,BLDG,R,ALTER - EXTERIOR,SINGLE FAM RES-CLUST-ZERO LOT-TOWN HOUSE,LEGALIZE SHED,BUILDING (COUNTY),,450,2024-08-14,2024-11-13,,,3031280080460,2612 NW 29 AVE,MIAMI,MARTHA ARTILES LA O,NOT LISTED,,OWNER,2612 NW 29 AVE,MIAMI,,
C2024149716,2025009327,0000000000,BLDG,R,ENT REPLACEMENT,SINGLE FAM RES-CLUST-ZERO LOT-TOWN HOUSE,DOOR LEGALIZATION,WINDOWS,,1200,2024-07-25,2024-11-15,2025-01-08,,3059040340180,9248 SW 149 PL,MIAMI,JAIRO MONTOYA LE,NOT LISTED,,OWNER,9248 SW 149 PL,MIAMI,,
C2024160234,2025008875,0000000000,ELEC,R,ALTER - EXTERIOR,SINGLE FAM RES-CLUST-ZERO LOT-TOWN HOUSE,LEGALIZE 30 EXT LIT,ELECTRICAL,,350,2024-08-13,2024-11-14,,,3021230240200,1261 NW 143 ST,MIAMI,OSMANI MIRANDA,NOT LISTED,,OWNER,1261 NW 143 ST,MIAMI,,
C2025010882,2025008860,0000000000,BLDG,R,FENCE NOMASONRY,SINGLE FAM RES-CLUST-ZERO LOT-TOWN HOUSE,LEGALIZE FENCE,FENCE,,850,2024-10-24,2024-11-14,2024-12-09,,3050190011630,14701 POLK ST,MIAMI,YUNIOR ARMANDO HERNANDEZ ANDRADE,NOT LISTED,,OWNER,14701 POLK ST,MIAMI,,
C2024117461,2025008931,0000000000,BLDG,R,ALTER - EXTERIOR,SINGLE FAM RES-CLUST-ZERO LOT-TOWN HOUSE,LEGALIZE DOORS/OPEN,BUILDING (COUNTY),WINDOWS,1500,2024-05-30,2024-11-14,2024-12-09,12/09/2024,3040180011130,3021 SW 117 AVE,MIAMI,BAUDILIO R AGUIAR &W MARIA D,NOT LISTED,,OWNER,3021 SW 117 AVE,MIAMI,,
C2025021837,2025009254,2025008931,ELEC,R,ALTER - EXTERIOR,SINGLE FAM RES-CLUST-ZERO LOT-TOWN HOUSE,LEGALIZE DOORS/OPEN,ELECTRICAL,,1500,2024-11-15,2024-11-15,2024-11-27,,3040180011130,3021 SW 117 AVE,MIAMI,BAUDILIO R AGUIAR &W MARIA D,NOT LISTED,,OWNER,3021 SW 117 AVE,MIAMI,,
C2025009433,2025009229,0000000000,BLDG,R,FENCE NOMASONRY,DUPLEX,LEGALIZATION,FENCE,,2750,2024-10-22,2024-11-15,2025-04-17,,3060060150220,19122 SW 113 PL,MIAMI,AIDA CONSUELO HERNANDEZ MARTINEZ,NOT LISTED,CGC1530593,PARRILLO BUILDERS GROUP LLC DBA:PARRIL,13390 SW 131 ST 133,MIAMI,33186,(786)343-6789
C2025007336,2025008902,0000000000,BLDG,R,FENCE NOMASONRY,SINGLE FAM RES-CLUST-ZERO LOT-TOWN HOUSE,WOOD FENCE LEGALIZE,FENCE,,6700,2024-10-17,2024-11-14,2025-03-06,,3022180020461,291 NE 152 ST,MIAMI,ALEXANDRA CRISTINA PERRARO,NOT LISTED,CBC1266471,EXXPONENTIAL LLC DBA:EXXPO CONSTRUCTIO,21378 MARINA COVE CIR B18,AVENTURA,33180,(720)453-8385
C2024051055,2025009187,0000000000,BLDG,R,ALTER - EXTERIOR,SINGLE FAM RES-CLUST-ZERO LOT-TOWN HOUSE,LEGALIZE DECK/STAIR,BUILDING (COUNTY),,6000,2024-01-23,2024-11-15,2025-04-25,04/25/2025,3040230400080,4941 SW 71 PL,MIAMI,MARY L SANDFORD (TRUST),NOT LISTED,CGC1512873,MEGA BUILDERS LLC,15102 SW 45 LN,MIAMI,33185,(786)564-4404
C2024170155,2025009364,0000000000,BLDG,R,ENCLOSE,SINGLE FAM RES-CLUST-ZERO LOT-TOWN HOUSE,LEGALIZE ALUM TERRA,METAL AWNG & SHUTR,,650,2024-09-03,2024-11-15,2025-08-27,,3040180650100,11270 SW 25 TER,MIAMI,EDUARDO CASTRO MIRABAL,NOT LISTED,,OWNER,11270 SW 25 TER,MIAMI,,
C2025017181,2025008894,0000000000,ELEC,C,ALTER - INTERIOR,RETAIL SALES,LEGALIZE ELEC PANEL,ELECTRICAL,,15000,2024-11-06,2024-11-14,2025-03-28,,2539360010010,12480 NW 25 ST               115,MIAMI,AMB INSTL ALLIANCE FD III LP,NOT LISTED,EC13005807,SUNSHINE ELECTRICAL CONTRACTORS CORP,1300 SW 85 ST,MIAMI,33144,(305)265-4958
C2025017457,2025009301,0000000000,BLDG,R,ALTER - EXTERIOR,SINGLE FAM RES-CLUST-ZERO LOT-TOWN HOUSE,GATE LEGALIZATION,FENCE,,2000,2024-11-06,2024-11-15,2025-04-07,,3049280241910,6302 SW 150 CT,MIAMI,HECTOR CASTELLANOS,NOT LISTED,,OWNER,6302 SW 150 CT,MIAMI,,
C2025020180,2025009277,2024051840,ELEC,R,ALTER - INTERIOR,SINGLE FAM RES-CLUST-ZERO LOT-TOWN HOUSE,GARAGE LEGALIZATION,ELECTRICAL,,10000,2024-11-13,2024-11-15,2024-11-26,,3039520090030,13221 NW 9 TER,MIAMI,EACH LOFTS LLC,NOT LISTED,22E000338,AROD POWER ELECTRIC LLC,11200 SW 158 ST,MIAMI,33157,(786)806-2150
C2025010254,2025009328,0000000000,BLDG,R,ALTER - EXTERIOR,SINGLE FAM RES-CLUST-ZERO LOT-TOWN HOUSE,LEGALIZE SHED,BUILDING (COUNTY),,200,2024-10-23,2024-11-15,2024-11-18,11/18/2024,3079050240400,28360 SW 163 AVE,MIAMI,MARIVEL DIAZ,NOT LISTED,,OWNER,28360 SW 163 AVE,MIAMI,,
C2025007052,2025009421,0000000000,BLDG,R,ENCLOSE,SINGLE FAM RES-CLUST-ZERO LOT-TOWN HOUSE,LEGALIZE TERRACE,METAL AWNG & SHUTR,,3500,2024-10-17,2024-11-16,2026-03-23,,3040120070280,2300 SW 64 AVE,MIAMI,CARLOS JOSE FERNANDEZ,NOT LISTED,,OWNER,2300 SW 64 AVE,MIAMI,,
C2024168398,2025009700,0000000000,BLDG,R,ALTER - EXTERIOR,SINGLE FAM RES-CLUST-ZERO LOT-TOWN HOUSE,LEGALIZE TERRACE,BUILDING (COUNTY),,7500,2024-08-28,2024-11-18,2025-01-23,01/23/2025,3020090081350,8892 NW 179 LN,MIAMI,NIOVEL CHIRINO ALVAREZ,NOT LISTED,CGC1516756,MAROCEF INC,3140 S OCEAN DR  #1109,HALLANDALE,33009,(954)457-0597
C2024045989,2025009746,0000000000,BLDG,R,ENCLOSE,SINGLE FAM RES-CLUST-ZERO LOT-TOWN HOUSE,LEGALIZE CAR PORTS,SCREEN ENCLOSURES,,600,2024-01-11,2024-11-18,2024-11-20,,3049010040010,12220 SW 3 TER,MIAMI,HUMBERTO SANTOS,NOT LISTED,CGC1514279,JR CONSTRUCTION & CONSULTANT INC,10970 SW 73 ST,MIAMI,33186,(305)951-9452
C2025021129,2025009787,0000000000,ZIPS,R,ALTER - EXTERIOR,SINGLE FAM RES-CLUST-ZERO LOT-TOWN HOUSE,LEGALIZE PICKET FEC,"PICKET FENCES\, IRON AND OTHER NON-WIND RESISTANT FENCES",,800,2024-11-14,2024-11-18,2025-02-28,,3031160092261,5436 NW 30 AVE,MIAMI,ENRIQUE REVELO,NOT LISTED,,OWNER,5436 NW 30 AVE,MIAMI,,
C2025002041,2025009683,0000000000,BLDG,R,ALTER - INTERIOR,SINGLE FAM RES-CLUST-ZERO LOT-TOWN HOUSE,LEGALIZE WALLS CONV,BUILDING (COUNTY),WINDOWS,1000,2024-10-04,2024-11-18,2025-04-09,,3040171090430,10006 SW 26 TER,MIAMI,RABDEM LEON,NOT LISTED,,OWNER,2015 W FLAGLER ST,MIAMI,,
C2024160651,2025009501,0000000000,BLDG,R,FENCE NOMASONRY,DUPLEX,LEGALIZE DURAFENCE,FENCE,,800,2024-08-14,2024-11-18,2026-04-14,,3031030070650,2238 NW 93 TER,MIAMI,BLUEFISH CAPITAL INC,NOT LISTED,CGC1528440,MTC GENERAL CONTRACTORS LLC,8305 WEST ATLANTIC BLVD,CORAL SRPINGS,33071,(708)278-3100
C2024170291,2025009767,0000000000,BLDG,R,FENCE NOMASONRY,SINGLE FAM RES-CLUST-ZERO LOT-TOWN HOUSE,LEGALIZE FENCE,FENCE,,350,2024-09-03,2024-11-18,2024-11-22,,3078110090010,19601 SW 308 ST,MIAMI,GRETER ARENCIBIA CUESTA,NOT LISTED,,OWNER,19601 SW 308 ST,MIAMI,,
C2025021795,2025009599,0000000000,MECH,R,ALTER - EXTERIOR,SINGLE FAM RES-CLUST-ZERO LOT-TOWN HOUSE,LEGALIZE,A/C - UNLTD,HEATING,500,2024-11-15,2024-11-18,2024-11-21,,3069120230770,20104 SW 123 DR,MIAMI,SERRANO WILDY LLC,NOT LISTED,CAC1818635,XTREME APPLIANCES AIR CONDITIONING & H,6615 W 22 LANE,HIALEAH,33016,(305)776-0001
C2024168716,2025010090,0000000000,MECH,R,ALTER - EXTERIOR,SINGLE FAM RES-CLUST-ZERO LOT-TOWN HOUSE,LEGALIZE MINI SPLIT,A/C - UNLTD,HEATING,1000,2024-08-29,2024-11-19,2024-12-23,,3040200060570,10461 SW 42 ST,MIAMI,GEOFFREY CORZO,NOT LISTED,CMC1251078,DECONEX INC,5065 NW 74 AVE #6,MIAMI,33166,(305)798-7633
C2024171735,2025009878,0000000000,BLDG,R,RE-ROOF/REPAIR,DUPLEX,LEGALIZATION,ASPHALT (FIBERGLASS) SHINGLE ROOFS,,7500,2024-09-05,2024-11-19,2025-09-30,,3021130021220,34 NW 164 ST,MIAMI,AMARAH BITYA LLC,NOT LISTED,12BS00540,AQUA ROOFING INC,2701 SW 29 AVE,MIAMI,33133,(786)564-7774
C2025007624,2025009839,0000000000,BLDG,R,ALTER - EXTERIOR,SINGLE FAM RES-CLUST-ZERO LOT-TOWN HOUSE,LEGALIZE ENTRYDOOR,BUILDING (COUNTY),WINDOWS,2500,2024-10-17,2024-11-19,2025-01-16,01/16/2025,3049290070190,15833 SW 60 TER,MIAMI,BEATRIZ MALE &H PABLO DIAZ,NOT LISTED,,OWNER,4801 NW 7 ST APT 807,MIAMI,,
C2025008185,2025009831,0000000000,BLDG,R,ADDITION - DETACHED,SINGLE FAM RES-CLUST-ZERO LOT-TOWN HOUSE,LEGALIZE SHED,BUILDING (COUNTY),,5000,2024-10-18,2024-11-19,2024-12-02,12/02/2024,3060180260420,23181 SW 107 AVE,MIAMI,BRYAN RILEY &W LISA C,NOT LISTED,,OWNER,23112 SW 107 AVE,MIAMI,,
C2025020229,2025009829,0000000000,BLDG,R,CONCRETE MASONRY,SINGLE FAM RES-CLUST-ZERO LOT-TOWN HOUSE,LEGALIZE MASON WALL,FENCE,,100,2024-11-13,2024-11-19,2025-03-24,,3050310190250,17115 SW 107 CT,MIAMI,CAROL MAGRAS,NOT LISTED,,OWNER,17115 SW 107 CT,MIAMI,,
C2025023164,2025009885,0000000000,MECH,R,ALTER - EXTERIOR,SINGLE FAM RES-CLUST-ZERO LOT-TOWN HOUSE,LEGALIZE AC,A/C - UNLTD,HEATING,800,2024-11-19,2024-11-19,2024-11-20,,3040190050530,11290 SW 48 ST,MIAMI,JUAN M CARRERA,NOT LISTED,,OWNER,,MIAMI,,
C2025018519,2025010019,0000000000,BLDG,R,FENCE NOMASONRY,SINGLE FAM RES-CLUST-ZERO LOT-TOWN HOUSE,LEGALIZE FENCE,FENCE,,1500,2024-11-08,2024-11-19,2025-02-19,,3040220080830,8435 SW 43 TER,MIAMI,DAVID G MENENDEZ,NOT LISTED,,OWNER,900 BISCAYNE BLVD,MIAMI,,
C2025007897,2025010302,0000000000,ELEC,R,ALTER - EXTERIOR,SINGLE FAM RES-CLUST-ZERO LOT-TOWN HOUSE,LEGALIZE WATER PUMP,ELECTRICAL,,1250,2024-10-18,2024-11-20,2025-04-01,,3078280001650,35200 SW 212 AVE,MIAMI,RUBEN I MUNOZ &W MARIA C,NOT LISTED,,OWNER,10511 SW 88 ST,MIAMI,,
C2025024826,2025010509,2025002751,ELEC,R,ALTER - INTERIOR,SINGLE FAM RES-CLUST-ZERO LOT-TOWN HOUSE,LEGALIZE DOOR ELEC,ELECTRICAL,,1600,2024-11-21,2024-11-21,2024-11-22,,3020030381400,7865 NW 194 TER,MIAMI,LEONEL FERNANDEZ MIR,NOT LISTED,,OWNER,7865 NW 194 TER,MIAMI,,
C2025010261,2025010234,0000000000,BLDG,R,ADDITION - DETACHED,SINGLE FAM RES-CLUST-ZERO LOT-TOWN HOUSE,TIKI HUT LEGALIZATI,BUILDING (COUNTY),,3000,2024-10-23,2024-11-20,2024-11-27,11/27/2024,3059270060050,13961 SW 156 TER,MIAMI,MACK A TEFERA,NOT LISTED,,OWNER,13961 SW 156 TER,MIAMI,,
M2024025344,2025010704,0000000000,MBLD,C,ALTER - INTERIOR,WAREHOUSE,UNSAFE STRUCTURE,MUNICIPAL GENERAL BUILDING,,15000,2024-09-11,2024-11-21,,,0431080019900,2775 E 10 AVE,MIAMI,2775 EAST 10TH PROPERTIES LLC,NOT LISTED,CGC1534142,ORO CONSULTING CORP,18001 NORTHWEST 79TH AVE,HIALEAH,33015,(954)804-1535
C2025019128,2025010681,0000000000,ZIPS,R,ADDITION - DETACHED,SINGLE FAM RES-CLUST-ZERO LOT-TOWN HOUSE,LEGALIZE JACUZZI,ABOVE GROUND POOLS THAT CONTAIN WATER OVER 24 INCHES DEEP,,1000,2024-11-12,2024-11-21,2024-11-25,,3059100360210,14361 SW 116 TER,MIAMI,ODALMIS DAPHNE BARROSO RODRIGUEZ,NOT LISTED,,OWNER,14361 SW 116 TER,MIAMI,,
C2024121309,2025010491,0000000000,BLDG,C,ENCLOSE,5 UNITS OR MORE  - RESIDENTIAL,LEGALIZE BALCONY,GENERAL (COUNTY),WINDOWS,4500,2024-06-05,2024-11-21,2025-05-14,,3030550891480,10249 NW 9 STREET CIR        1018,MIAMI,ISORA LAZO LE,NOT LISTED,CGC1518006,MAJOR LEAGUE BUILDERS INC,39 NW 60 AVE,MIAMI,33126,(305)970-4361
C2025017689,2025010138,0000000000,BLDG,R,ALTER - EXTERIOR,SINGLE FAM RES-CLUST-ZERO LOT-TOWN HOUSE,LEGALIZE DOOR,SINGLE ENTRANCE DOOR,,500,2024-11-07,2024-11-20,2024-11-27,,3040190054890,5250 SW 112 AVE,MIAMI,ROSAIDA HERNANDEZ,NOT LISTED,,OWNER,5250 SW 112 AVE,MIAMI,,
C2024145575,2025010221,0000000000,BLDG,R,ENCLOSE,SINGLE FAM RES-CLUST-ZERO LOT-TOWN HOUSE,LEGALIZE METAL AWN,METAL AWNG & SHUTR,,2000,2024-07-17,2024-11-20,2024-12-18,,3059030120140,14324 SW 97 TER,MIAMI,LUIS A & LUIS J RESTREPO,NOT LISTED,,OWNER,14324 SW 97 TER,MIAMI,,
C2025021904,2025010216,0000000000,ZIPS,R,ADDITION - DETACHED,SINGLE FAM RES-CLUST-ZERO LOT-TOWN HOUSE,LEGALIZE CHAIN FENC,"CHAIN LINK\, RESIDENTIAL\, NOT FOR SWIMMING POOL BARRIER",,2200,2024-11-15,2024-11-20,2024-12-09,,3068130000440,22600 SW 180 CT,MIAMI,ROBERT COLE JR,NOT LISTED,,OWNER,22600 SW 180 CT,MIAMI,,
C2025025099,2025010628,2024075350,ELEC,C,ALTER - INTERIOR,5 UNITS OR MORE  - RESIDENTIAL,LEGALIZATION,ELECTRICAL,,1000,2024-11-21,2024-11-21,2024-11-22,,3030550891690,10249 NW 9 STREET CIR      208-8,MIAMI,EDELMIRA CARRUYO,NOT LISTED,EC13004271,GENERAL CONSTRUCTION MASTER CORP,3340 NW 102 ST,MIAMI,33147,(305)216-5611
C2024051296,2025010449,0000000000,BLDG,R,FENCE NOMASONRY,SINGLE FAM RES-CLUST-ZERO LOT-TOWN HOUSE,LEGALIZATION FENCE,FENCE,,1175,2024-01-23,2024-11-21,2025-04-03,,3059330180090,15238 SW 179 TER,MIAMI,BRAULIO QUEVEDO &W YOHANKA,NOT LISTED,,OWNER,15238 SW 179 TER,MIAMI,,
C2025018254,2025010971,2024065096,BLDG,R,ADDITION - ATTACHED,SINGLE FAM RES-CLUST-ZERO LOT-TOWN HOUSE,LEGALIZE TERRACE,"GRAVEL\, SBS\, SINGLE PLY\, ETC.",,4000,2024-11-07,2024-11-22,2025-04-08,,3079090180340,15524 SW 297 TER,MIAMI,WILLIAM SAEZ,NOT LISTED,,OWNER,15524 SW 297 TER,MIAMI,,
C2025025643,2025010829,2025010746,ELEC,R,CONCRETE MASONRY,SINGLE FAM RES-CLUST-ZERO LOT-TOWN HOUSE,LEGALIZATION/FENCE,ELECTRICAL,,15000,2024-11-22,2024-11-22,2025-01-24,,3040300010010,11620 SW 56 ST,MIAMI,LEUTER INC,NOT LISTED,EC13008069,LC POWER INC,5504 SW 131 CT,MIAMI,33175,(786)236-4826
C2024173422,2025010761,0000000000,MECH,R,ALTER - EXTERIOR,SINGLE FAM RES-CLUST-ZERO LOT-TOWN HOUSE,LEGALIZE AC SPLIT,A/C - UNLTD,,2200,2024-09-10,2024-11-22,2025-01-15,,3040080130020,2114 SW 98 AVE,MIAMI,WESTCHESTER 2114 LLC,NOT LISTED,CAC058412,CENTRAL AIR CONTROL INC,2651 W 79 ST,HIALEAH,33016,(305)822-1551
C2025022295,2025010756,2024063135,ELEC,R,ALTER - EXTERIOR,SINGLE FAM RES-CLUST-ZERO LOT-TOWN HOUSE,LEGALIZING ADDITION,ELECTRICAL,,5000,2024-11-18,2024-11-22,2025-03-05,,3040090082140,1000 SW 93 AVE,MIAMI,SONIA TILVES MORENO,NOT LISTED,,OWNER,1000 SW 93 AVE,MIAMI,,
C2025022574,2025010755,2024063135,PLUM,R,ALTER - EXTERIOR,SINGLE FAM RES-CLUST-ZERO LOT-TOWN HOUSE,LEGALIZING ADDITION,PLUMBING,,5000,2024-11-18,2024-11-22,2025-02-12,,3040090082140,1000 SW 93 AVE,MIAMI,SONIA TILVES MORENO,NOT LISTED,,OWNER,1000 SW 93 AVE,MIAMI,,
C2025022283,2025010754,2024063135,MECH,R,ALTER - EXTERIOR,SINGLE FAM RES-CLUST-ZERO LOT-TOWN HOUSE,LEGALIZING ADDITION,A/C - UNLTD,HEATING,5000,2024-11-18,2024-11-22,2024-11-25,,3040090082140,1000 SW 93 AVE,MIAMI,SONIA TILVES MORENO,NOT LISTED,,OWNER,1000 SW 93 AVE,MIAMI,,
C2025025689,2025010857,2024007365,ELEC,R,ADDITION - ATTACHED,SINGLE FAM RES-CLUST-ZERO LOT-TOWN HOUSE,LEGALIZATION,ELECTRICAL,,8500,2024-11-22,2024-11-22,2025-01-27,,3049340030690,7520 SW 137 CT,MIAMI,JORGE ROSALES,NOT LISTED,EC13005889,AC ELECTRICAL INC,11915 SW 37 ST,MIAMI,33175,(305)970-2024
C2024183422,2025010746,0000000000,BLDG,R,CONCRETE MASONRY,SINGLE FAM RES-CLUST-ZERO LOT-TOWN HOUSE,LEGALIZATION/FENCE,FENCE,,15000,2024-09-30,2024-11-22,2025-01-29,,3040300010010,11620 SW 56 ST,MIAMI,LEUTER INC,NOT LISTED,CGC1520620,JCOM CONSTRUCTION INC,5001 SW 74 CT #100,MIAMI,33155,(305)669-5040
C2025006891,2025010976,0000000000,BLDG,R,ALTER - INTERIOR,SINGLE FAM RES-CLUST-ZERO LOT-TOWN HOUSE,LEGALIZE REMODELING,BUILDING (COUNTY),,3500,2024-10-16,2024-11-23,2025-11-10,11/10/2025,3040171220020,2417 SW 99 CT              S,MIAMI,LILIA MARILIN LEON JIMENEZ,NOT LISTED,CGC1514279,JR CONSTRUCTION & CONSULTANT INC,10970 SW 73 ST,MIAMI,33186,(305)951-9452
M2024021191,2025011180,0000000000,MBLD,C,ALTER - INTERIOR,WAREHOUSE,LEGALIZE PARTITIONS,MUNICIPAL GENERAL BUILDING,,4200,2024-07-19,2024-11-25,,,3530320040011,2105 NW 102 AVE,MIAMI,BPREP 2105 NW 102 AVE LLC,NOT LISTED,CGC1525996,A2Z CONSTRUCTION AND REMODEL LLC,8600 NW 64 ST STE 6,DORAL,33166,(786)953-2388
C2025023469,2025010799,2023014109,BLDG,R,ALTER - EXTERIOR,SINGLE FAM RES-CLUST-ZERO LOT-TOWN HOUSE,LEGALIZE GAZEBO,TILE ROOF,,25000,2024-11-19,2024-11-22,2024-12-10,,3012310050070,20421 NE 7 CT,MIAMI,MANUEL TURCIOS &W EMIGDIA,NOT LISTED,,OWNER,20421 NE 7 CT,MIAMI,,
C2024179045,2025010798,0000000000,ELEC,C,ALTER - EXTERIOR,RETAIL SALES,LEGALIZE EXT LIGHTS,ELECTRICAL,,1700,2024-09-20,2024-11-22,2025-01-28,,3031160096160,2739 NW 54 ST,MIAMI,INLUX LLC,NOT LISTED,EC13009676,PLUS POWER LLC,7030 W 10TH NAVE,HIALEAH,33014,(786)803-0007
C2024176141,2025011007,0000000000,BLDG,R,ALTER - EXTERIOR,SINGLE FAM RES-CLUST-ZERO LOT-TOWN HOUSE,LEGALIZE ENCLS/DOOR,BUILDING (COUNTY),WINDOWS,5000,2024-09-16,2024-11-25,2025-07-08,07/08/2025,3049320341280,7865 SW 164 PL,MIAMI,YOANNY IGLESIAS SANTANA,NOT LISTED,,OWNER,7105 SW 8 ST 407,MIAMI,,
C2025026231,2025011497,0000000000,BLDG,R,ENT REPLACEMENT,SINGLE FAM RES-CLUST-ZERO LOT-TOWN HOUSE,LEGALIZE WINDOWS,WINDOWS,,500,2024-11-25,2024-11-26,2026-08-06,,3040110011640,1921 SW 74 AVENUE RD,MIAMI,ARELY DUQUE PEREZ,NOT LISTED,,OWNER,1921 SW 74 AVE RD,MIAMI,,
C2023125966,2025011245,0000000000,BLDG,R,ALTER - INTERIOR,SINGLE FAM RES-CLUST-ZERO LOT-TOWN HOUSE,LEGALIZE GARAGE ENC,BUILDING (COUNTY),WINDOWS,8500,2023-06-26,2024-11-26,,,3020030230100,18723 NW 79 CT,MIAMI,NORA D GALLARDO,NOT LISTED,,OWNER,11865 SW 26 ST # J-7,MIAMI,,
C2023158533,2025011736,0000000000,BLDG,R,ADDITION - ATTACHED,SINGLE FAM RES-CLUST-ZERO LOT-TOWN HOUSE,LEGALIZE PORCH,BUILDING (COUNTY),STORM PANELS,10000,2023-08-21,2024-11-27,2025-03-20,03/20/2025,3021360290810,11528 NW 5 AVE,MIAMI,DENISE JUSTE,NOT LISTED,,OWNER,11528 NW 5 AVE,MIAMI,,
C2025021201,2025011107,0000000000,BLDG,R,ENT REPLACEMENT,SINGLE FAM RES-CLUST-ZERO LOT-TOWN HOUSE,LEGALIZE WINDOWS,WINDOWS,,6000,2024-11-14,2024-11-25,2024-11-26,,3049220060630,5206 SW 141 PL,MIAMI,GRACIELA MOLINA,NOT LISTED,CGC1504340,AMERIBUILT DEVELOPMENT CORPORATION,PO BOX 165023,MIAMI,33116,(305)567-1306
C2025027145,2025011395,0000000000,MECH,R,ALTER - EXTERIOR,SINGLE FAM RES-CLUST-ZERO LOT-TOWN HOUSE,LEGALIZE AC CHANGE,A/C - UNLTD,HEATING,200,2024-11-26,2024-11-26,2024-12-09,,3059270190160,14017 SW 160 TER,MIAMI,MICHAEL RODRIGUEZ JR,NOT LISTED,,OWNER,,MIAMI,,
C2025022892,2025011352,2025007519,ELEC,R,ADDITION - DETACHED,SINGLE FAM RES-CLUST-ZERO LOT-TOWN HOUSE,POOL LEGALIZATION,SWIMMING POOLS,,35000,2024-11-18,2024-11-26,2025-04-24,,3040150180990,7790 SW 31 ST,MIAMI,JORGE F ALCINA MOREIRA,NOT LISTED,,OWNER,7790 SW 31 ST,MIAMI,,
C2024145850,2025011293,0000000000,BLDG,R,FENCE NOMASONRY,SINGLE FAM RES-CLUST-ZERO LOT-TOWN HOUSE,LEGALIZE DURA FENCE,FENCE,,3000,2024-07-17,2024-11-26,2025-01-17,,3059270100010,14467 SW 152 TER,MIAMI,JORGE LUIS PEREZ JAIME,NOT LISTED,,OWNER,14467 SW 152 TER,MIAMI,,
C2025026259,2025011087,0000000000,MECH,R,ALTER - EXTERIOR,SINGLE FAM RES-CLUST-ZERO LOT-TOWN HOUSE,LEGALIZE A/C,A/C - UNLTD,HEATING,300,2024-11-25,2024-11-25,2025-07-03,,3040110011640,1921 SW 74 AVENUE RD,MIAMI,ARELY DUQUE PEREZ,NOT LISTED,,OWNER,1921 SW 74 AVE RD,MIAMI,,
C2025008557,2025011454,0000000000,BLDG,R,ALTER - EXTERIOR,SINGLE FAM RES-CLUST-ZERO LOT-TOWN HOUSE,LEGALIZE WOOD DECK,BUILDING (COUNTY),,5000,2024-10-21,2024-11-26,2024-12-10,12/10/2024,3040230370290,5215 SW 71 PL,MIAMI,VLADIMIR FRANK GOLIK,NOT LISTED,CGC1522313,CGP GROUP LLC,14350 SW 36 ST,MIAMI,33175,(305)987-2208
C2025015649,2025011940,0000000000,BLDG,R,FENCE NOMASONRY,SINGLE FAM RES-CLUST-ZERO LOT-TOWN HOUSE,LEGALIZE DURAFENCE,FENCE,,2000,2024-11-04,2024-12-02,2025-01-14,,3069260170330,26400 SW 133 AVE,MIAMI,MARIA D L A MORALES MILIAN,NOT LISTED,,OWNER,26400 SW 133 AVE,MIAMI,,
C2025015511,2025011937,0000000000,BLDG,R,ALTER - INTERIOR,SINGLE FAM RES-CLUST-ZERO LOT-TOWN HOUSE,LEGALIZATION,BUILDING (COUNTY),SINGLE ENTRANCE DOOR,2000,2024-11-04,2024-12-02,2025-05-30,05/30/2025,3069260170330,26400 SW 133 AVE,MIAMI,MARIA D L A MORALES MILIAN,NOT LISTED,,OWNER,11890 SW 8 ST,MIAMI,,
C2025024196,2025011915,0000000000,BLDG,R,FENCE NOMASONRY,SINGLE FAM RES-CLUST-ZERO LOT-TOWN HOUSE,LEGALIZE DURA GATE,FENCE,,250,2024-11-20,2024-12-02,,,3059360052160,17001 SW 120 CT,MIAMI,YULANDA B SMITH,NOT LISTED,,OWNER,17001 SW 120 CT,MIAMI,,
C2025028062,2025011914,2024023251,PLUM,R,ALTER - INTERIOR,DUPLEX,LEGALIZATIONS,PLUMBING,,3500,2024-11-27,2024-12-02,2025-03-03,,3022040090551,2510 NE 182 ST,MIAMI,UPSTAIRS PROPERTIES LLC,NOT LISTED,CFC1432992,MASTER CONTRACTORS INC,6476 KIRSTEN WAY,LAKE WORTH,33467,(561)712-8898
C2025025194,2025011910,0000000000,BLDG,R,ENT REPLACEMENT,SINGLE FAM RES-CLUST-ZERO LOT-TOWN HOUSE,DOOR LEGALIZATION,SINGLE ENTRANCE DOOR,,450,2024-11-21,2024-12-02,2025-03-03,,3050190010160,10995 PERRY DR,MIAMI,YADITH A PAUJAUD GONZALEZ,NOT LISTED,,OWNER,133 NE 24 AVE,MIAMI,,
C2024170772,2025011522,0000000000,BLDG,R,FENCE NOMASONRY,SINGLE FAM RES-CLUST-ZERO LOT-TOWN HOUSE,LEGALIZE DURA FENCE,FENCE,,6500,2024-09-04,2024-11-27,2025-02-21,,3020140280430,6946 NW 168 ST,MIAMI,SILVIA RODRIGUEZ,NOT LISTED,,OWNER,15476 NW 77 CT,MIAMI,,
C2025016349,2025011960,0000000000,BLDG,R,FENCE NOMASONRY,SINGLE FAM RES-CLUST-ZERO LOT-TOWN HOUSE,LEGALIZE FENCE,FENCE,,550,2024-11-05,2024-12-02,2024-12-11,,3050190152340,15109 SW 113 CT,MIAMI,GRITLI RAMIREZ,NOT LISTED,,OWNER,15109 SW 113 CT,MIAMI,,
C2025024587,2025011957,2025008211,ELEC,R,ALTER - EXTERIOR,SINGLE FAM RES-CLUST-ZERO LOT-TOWN HOUSE,LEGALIZED PORCH,ELECTRICAL,,400,2024-11-21,2024-12-02,2024-12-27,,3078110100010,19501 SW 307 ST,MIAMI,EDIRKE LORENZO SIMON TRETO,NOT LISTED,,OWNER,19501 SW 307 ST,MIAMI,,
C2025001185,2025011855,0000000000,BLDG,R,FENCE NOMASONRY,SINGLE FAM RES-CLUST-ZERO LOT-TOWN HOUSE,LEGALIZE WOOD FENCE,FENCE,,100,2024-10-02,2024-12-02,2025-05-14,,3079050100860,28102 SW 158 CT,MIAMI,ROGER TRUJILLO,NOT LISTED,,OWNER,28102 SW 158 CT,MIAMI,,
C2025017693,2025011634,0000000000,BLDG,R,ENT REPLACEMENT,SINGLE FAM RES-CLUST-ZERO LOT-TOWN HOUSE,LEGALIZE WINDOWS,WINDOWS,,1500,2024-11-07,2024-11-27,2024-12-03,,3049340051090,14532 SW 83 ST,MIAMI,STEPHANIE GONZALEZ,NOT LISTED,,OWNER,18710 SW 107 AVE,MIAMI,,
M2024023100,2025012261,0000000000,MBLD,R,ADDITION - DETACHED,SINGLE FAM RES-CLUST-ZERO LOT-TOWN HOUSE,ATTACHED LEGALIZATI,MUNICIPAL SUB-GENERAL BLDR,,15000,2024-08-13,2024-12-03,,,3421110081170,1340 NW 179 ST,MIAMI,JORGE LUIS PADRON TEJADA,NOT LISTED,,OWNER,,,,
M2025000603,2025012236,0000000000,MBLD,R,ALTER - INTERIOR,SINGLE FAM RES-CLUST-ZERO LOT-TOWN HOUSE,REMODELING/LEGALIZE,MUNICIPAL SUB-GENERAL BLDR,,50000,2024-10-09,2024-12-03,,,0420260150260,7993 W 18 LN,MIAMI,NANAS HOMES LLC,NOT LISTED,CGC1514279,JR CONSTRUCTION & CONSULTANT INC,10970 SW 73 ST,MIAMI,33186,(305)951-9452
M2025002609,2025012153,0000000000,MBLD,R,ADDITION - ATTACHED,DUPLEX,LEGALIZATION ADDITI,MUNICIPAL SUB-GENERAL BLDR,,8000,2024-11-07,2024-12-03,,,0431050022910,3980 E 10 AVE,MIAMI,JULIO SUEN,NOT LISTED,,OWNER,,,,
C2025015405,2025012150,0000000000,BLDG,R,ADDITION - DETACHED,SINGLE FAM RES-CLUST-ZERO LOT-TOWN HOUSE,LEGALIZE SHED,BUILDING (COUNTY),,500,2024-11-01,2024-12-03,2025-01-14,01/14/2025,3069260170330,26400 SW 133 AVE,MIAMI,MARIA D L A MORALES MILIAN,NOT LISTED,,OWNER,26400 SW 133 AVE,MIAMI,,
C2024178358,2025012149,0000000000,BLDG,R,FENCE NOMASONRY,SINGLE FAM RES-CLUST-ZERO LOT-TOWN HOUSE,LEGALIZATION,FENCE,,800,2024-09-19,2024-12-03,2024-12-20,,3059340310590,13790 SW 174 ST,MIAMI,DANIEL COLLEJO BENITEZ,NOT LISTED,CGC1528290,KAVOD BUILDERS LLC,32 NE 164 ST,MIAMI,33162,(305)399-0303
C2025026403,2025011789,0000000000,BLDG,R,RE-ROOF/REPAIR,SINGLE FAM RES-CLUST-ZERO LOT-TOWN HOUSE,REROOF LEGALIZAITON,"GRAVEL\, SBS\, SINGLE PLY\, ETC.",,6000,2024-11-25,2024-12-02,,,3040190041450,4380 SW 107 AVE,MIAMI,SEVERINA MACHADO DE MARTINEZ,NOT LISTED,CCC1334054,1 OAK HOME IMPROVEMENT INC,3200 S CONGRESS AVE STE 201,BOYNTON BEACH,33426,(561)513-6211
C2025028794,2025012321,2024073202,MECH,R,ALTER - EXTERIOR,SINGLE FAM RES-CLUST-ZERO LOT-TOWN HOUSE,LEGALIZATION,A/C - UNLTD,HEATING,25000,2024-12-02,2024-12-03,2024-12-06,,3069010301280,19701 SW 123 CT,MIAMI,JULIO C FERRERA,NOT LISTED,,OWNER,16704 SW 99 CT,MIAMI,,
C2024183545,2025012304,0000000000,BLDG,R,ADDITION - DETACHED,SINGLE FAM RES-CLUST-ZERO LOT-TOWN HOUSE,LEGALIZE SHED,BUILDING (COUNTY),,3400,2024-09-30,2024-12-03,2024-12-23,12/23/2024,3050190022400,11610 SW 136 ST,MIAMI,RAFAEL NEGRIN LEZCANO,NOT LISTED,CGC1514279,JR CONSTRUCTION & CONSULTANT INC,10970 SW 73 ST,MIAMI,33186,(305)951-9452
C2025027926,2025012193,2025000325,MECH,R,ALTER - INTERIOR,SINGLE FAM RES-CLUST-ZERO LOT-TOWN HOUSE,LEGALIZATION/FENCE,A/C - UNLTD,HEATING,2800,2024-11-27,2024-12-03,2025-02-05,,3049280040690,14982 SW 65 TER,MIAMI,CARLOS FERNANDEZ &W ENEIDA R,NOT LISTED,,OWNER,14982 SW 65 TER,MIAMI,,
C2025027931,2025012192,2025000325,ELEC,R,ALTER - INTERIOR,SINGLE FAM RES-CLUST-ZERO LOT-TOWN HOUSE,LEGALIZATION/FENCE,ELECTRICAL,,2800,2024-11-27,2024-12-03,2025-02-12,,3049280040690,14982 SW 65 TER,MIAMI,CARLOS FERNANDEZ &W ENEIDA R,NOT LISTED,,OWNER,14982 SW 65 TER,MIAMI,,
C2025027921,2025012191,2025000325,PLUM,R,ALTER - INTERIOR,SINGLE FAM RES-CLUST-ZERO LOT-TOWN HOUSE,LEGALIZATION/FENCE,PLUMBING,,2800,2024-11-27,2024-12-03,2025-04-01,,3049280040690,14982 SW 65 TER,MIAMI,CARLOS FERNANDEZ &W ENEIDA R,NOT LISTED,,OWNER,14982 SW 65 TER,MIAMI,,
C2025025799,2025012342,2024061128,ELEC,R,ADDITION - DETACHED,SINGLE FAM RES-CLUST-ZERO LOT-TOWN HOUSE,LEGALIZE POOL DECK,SWIMMING POOLS,,1200,2024-11-22,2024-12-04,2024-12-10,,3059270090760,16520 SW 145 AVE,MIAMI,ADRIAN HERNANDEZ,NOT LISTED,,OWNER,133 NE 24 AVE,MIAMI,,
C2025008533,2025012884,0000000000,BLDG,R,ALTER - EXTERIOR,SINGLE FAM RES-CLUST-ZERO LOT-TOWN HOUSE,LEGALIZE SHUTTERS,METAL AWNG & SHUTR,,1400,2024-10-21,2024-12-05,2024-12-20,,3021350290130,1335 NW 113 TER,MIAMI,SOBEIBIS RAMIREZ,NOT LISTED,,OWNER,13616 SW 115 LN,MIAMI,,
C2025026444,2025012703,0000000000,ZIPS,R,ALTER - EXTERIOR,SINGLE FAM RES-CLUST-ZERO LOT-TOWN HOUSE,LEGALIZE PERGOLA,"AWNINGS\,CANOPIES & FABRIC COVERED FRAMEWORK\, RESIDENTIAL",,700,2024-11-25,2024-12-05,2024-12-12,,3050310250240,11019 SW 168 TER,MIAMI,LUIS A LAJE,NOT LISTED,,OWNER,11019 SW 168 TER,MIAMI,,
C2025026405,2025012702,0000000000,BLDG,R,ADDITION - DETACHED,SINGLE FAM RES-CLUST-ZERO LOT-TOWN HOUSE,LEGALIZE RELO SHED,BUILDING (COUNTY),,150,2024-11-25,2024-12-05,2024-12-13,12/13/2024,3050310250240,11019 SW 168 TER,MIAMI,LUIS A LAJE,NOT LISTED,,OWNER,11019 SW 168 TER,MIAMI,,
C2025016690,2025012507,0000000000,BLDG,R,ALTER - EXTERIOR,SINGLE FAM RES-CLUST-ZERO LOT-TOWN HOUSE,LEGALIZE WINDOW/TER,BUILDING (COUNTY),WINDOWS,2000,2024-11-05,2024-12-04,2025-04-18,04/18/2025,,,HOMESTEAD,,NOT LISTED,,OWNER,11890 SW 8 ST 408,MIAMI,,
C2024169023,2025012504,0000000000,ZIPS,R,ALTER - EXTERIOR,SINGLE FAM RES-CLUST-ZERO LOT-TOWN HOUSE,LEGALIZE 2 CANOPIES,"AWNINGS\,CANOPIES & FABRIC COVERED FRAMEWORK\, RESIDENTIAL",,450,2024-08-29,2024-12-04,2024-12-05,,3040300120480,6400 SW 108 PL,MIAMI,SILVIA C SIXTO,NOT LISTED,,OWNER,6400 SW 108 PL,MIAMI,,
C2025013063,2025012397,0000000000,BLDG,R,ENT REPLACEMENT,SINGLE FAM RES-CLUST-ZERO LOT-TOWN HOUSE,LEGALIZE WINDOW/DOO,WINDOWS,,5000,2024-10-29,2024-12-04,2025-04-11,,3049020220100,22 SW 134 CT,MIAMI,JESUS R RIVERO &W ODALYS M,NOT LISTED,,OWNER,22 SW 134 CT,MIAMI,,
C2024141906,2025012767,0000000000,BLDG,R,FENCE NOMASONRY,SINGLE FAM RES-CLUST-ZERO LOT-TOWN HOUSE,LEGALIZE FENCE,FENCE,,240,2024-07-10,2024-12-05,2026-08-19,,3012330030630,2530 NE 209 TER,MIAMI,HAIM Y LANKRI,NOT LISTED,,OWNER,2530 NE 209 TER,MIAMI,,
C2024152460,2025012856,0000000000,BLDG,R,ENT REPLACEMENT,SINGLE FAM RES-CLUST-ZERO LOT-TOWN HOUSE,LEGALIZATION,WINDOWS,,850,2024-07-31,2024-12-05,2025-07-01,,3050200050130,14725 SW 107 AVE,MIAMI,DANAYSY ESCALONA VAZQUEZ,NOT LISTED,,OWNER,14725 SW 107 AVE,MIAMI,,
C2024096570,2025012853,0000000000,BLDG,R,FENCE NOMASONRY,SINGLE FAM RES-CLUST-ZERO LOT-TOWN HOUSE,LEGALIZE DURA FENCE,FENCE,,2700,2024-04-18,2024-12-05,2025-03-21,,3031160000460,3161 NW 69 ST,MIAMI,EDUARDO RODRIGUEZ NOA,NOT LISTED,,OWNER,3161 NW 69 ST,MIAMI,,
C2025026661,2025012790,2023060536,BLDG,R,ALTER - INTERIOR,SINGLE FAM RES-CLUST-ZERO LOT-TOWN HOUSE,LEGALIZE DOOR     V,WINDOWS,,450,2024-11-25,2024-12-05,2024-12-09,,3049350041250,13361 SW 78 ST,MIAMI,JAVIER OSCAR SUAREZ ADAY,NOT LISTED,,OWNER,13361 SW 78 ST,MIAMI,,
C2025024834,2025012753,0000000000,BLDG,R,FENCE NOMASONRY,SINGLE FAM RES-CLUST-ZERO LOT-TOWN HOUSE,LEGALIZE DURAFENCE,FENCE,,1500,2024-11-21,2024-12-05,2024-12-18,,3040200130740,4202 SW 98 AVE,MIAMI,AMICA INVESTMENTS L L C,NOT LISTED,CGC061867,PRECISION SOURCE INC,13851 SW 20 ST,MIAMI,33175,(305)796-1024
C2025025698,2025012824,0000000000,BLDG,R,FENCE NOMASONRY,SINGLE FAM RES-CLUST-ZERO LOT-TOWN HOUSE,LEGALIZE FENCE/GATE,FENCE,,600,2024-11-22,2024-12-05,2025-09-29,,3060180020160,22120 SW 114 CT,MIAMI,ROSETTA SHEPPARD,NOT LISTED,,OWNER,1435 SW 87 AVE,MIAMI,,
C2025031359,2025013013,0000000000,BLDG,R,RE-ROOF/REPAIR,SINGLE FAM RES-CLUST-ZERO LOT-TOWN HOUSE,LEGALIZE COATING,"GRAVEL\, SBS\, SINGLE PLY\, ETC.",,500,2024-12-06,2024-12-06,2024-12-09,,3040210030250,8940 SW 40 TER,MIAMI,RODOLFO NOGUERA LE,NOT LISTED,,OWNER,8940 SW 40 TER,MIAMI,,
C2024122124,2025013002,0000000000,BLDG,R,ALTER - EXTERIOR,SINGLE FAM RES-CLUST-ZERO LOT-TOWN HOUSE,LEGALIZE SHED,BUILDING (COUNTY),,8900,2024-06-06,2024-12-06,2025-05-05,05/05/2025,3031090021150,8145 NW 34 AVE,MIAMI,GUILLERMO ENRIQUE LAGOS &W,NOT LISTED,CGC1506495,RUDGE WOOD FLOORING INC,2334 NW 78 ST,MIAMI,33147,(786)346-4374
C2025022503,2025012995,0000000000,BLDG,R,ENT REPLACEMENT,SINGLE FAM RES-CLUST-ZERO LOT-TOWN HOUSE,LEGALIZE DOOR,WINDOWS,,1000,2024-11-18,2024-12-06,2025-04-15,,3069330040160,15250 SW 269 TER,MIAMI,VYTAUTAS LINAS RAMUNAS,NOT LISTED,,OWNER,15250 SW 269 TER,MIAMI,,
C2025015533,2025013383,0000000000,BLDG,R,ENCLOSE,SINGLE FAM RES-CLUST-ZERO LOT-TOWN HOUSE,LEGALIZE TERR,METAL AWNG & SHUTR,,1500,2024-11-04,2024-12-09,2025-01-29,,3059270270510,14246 SW 164 TER,MIAMI,JOHN HERNANDEZ,NOT LISTED,CGC1527715,DESIGN PLUS CONSTRUCTION LLC,5351 SW 4 ST,CORAL GABLES,33134,(786)440-1333
C2024140191,2025013363,0000000000,BLDG,R,FENCE NOMASONRY,SINGLE FAM RES-CLUST-ZERO LOT-TOWN HOUSE,FENCE LEGALIZATION,FENCE,,8500,2024-07-08,2024-12-09,2025-07-11,,3020010032350,6350 NW 201 ST,MIAMI,LAZARO GONZALEZ,NOT LISTED,,OWNER,6350 NW 201 ST,MIAMI,,
C2025017116,2025013129,0000000000,BLDG,R,ADDITION - DETACHED,SINGLE FAM RES-CLUST-ZERO LOT-TOWN HOUSE,LEGALIZE SHED(B),BUILDING (COUNTY),,100,2024-11-06,2024-12-06,2025-01-23,01/23/2025,3059270060930,15821 SW 139 CT,MIAMI,NARCISO ALONSO SERRANO,NOT LISTED,,OWNER,15821 SW 139 CT,MIAMI,,
C2024148373,2025012915,0000000000,BLDG,R,ENT REPLACEMENT,SINGLE FAM RES-CLUST-ZERO LOT-TOWN HOUSE,LEGALIZE WIND/DOORS,WINDOWS,SINGLE ENTRANCE DOOR,2200,2024-07-23,2024-12-06,,,3079040120140,29425 SW 155 CT,MIAMI,YOLEISY BERNAL,NOT LISTED,,OWNER,13616 SW 115 LN,MIAMI,,
C2025016417,2025012971,2024024311,ELEC,R,ALTER - EXTERIOR,SINGLE FAM RES-CLUST-ZERO LOT-TOWN HOUSE,LEGALIZED DECK&DOCK,ELECTRICAL,,5500,2024-11-05,2024-12-06,2025-04-24,,3040230380160,5280 SW 69 PL,MIAMI,IRVING BERGMAN TRS,NOT LISTED,EC13005560,ELECTRICAL SERVICES JC INC,4401 SW 102 AVE,MIAMI,33165,(305)244-8628
C2024087376,2025012907,0000000000,BLDG,R,ADDITION - DETACHED,SINGLE FAM RES-CLUST-ZERO LOT-TOWN HOUSE,LEGALIZE SHED,BUILDING (COUNTY),,6500,2024-04-02,2024-12-06,2026-06-15,06/15/2026,3040110050100,1390 SW 73 AVE,MIAMI,JENNY HOLDING INC,NOT LISTED,CGC1513855,HABITAT GROUP INC,16909 N BAY RD  3507,SUNNY ISLES,33160,(305)940-9409
C2025019785,2025012618,0000000000,BLDG,R,FENCE NOMASONRY,SINGLE FAM RES-CLUST-ZERO LOT-TOWN HOUSE,LEGALIZE WOOD FENCE,FENCE,,2000,2024-11-12,2024-12-05,2025-05-20,,3060190150090,24226 SW 113 PSGE,MIAMI,YSAURA J MARQUEZ,NOT LISTED,,OWNER,100 BISCAYNE BLVD SUITE 1607,MIAMI,,
C2024175228,2025012931,0000000000,BLDG,R,FENCE NOMASONRY,SINGLE FAM RES-CLUST-ZERO LOT-TOWN HOUSE,LEGALIZE META FENCE,FENCE,,2600,2024-09-12,2024-12-06,,,3021230240200,1261 NW 143 ST,MIAMI,OSMANI MIRANDA,NOT LISTED,,OWNER,1261 NW 143 ST,MIAMI,,
C2025014557,2025013153,0000000000,BLDG,R,ALTER - EXTERIOR,SINGLE FAM RES-CLUST-ZERO LOT-TOWN HOUSE,LEGALIZE SHED,BUILDING (COUNTY),,5000,2024-10-31,2024-12-06,2025-07-16,07/16/2025,3040100200970,7711 SW 21 ST,MIAMI,7711 SW 21 ST LLC,NOT LISTED,CGC1514279,JR CONSTRUCTION & CONSULTANT INC,10970 SW 73 ST,MIAMI,33186,(305)951-9452
C2025031490,2025013040,2024070271,PLUM,R,ALTER - EXTERIOR,SINGLE FAM RES-CLUST-ZERO LOT-TOWN HOUSE,LEGALIZATION GLASS,PLUMBING,,1800,2024-12-06,2024-12-06,2024-12-17,,3050320060110,10150 SW 170 TER,MIAMI,ZAIDA VALDES,NOT LISTED,,OWNER,10150 SW 170 TER,MIAMI,,
C2024120511,2025013149,0000000000,BLDG,C,ALTER - INTERIOR,RETAIL SALES,LEGALIZATION,GENERAL (COUNTY),,3000,2024-06-04,2024-12-06,2025-12-16,12/16/2025,3022040090770,18280 W DIXIE HWY,MIAMI,ADVANCED FOOTCARE INC,NOT LISTED,CGC1518469,BUILD PRO CONSTRUCTION INC,960 N 73RD WAY,HOLLYWOOD,33024,(786)740-2549
C2024150043,2025013290,0000000000,BLDG,R,FENCE NOMASONRY,SINGLE FAM RES-CLUST-ZERO LOT-TOWN HOUSE,LEGALIZATION FENCE,FENCE,,8000,2024-07-25,2024-12-09,2025-10-23,,3031040033651,2979 NW 93 ST,MIAMI,JULIO C PONS,NOT LISTED,,OWNER,175 FONTAINBLEAU BLVD,MIAMI,,
C2025021516,2025013539,0000000000,BLDG,R,ALTER - EXTERIOR,SINGLE FAM RES-CLUST-ZERO LOT-TOWN HOUSE,LEGALIZE DOOR BLOCK,BUILDING (COUNTY),WINDOWS,130,2024-11-15,2024-12-10,2025-05-14,05/14/2025,3050190030850,10711 SW 150 TER,MIAMI,ZULAY LOZANO,NOT LISTED,,OWNER,,MIAMI,,
C2025032115,2025013628,0000000000,BLDG,R,ENT REPLACEMENT,SINGLE FAM RES-CLUST-ZERO LOT-TOWN HOUSE,LEGALIZATION,WINDOWS,,2300,2024-12-09,2024-12-10,2025-01-09,,3069120230720,20050 SW 123 DR,MIAMI,MARIA MEJIA,NOT LISTED,CGC1526889,PC DESIGN & CONSULTING INC,2145 SW 89 PL,MIAMI,33165,(954)646-6264
C2025032213,2025013345,2025013296,ELEC,R,ALTER - INTERIOR,SINGLE FAM RES-CLUST-ZERO LOT-TOWN HOUSE,LEGALIZE A/C REPLCM,CHANGE OUT OF EXACT REPLACEMENT OF AC,,300,2024-12-09,2024-12-09,2025-03-03,,3040090053540,1821 SW 88 AVE,MIAMI,ANTONIO E MARTINEZ,NOT LISTED,,OWNER,1821 SW 88 AVE,MIAMI,,
C2024149825,2025013591,0000000000,BLDG,R,FENCE NOMASONRY,SINGLE FAM RES-CLUST-ZERO LOT-TOWN HOUSE,LEGALIZE DURAFENCE,FENCE,,2500,2024-07-25,2024-12-10,2025-04-09,,3049160620010,15165 SW 28 ST,MIAMI,SARA GARCIA LABANINO,NOT LISTED,CGC1520420,A & M ADVANCE GROUP INC,2205 WEST 80 STREET BAY 2,HIALEAH,33016,(305)819-5555
C2025022078,2025013613,0000000000,BLDG,R,ENT REPLACEMENT,SINGLE FAM RES-CLUST-ZERO LOT-TOWN HOUSE,LEGALIZE WIN/DOORS,WINDOWS,,2500,2024-11-15,2024-12-10,2024-12-23,,3069250040050,12301 SW 256 ST,MIAMI,LUIS RIVERON LE,NOT LISTED,,OWNER,12301 SW 256 ST,MIAMI,,
C2024160008,2025013572,0000000000,BLDG,R,ALTER - EXTERIOR,SINGLE FAM RES-CLUST-ZERO LOT-TOWN HOUSE,LEGALIZE DOOR,BUILDING (COUNTY),,500,2024-08-13,2024-12-10,2025-05-08,05/08/2025,3068120000169,18295 SW 204 ST,MIAMI,HAROLD F SILVA,NOT LISTED,,OWNER,900 BISCAYNE BLVD,MIAMI,,
C2025032227,2025013320,2024021227,ELEC,C,ALTER - INTERIOR,RESTAURANT-CAFETERIA,LEGALIZ.GREASE TRAP,ELECTRICAL,,800,2024-12-09,2024-12-09,2024-12-27,,3040150300010,8169 SW 40 ST,MIAMI,LAND 1 LTD,NOT LISTED,EC13001181,WELL ELECTRIC TECHNOLOGY INC,5673 SW 6TH ST,MIAMI,33134,(305)774-9904
C2025029364,2025013313,0000000000,BLDG,R,ENT REPLACEMENT,SINGLE FAM RES-CLUST-ZERO LOT-TOWN HOUSE,LEGALIZE FRONT DOOR,WINDOWS,,1819,2024-12-03,2024-12-09,2025-03-03,,3068210000120,23200 SW 212 AVE,MIAMI,HAJNA M NUEZ,NOT LISTED,,OWNER,23200 SW 212 AVE,MIAMI,,
C2024182193,2025013306,0000000000,BLDG,R,ALTER - INTERIOR,SINGLE FAM RES-CLUST-ZERO LOT-TOWN HOUSE,LEGALIZATION,BUILDING (COUNTY),,2400,2024-09-26,2024-12-09,2025-03-03,03/03/2025,3040160050481,9340 SW 36 ST,MIAMI,DIEGO ATIENZA TRS,NOT LISTED,CGC1507148,ZARABYSON CONSTRUCTION INC,18735 SW 124TH AVENUE,MIAMI,33177,(786)525-0559
M2024023447,2025013229,0000000000,MBLD,R,ADDITION - ATTACHED,SINGLE FAM RES-CLUST-ZERO LOT-TOWN HOUSE,LEGALIZE CARPORTENC,MUNICIPAL SUB-GENERAL BLDR,,3500,2024-08-19,2024-12-09,,,0722080080180,1745 NE 175 ST,MIAMI,JAVIER SUAREZ TRS,NOT LISTED,,OWNER,,,,
C2025032015,2025013215,2024069425,ELEC,R,ALTER - EXTERIOR,SINGLE FAM RES-CLUST-ZERO LOT-TOWN HOUSE,LEGALIZE WNDW/DRS/F,ELECTRICAL,,10000,2024-12-09,2024-12-09,2024-12-23,,3059090021520,14720 SW 107 TER,MIAMI,OSIEL PEREZ,NOT LISTED,EC13007551,KEBOS ELECTRICAL UNLIMITED INC,5629 SW 5 TER,MIAMI,33134,(786)280-0358
C2025032428,2025013561,0000000000,ELEC,C,ALTER - EXTERIOR,CABANA/CHICKEE/GAZEBO/CLUB HOUSE/REC BDG,LEGALIZING PUMP MOT,SWIMMING POOLS,,1200,2024-12-09,2024-12-10,2024-12-23,,3069340202350,27200 SW 138 PL,MIAMI,RIVERSIDE VILLAS AT BISCAYNE NATL,NOT LISTED,EC13007351,SECURE TECHNOLOGIES INTEGRATORS INC,6619 S DIXIE HWY 307,MIAMI,33143,(786)573-9081
C2024174784,2025013961,0000000000,BLDG,R,ALTER - INTERIOR,SINGLE FAM RES-CLUST-ZERO LOT-TOWN HOUSE,REMODEL LEGALIZATIO,BUILDING (COUNTY),WINDOWS,2500,2024-09-12,2024-12-11,2025-07-17,07/17/2025,3049110090240,12783 SW 20 TER,MIAMI,RICARDO NUNEZ &W CELERINA,NOT LISTED,,OWNER,12783 SW 20 TER,MIAMI,,
C2025022153,2025013955,0000000000,ZIPS,R,ALTER - EXTERIOR,SINGLE FAM RES-CLUST-ZERO LOT-TOWN HOUSE,LEGALIZATION PICKET,"PICKET FENCES\, IRON AND OTHER NON-WIND RESISTANT FENCES",,150,2024-11-15,2024-12-11,2024-12-13,,3021350100240,1100 NW 114 ST,MIAMI,JIJI DERUISSEAU,NOT LISTED,,OWNER,PO BOX 1656,MIAMI,,
C2025003776,2025013940,0000000000,BLDG,R,ENCLOSE,SINGLE FAM RES-CLUST-ZERO LOT-TOWN HOUSE,LEGALIZE ALUM ROOF,METAL AWNG & SHUTR,,5000,2024-10-08,2024-12-11,2024-12-16,,3021060050450,18825 NW 48 PL,MIAMI,ABRAHAM VALDEZ TRS,NOT LISTED,CGC1534315,ARCHITECTURE PROJECT SOLUTIONS LLC,7641 NW 115 CT,MEDLEY,33178,(786)870-2480
C2025032296,2025014294,0000000000,BLDG,R,FENCE NOMASONRY,SINGLE FAM RES-CLUST-ZERO LOT-TOWN HOUSE,LEGALIZE FENCE,FENCE,,860,2024-12-09,2024-12-12,2024-12-13,,3049040100600,15437 SW 9 TER,MIAMI,CARLOS CARUS,NOT LISTED,,OWNER,15437 SW 9 TER,MIAMI,,
C2024106264,2025013871,0000000000,BLDG,C,ALTER - INTERIOR,WAREHOUSE,DEMO LEGALIZATION,GENERAL (COUNTY),,2500,2024-05-07,2024-12-11,2025-03-05,05/20/2025,3040110360090,1300 SW 70 AVE               1300,MIAMI,ALPED ENTERPRISES CORP,NOT LISTED,CGC1529106,"ARKO CONSTRUCTION\, LLC",13251 SW 113 TERR,MIAMI,33186,(305)318-8707
C2025011685,2025013870,0000000000,BLDG,R,FENCE NOMASONRY,SINGLE FAM RES-CLUST-ZERO LOT-TOWN HOUSE,DURA FENCE LEGALIZE,FENCE,,3000,2024-10-25,2024-12-11,2025-04-16,,3022200030020,1060 NE 151 ST,MIAMI,ERICKA BERNUY,NOT LISTED,,OWNER,1060 NE 151 ST,MIAMI,,
C2024173900,2025014025,0000000000,BLDG,R,ENT REPLACEMENT,SINGLE FAM RES-CLUST-ZERO LOT-TOWN HOUSE,LEGALIZE WINDOWS,WINDOWS,,750,2024-09-10,2024-12-11,2025-05-22,,3079040040130,29100 ALABAMA RD,MIAMI,CHIMI GROUP INVESTMENT LLC,NOT LISTED,CGC1527371,KANTERAS CONSTRUCTION GROUP LLC,2922 SW 118 CT,MIAMI,33175,(305)506-0596
C2025006374,2025014013,0000000000,BLDG,R,FENCE NOMASONRY,SINGLE FAM RES-CLUST-ZERO LOT-TOWN HOUSE,LEGALIZE DURAFENCE,FENCE,,1200,2024-10-16,2024-12-11,2025-05-09,,3021070055380,5515 NW 173 DR,MIAMI,THE GRAND HOTEL 2546 LLC,NOT LISTED,CGC1527371,KANTERAS CONSTRUCTION GROUP LLC,2922 SW 118 CT,MIAMI,33175,(305)506-0596
C2025025465,2025014009,2024055839,MECH,C,ALTER - INTERIOR,DAYCARE - KINDERGARTEN,LEGALIZE INT ALT,SHEET METAL,MECHANICAL VENTILATION,10000,2024-11-22,2024-12-11,2025-10-16,,3020100000020,7755 NW 178 ST,MIAMI,EARLY YEARS ACADEMY INC,GREGORY NEVILLE,08M000722,STAR AIR CONDITIONING CORP,12045 SW 185 TERR,MIAMI,33177,(305)969-1090
C2024166411,2025014008,0000000000,MECH,C,ALTER - EXTERIOR,RETAIL SALES,LEGALIZE A/C & MINI,A/C - UNLTD,HEATING,2000,2024-08-26,2024-12-11,2024-12-12,,3068130000320,22538 SW 177 AVE,MIAMI,R & G COMMERCIAL HOLDINGS LLC,NOT LISTED,CAC1820913,MPP GROUP CORP,13233 SW 13 STREET,MIAMI,33184,(786)443-9590
C2025018594,2025013804,0000000000,BLDG,R,FENCE NOMASONRY,SINGLE FAM RES-CLUST-ZERO LOT-TOWN HOUSE,LEGALIZE DURA FENC.,FENCE,,1700,2024-11-08,2024-12-11,2025-03-13,,3049350120340,8635 SW 133 PL,MIAMI,DAMARYS ISLER,NOT LISTED,,OWNER,8635 SW 133RD PLACE,MIAMI,,
C2025034450,2025014493,0000000000,MECH,C,REPAIR,5 UNITS OR MORE  - RESIDENTIAL,LEGALIZATION,A/C - UNLTD,HEATING,100,2024-12-12,2025-08-13,2026-01-21,,3040181091320,3561 SW 117 AVE            7-403,MIAMI,RENE SILVA,NOT LISTED,CAC1819027,EASY COOLING USA LLC,4731 SW 132 AVE,MIAMI,33175,(786)260-5404
C2025034453,2025014492,0000000000,MECH,C,REPAIR,5 UNITS OR MORE  - RESIDENTIAL,LEGALIZATION,A/C - UNLTD,HEATING,100,2024-12-12,2024-12-13,2025-01-09,,3040181091410,3561 SW 117 AVE            7-106,MIAMI,CLARENCE C RAWLS III TRS,NOT LISTED,CAC1819027,EASY COOLING USA LLC,4731 SW 132 AVE,MIAMI,33175,(786)260-5404
C2025032250,2025014592,2025010090,ELEC,R,ALTER - EXTERIOR,SINGLE FAM RES-CLUST-ZERO LOT-TOWN HOUSE,LEGALIZE MINI SPLIT,ELECTRICAL,,1000,2024-12-09,2024-12-13,2024-12-20,,3040200060570,10461 SW 42 ST,MIAMI,GEOFFREY CORZO,NOT LISTED,EC13005807,SUNSHINE ELECTRICAL CONTRACTORS CORP,1300 SW 85 ST,MIAMI,33144,(305)265-4958
C2024057693,2025014442,0000000000,BLDG,R,ALTER - EXTERIOR,SINGLE FAM RES-CLUST-ZERO LOT-TOWN HOUSE,LEGALIZE WOOD DECK,BUILDING (COUNTY),,7500,2024-02-05,2024-12-13,2025-03-04,03/04/2025,3040230370120,5059 SW 71 PL,MIAMI,PHYLLIS B LEVY TRS,NOT LISTED,CGC1512673,AVIKTOR CORPORATION,17650 SW 87 AVE,MIAMI,33157,(305)233-0381
C2025031352,2025014531,0000000000,BLDG,R,ADDITION - DETACHED,SINGLE FAM RES-CLUST-ZERO LOT-TOWN HOUSE,LEGALIZE SHED,BUILDING (COUNTY),,1000,2024-12-06,2024-12-13,2025-05-23,05/23/2025,3049010010071,465 NW 119 AVE,MIAMI,ARIEL MORA,NOT LISTED,,OWNER,465 NW 119 AVE,MIAMI,,
C2025004636,2025014838,0000000000,BLDG,R,FENCE NOMASONRY,SINGLE FAM RES-CLUST-ZERO LOT-TOWN HOUSE,FENCE LEGALIZATION,FENCE,,250,2024-10-11,2024-12-16,2024-12-23,,3050190014430,14430 GRAVES DR,MIAMI,LAZARO DIAZ LUIS,NOT LISTED,,OWNER,14430 GRAVES DR,MIAMI,,
C2025035549,2025015203,0000000000,MECH,R,ALTER - EXTERIOR,SINGLE FAM RES-CLUST-ZERO LOT-TOWN HOUSE,LEGALIZE HVAC,A/C - UNLTD,HEATING,1200,2024-12-16,2024-12-17,2025-01-24,,3059270060020,14001 SW 156 TER,MIAMI,BLANCA L SIMON,NOT LISTED,CAC1823219,JLO A/C INC,9806 NW 80 AVE STE M12,MIAMI LAKES,33016,(786)252-7078
C2025032096,2025014930,0000000000,BLDG,R,FENCE NOMASONRY,SINGLE FAM RES-CLUST-ZERO LOT-TOWN HOUSE,LEGALIZE FENCE,FENCE,,500,2024-12-09,2024-12-16,2025-03-25,,3050290090510,15740 SW 99 AVE,MIAMI,ALEJANDRO HERNANDEZ,NOT LISTED,,OWNER,15740 SW 99 AVE,MIAMI,,
C2025035591,2025014663,0000000000,ELEC,R,ALTER - EXTERIOR,SINGLE FAM RES-CLUST-ZERO LOT-TOWN HOUSE,LEGALIZE 3 LIGHTS,ELECTRICAL,,300,2024-12-16,2024-12-16,2025-01-06,,3049150460080,2812 SW 142 CT,MIAMI,IDALMIS ORTEGA,NOT LISTED,,OWNER,,MIAMI,,
C2025018448,2025014763,0000000000,BLDG,R,FENCE NOMASONRY,SINGLE FAM RES-CLUST-ZERO LOT-TOWN HOUSE,LEGALIZE GATES,FENCE,,1800,2024-11-08,2024-12-16,2025-01-03,,3059330270100,18063 SW 155 CT,MIAMI,ORLANDI LINARES/RAQUEL RODRIGUEZ,NOT LISTED,21BS00749,ARTISTIC FENCE AND WALLS CORP,8800 NE 146 LANE,MIAMI LAKES,33018,(754)298-6744
C2025035802,2025015274,0000000000,BLDG,R,FENCE NOMASONRY,SINGLE FAM RES-CLUST-ZERO LOT-TOWN HOUSE,WOOD FENCE LEGALIZE,FENCE,,100,2024-12-16,2024-12-18,2024-12-23,,3050290130150,9820 SW 158 ST,MIAMI,TIFFANI K HELBERG TRS,NOT LISTED,,OWNER,9820 SW 158 ST,MIAMI,,
C2025036453,2025015415,0000000000,BLDG,R,ENT REPLACEMENT,SINGLE FAM RES-CLUST-ZERO LOT-TOWN HOUSE,LEGALIZATION,WINDOWS,,2200,2024-12-17,2024-12-18,2025-01-10,,3069120230770,20104 SW 123 DR,MIAMI,SERRANO WILDY LLC,NOT LISTED,CGC1526889,PC DESIGN & CONSULTING INC,2145 SW 89 PL,MIAMI,33165,(954)646-6264
C2024149972,2025015478,0000000000,BLDG,C,ALTER - EXTERIOR,5 UNITS OR MORE  - RESIDENTIAL,LEGALIZE BALCONY,GENERAL (COUNTY),WINDOWS,2500,2024-07-25,2024-12-18,2025-04-21,04/21/2025,3030550891100,10233 NW 9 STREET CIR      205-1,MIAMI,YIRA DINORAH LUGO,CALC ENGINEERING LLC,CGC1534315,ARCHITECTURE PROJECT SOLUTIONS LLC,7641 NW 115 CT,MEDLEY,33178,(786)870-2480
C2025031898,2025015435,0000000000,BLDG,R,ENT REPLACEMENT,SINGLE FAM RES-CLUST-ZERO LOT-TOWN HOUSE,LEGALIZE WINDOWS,WINDOWS,,2500,2024-12-09,2024-12-18,2025-09-23,,3022190250090,14700 NE 5 CT,MIAMI,ROSEMANIE JOSEPH ODEUS,NOT LISTED,,OWNER,14700 NE 5 CT,MIAMI,,
C2025008371,2025015006,0000000000,BLDG,R,ENT REPLACEMENT,SINGLE FAM RES-CLUST-ZERO LOT-TOWN HOUSE,LEGALIZE DOOR,WINDOWS,,2500,2024-10-18,2024-12-17,2025-06-25,,3049290070180,15841 SW 60 TER,MIAMI,JOSE MALE &W BEATRIZ,NOT LISTED,CGC1511721,ANA I ALZATE STUDIO INC,915 NW 1 AVE #H2110,MIAMI,33136,(954)599-8434
C2025016613,2025015346,2024075561,BLDG,R,REPAIR,SINGLE FAM RES-CLUST-ZERO LOT-TOWN HOUSE,LEGALIZATION,GARAGE & INDUS DOOR,,2450,2024-11-05,2024-12-18,2025-01-13,,3049220100190,4760 SW 141 AVE,MIAMI,RICHARD MEDARDO PRIETO,NOT LISTED,,OWNER,4760 SW 141ST AVENUE,MIAMI,,
C2025034758,2025015093,0000000000,BLDG,R,ENT REPLACEMENT,SINGLE FAM RES-CLUST-ZERO LOT-TOWN HOUSE,LEGALIZE WINDOWS,WINDOWS,,460,2024-12-12,2024-12-17,2024-12-23,,3049020220110,32 SW 134TH CT,MIAMI,TERESA M PRIETO,NOT LISTED,,OWNER,32 SW 134 CT,MIAMI,,
C2024041446,2025015810,0000000000,BLDG,R,ALTER - EXTERIOR,SINGLE FAM RES-CLUST-ZERO LOT-TOWN HOUSE,LEGALIZE/REMOVE TER,BUILDING (COUNTY),,7500,2023-12-29,2024-12-20,,,3031150340670,2336 NW 60 ST,MIAMI,NICK HUMET,NOT LISTED,CGC1526518,JDV CONSTRUCTION LLC,13274 SW 252ND LN,HOMESTEAD,33032,(786)601-2744
C2024138085,2025015574,0000000000,BLDG,R,ADDITION - ATTACHED,SINGLE FAM RES-CLUST-ZERO LOT-TOWN HOUSE,LEGALIZATION,BUILDING (COUNTY),FENCE,45000,2024-07-02,2024-12-19,2026-05-13,,3031110010191,1095 NW 85 ST,MIAMI,EDWIDGE SALVANT &,NOT LISTED,,OWNER,1175 NE 125 ST,MIAMI,,
M2025002279,2025015735,0000000000,MBLD,R,ALTER - EXTERIOR,SINGLE FAM RES-CLUST-ZERO LOT-TOWN HOUSE,LEGALIZE POOL,MUNICIPAL SWIMMING POOL,,25000,2024-11-01,2024-12-19,,,3421050060380,18821 NW 42 AVE,MIAMI,YOISAN MENDOZA,NOT LISTED,CGC1514279,JR CONSTRUCTION & CONSULTANT INC,10970 SW 73 ST,MIAMI,33186,(305)951-9452
C2025036848,2025015236,0000000000,ELEC,R,REPAIR,SINGLE FAM RES-CLUST-ZERO LOT-TOWN HOUSE,LEGALIZE WATER HEAT,ELECTRICAL,,700,2024-12-17,2024-12-18,2025-05-06,,3031030111000,1798 NW 92 ST,MIAMI,RODNEY NELSON,NOT LISTED,,OWNER,1798 NW 92 ST,MIAMI,,
C2025036855,2025015235,0000000000,PLUM,R,REPAIR,SINGLE FAM RES-CLUST-ZERO LOT-TOWN HOUSE,LEGALIZE WATER HEAT,PLUMBING,,700,2024-12-17,2024-12-18,2025-04-25,,3031030111000,1798 NW 92 ST,MIAMI,RODNEY NELSON,NOT LISTED,,OWNER,,MIAMI,,
M2025002095,2025015593,0000000000,MBLD,R,ENCLOSE,SINGLE FAM RES-CLUST-ZERO LOT-TOWN HOUSE,LEGALIZE CARPORT,MUNICIPAL SUB-GENERAL BLDR,,2500,2024-10-31,2024-12-19,,,0431200410190,964 SE 1 PL,MIAMI,YOEL MORALES GUTIERREZ,NOT LISTED,,OWNER,,,,
C2025031972,2025015590,0000000000,BLDG,R,FENCE NOMASONRY,SINGLE FAM RES-CLUST-ZERO LOT-TOWN HOUSE,LEGALIZE FENCE,FENCE,,2700,2024-12-09,2024-12-19,2025-01-09,,3031030110320,9201 NW 20 AVE,MIAMI,LUIS TAMAYO,NOT LISTED,,OWNER,502 E 8 ST,MIAMI,,
C2023176575,2025015715,0000000000,BLDG,R,ALTER - EXTERIOR,SINGLE FAM RES-CLUST-ZERO LOT-TOWN HOUSE,LEGALIZE ALUM TERRC,SCREEN ENCLOSURES,,1500,2023-09-18,2024-12-19,2025-02-06,,3049320341350,16420 SW 78 TER,MIAMI,DENISSE QUINONEZ DIAZ & JOSE GARC,NOT LISTED,,OWNER,16420 SW 78 TER,MIAMI,,
C2024177616,2025015576,0000000000,BLDG,R,ALTER - INTERIOR,SINGLE FAM RES-CLUST-ZERO LOT-TOWN HOUSE,LEGALIZATION,BUILDING (COUNTY),,10000,2024-09-18,2024-12-19,2026-03-30,03/30/2026,3039520340460,13049 NW 9 TER,MIAMI,JANET CASAMICHANCA,NOT LISTED,CGC1508952,REGOSA ENGINEERING SERVICES INC,15700 NE 2 AVE,MIAMI,33162,(786)262-2964
C2025033853,2025015520,0000000000,BLDG,R,REPAIR,SINGLE FAM RES-CLUST-ZERO LOT-TOWN HOUSE,LEGALIZE FRONT DOOR,SINGLE ENTRANCE DOOR,,100,2024-12-11,2024-12-19,2024-12-20,,3079090130170,29810 SW 148 PL,MIAMI,GRACIELA Y MIRANDA,NOT LISTED,,OWNER,29810 SW 148 PL,MIAMI,,
C2024077139,2025015645,0000000000,BLDG,R,ALTER - EXTERIOR,SINGLE FAM RES-CLUST-ZERO LOT-TOWN HOUSE,LEGALIZATION,BUILDING (COUNTY),,10000,2024-03-12,2024-12-19,2025-01-23,01/23/2025,3040230370100,5049 SW 71 PL,MIAMI,DOROTHY NEWMAN TR,NOT LISTED,CRC040894,HOLLUB CONSTRUCTION GROUP INC,9771 SO DIXIE HWY,MIAMI,331560000,(786)385-9725
C2023051033,2025016230,0000000000,BLDG,R,ALTER - EXTERIOR,SINGLE FAM RES-CLUST-ZERO LOT-TOWN HOUSE,LEGALIZE WORK,BUILDING (COUNTY),,1750,2023-01-24,2024-12-24,,,3078020020400,29302 SW 193 CT,MIAMI,SEAN MICHAEL REESE,NOT LISTED,,OWNER,27669 SW 154 AVE,MIAMI,,
C2024176684,2025016073,0000000000,BLDG,R,FENCE NOMASONRY,SINGLE FAM RES-CLUST-ZERO LOT-TOWN HOUSE,LEGALIZE FENCE,FENCE,,400,2024-09-16,2024-12-23,,,3031040035942,3030 NW 90 ST,MIAMI,YANISLEIDY GARCIA,NOT LISTED,,OWNER,3030 NW 90 ST,MIAMI,,
C2024098984,2025016068,0000000000,BLDG,C,ENCLOSE,5 UNITS OR MORE  - RESIDENTIAL,LEGALIZATION,GENERAL (COUNTY),,5000,2024-04-23,2024-12-23,2025-12-18,12/18/2025,3030550890240,10229 NW 9 STREET CIR      210-2,MIAMI,MARIA ELENA TRS,NOT LISTED,CGC1529784,COCHO INC,8600 NW 36 AVE,MIAMI,33147,(954)249-5536
C2025031483,2025016139,0000000000,BLDG,R,ALTER - EXTERIOR,SINGLE FAM RES-CLUST-ZERO LOT-TOWN HOUSE,DOOR TO BE LEGALIZE,BUILDING (COUNTY),WINDOWS,1500,2024-12-06,2024-12-23,2025-02-14,02/14/2025,3079030210050,14295 SW 287 ST,MIAMI,FELIX N DE LA PAZ RODRIGUEZ,NOT LISTED,,OWNER,14295 SW 287 ST,MIAMI,,
C2024125649,2025016095,0000000000,BLDG,R,ALTER - EXTERIOR,SINGLE FAM RES-CLUST-ZERO LOT-TOWN HOUSE,LEGALIZE STAIRS,BUILDING (COUNTY),,500,2024-06-13,2024-12-23,2025-05-29,05/29/2025,3031220230302,2253 NW 41 ST,MIAMI,2253 INVESTMENT LLC,NOT LISTED,CGC1528815,INFINITY AT YOUR SERVICE LLC,6955 NORTHWEST 77TH AVENUE STE310,MIAMI,33166,(954)330-2514
C2025039098,2025016091,2025013383,ELEC,R,ENCLOSE,SINGLE FAM RES-CLUST-ZERO LOT-TOWN HOUSE,LEGALIZE TERR,ELECTRICAL,,1500,2024-12-23,2024-12-23,2025-01-14,,3059270270510,14246 SW 164 TER,MIAMI,JOHN HERNANDEZ,NOT LISTED,EC13008212,H & E ELECTRICAL CONTRACTORS INC,14202 S.W. 160TH  TERR,MIAMI,33177,(305)525-6901
C2025028214,2025016280,0000000000,BLDG,R,ENT REPLACEMENT,SINGLE FAM RES-CLUST-ZERO LOT-TOWN HOUSE,WINDOW LEGALIZATION,WINDOWS,,5700,2024-12-02,2024-12-25,2024-12-27,,3040130192980,6575 SW 39 TER,MIAMI,TOP EXPERTS IN ASSISTANCE &,NOT LISTED,CGC1528815,INFINITY AT YOUR SERVICE LLC,6955 NORTHWEST 77TH AVENUE STE310,MIAMI,33166,(954)330-2514
C2025036165,2025016411,2025000325,BLDG,R,ALTER - INTERIOR,SINGLE FAM RES-CLUST-ZERO LOT-TOWN HOUSE,LEGALIZATION/FENCE,METAL AWNG & SHUTR,WINDOWS,2800,2024-12-16,2024-12-26,2025-09-09,,3049280040690,14982 SW 65 TER,MIAMI,CARLOS FERNANDEZ &W ENEIDA R,NOT LISTED,,OWNER,10852 SW 88 ST,MIAMI,,
C2025039899,2025016401,2025010598,MECH,R,ADDITION - ATTACHED,SINGLE FAM RES-CLUST-ZERO LOT-TOWN HOUSE,LEGALIZE ACACE ADD,A/C - UNLTD,HEATING,50000,2024-12-26,2024-12-26,2025-01-28,,3049110121560,13101 SW 18 TER,MIAMI,CELIA FELINA VEGA,NOT LISTED,,OWNER,13101 SW 18 TER,MIAMI,,
C2025013211,2025016393,0000000000,BLDG,R,ALTER - EXTERIOR,SINGLE FAM RES-CLUST-ZERO LOT-TOWN HOUSE,DOOR LEGALIZE,BUILDING (COUNTY),SINGLE ENTRANCE DOOR,2700,2024-10-29,2024-12-26,2025-09-18,09/18/2025,3020010033610,20105 NW 62 AVE,MIAMI,YISSEL ROQUE OLIVERA,NOT LISTED,,OWNER,15677 SW 20 ST,MIAMI,,
C2025031322,2025016380,0000000000,BLDG,R,ENT REPLACEMENT,SINGLE FAM RES-CLUST-ZERO LOT-TOWN HOUSE,LEGALIZE WINDOWS,WINDOWS,,4500,2024-12-06,2024-12-26,2025-03-07,,3021340111441,11200 NW 17 AVE,MIAMI,JOSUE CHERETTE,NOT LISTED,,OWNER,11200 NW 17 AVE,MIAMI,,
M2025001123,2025016371,0000000000,MBLD,R,ADDITION - ATTACHED,SINGLE FAM RES-CLUST-ZERO LOT-TOWN HOUSE,LEGALIZATION,MUNICIPAL SUB-GENERAL BLDR,,134794,2024-10-18,2024-12-26,,,0141110100020,1375 SW 17 TER,MIAMI,1375 SW 17 TERRACE LLC,NOT LISTED,CGC1524594,UNITED MANAGEMENT GROUP LLC DBA:SKYLIN,10 NW 42 AVE STE 320,MIAMI,33126,(305)567-1577
C2025035582,2025015768,0000000000,BLDG,R,FENCE NOMASONRY,SINGLE FAM RES-CLUST-ZERO LOT-TOWN HOUSE,LEGALIZE DURAFENCE,FENCE,,1500,2024-12-16,2024-12-20,2025-02-21,,3049150460080,2812 SW 142 CT,MIAMI,IDALMIS ORTEGA,NOT LISTED,,OWNER,,MIAMI,,
C2025035595,2025015767,0000000000,BLDG,R,ENT REPLACEMENT,SINGLE FAM RES-CLUST-ZERO LOT-TOWN HOUSE,LEGALIZE WINDOW/DOO,WINDOWS,,3000,2024-12-16,2024-12-20,2024-12-24,,3049150460080,2812 SW 142 CT,MIAMI,IDALMIS ORTEGA,NOT LISTED,,OWNER,2812 SW 142 CT,MIAMI,,
C2025039222,2025016728,2025002605,MECH,R,ALTER - INTERIOR,SINGLE FAM RES-CLUST-ZERO LOT-TOWN HOUSE,LEGALIZATION,A/C - UNLTD,HEATING,2500,2024-12-23,2024-12-30,2025-07-25,,3079090310050,15430 SW 308 ST,MIAMI,EVIAN DALMAU GALBAN,NOT LISTED,CAC1819060,AIR CONDITIONING PROTECH CORP,3960 W 16 AVE STE 206,HIALEAH,33012,(786)663-7051
C2025035617,2025016631,0000000000,BLDG,R,FENCE NOMASONRY,SINGLE FAM RES-CLUST-ZERO LOT-TOWN HOUSE,LEGALIZE GATES,FENCE,,800,2024-12-16,2024-12-27,2025-01-31,,3049320341350,16420 SW 78 TER,MIAMI,DENISSE QUINONEZ DIAZ,CARLOS LOPEZ REYES PE,,OWNER,16420 SW 78 TER,MIAMI,,
C2024038512,2025016617,0000000000,BLDG,C,ALTER - EXTERIOR,RETAIL SALES,LEGALIZE ALUM ROOF,GENERAL (COUNTY),,2500,2023-12-20,2024-12-27,2025-06-26,06/26/2025,3049150590020,2701 SW 142 AVE              53,MIAMI,SANTISIMA TRINIDAD LLC,MASOOD HAJALI,CGC1528757,GEO GENERAL CONTRACTOR INC,10784 SW 244 TER,HOMESTEAD,33032,(786)486-5816
C2024141042,2025016645,0000000000,MECH,R,ALTER - EXTERIOR,SINGLE FAM RES-CLUST-ZERO LOT-TOWN HOUSE,LEGALIZE UNIT,A/C - UNLTD,HEATING,200,2024-07-09,2024-12-28,2026-07-09,,3031110010200,1101 NW 85 ST,MIAMI,GABRIEL OTTATI,NOT LISTED,,OWNER,1101 NW 85 ST,MIAMI,,
C2025009806,2025016643,0000000000,BLDG,R,FENCE NOMASONRY,SINGLE FAM RES-CLUST-ZERO LOT-TOWN HOUSE,LEGALIZE FENCE,FENCE,,750,2024-10-22,2024-12-28,2025-04-18,,3069020310800,19187 SW 132 PL,MIAMI,ISARIS DOMINGUEZ ROQUE,NOT LISTED,,OWNER,19187 SW 132 PL,MIAMI,,
C2025040539,2025016803,0000000000,PLUM,R,ALTER - EXTERIOR,SINGLE FAM RES-CLUST-ZERO LOT-TOWN HOUSE,LEGALIZE SPRINK SYS,LAWN SPRINKLER,,1200,2024-12-30,2024-12-30,2025-03-10,,3022190011260,14621 N SPUR DR,MIAMI,MARGARET THERESA REID,NOT LISTED,,OWNER,14621 N SPUR DR,MIAMI,,
C2025039823,2025016515,2023070448,PLUM,R,ADDITION - DETACHED,SINGLE FAM RES-CLUST-ZERO LOT-TOWN HOUSE,LEGALIZATION,GAS FITTING,,12000,2024-12-26,2024-12-27,2025-01-29,,3020360040270,6035 NW 110 ST,MIAMI,ORLANDO DIAZ,NOT LISTED,,OWNER,12260 SW 8 ST,MIAMI,,
C2025010059,2025016511,0000000000,BLDG,R,ALTER - EXTERIOR,SINGLE FAM RES-CLUST-ZERO LOT-TOWN HOUSE,LEGALIZE SHED,BUILDING (COUNTY),,2000,2024-10-23,2024-12-27,2025-06-25,06/25/2025,3069120321360,20840 SW 122 CT,MIAMI,SHIRLEY DEAN,NOT LISTED,,OWNER,20840 SW 122 CT,MIAMI,,
C2025007552,2025016331,0000000000,BLDG,R,FENCE NOMASONRY,SINGLE FAM RES-CLUST-ZERO LOT-TOWN HOUSE,DURA FENCE LEGALIZE,FENCE,,3800,2024-10-17,2024-12-26,2025-01-16,,3049290070190,15833 SW 60 TER,MIAMI,BEATRIZ MALE &H PABLO DIAZ,JUAN C DAVID,,OWNER,4801 NW 7 ST APT 807,MIAMI,,
C2025007537,2025016329,0000000000,BLDG,R,FENCE NOMASONRY,SINGLE FAM RES-CLUST-ZERO LOT-TOWN HOUSE,LEGALIZE DURAFENCE,FENCE,,3800,2024-10-17,2024-12-26,2025-01-16,,3049290070180,15841 SW 60 TER,MIAMI,JOSE MALE &W BEATRIZ,NOT LISTED,,OWNER,4801 NW 7 ST,MIAMI,,
C2025039752,2025016324,2025001352,MECH,R,ALTER - EXTERIOR,SINGLE FAM RES-CLUST-ZERO LOT-TOWN HOUSE,LEGALIZATION,HEATING,MECHANICAL VENTILATION,8500,2024-12-26,2024-12-26,2025-03-05,,3049120010450,12461 SW 26 ST,MIAMI,NOEL RAFAEL FERNANDEZ,NOT LISTED,CAC1817501,AVG AIR CONDITIONING CORP,6695 NW 40 ST,VIRGINIA GARDENS,33166,(786)201-2300
C2024180976,2025016592,0000000000,BLDG,R,ADDITION - DETACHED,DUPLEX,LEGALIZE SHED,BUILDING (COUNTY),,500,2024-09-24,2024-12-27,2024-12-30,12/30/2024,3040160022870,3920 SW 91 AVE,MIAMI,ERICK VALLE,NOT LISTED,,OWNER,3920 SW 91 AVE,MIAMI,,
C2025039895,2025016580,0000000000,BLDG,R,ENT REPLACEMENT,SINGLE FAM RES-CLUST-ZERO LOT-TOWN HOUSE,LEGALIZE WINDOWS,WINDOWS,,2500,2024-12-26,2024-12-27,2025-01-03,,3050310021690,17801 SW 110 CT,MIAMI,DANIEL GARCIA,NOT LISTED,CGC1536649,AMARAR CONSTRUCTION SERVICES LLC,7898 W 15 LN,HIALEAH,33014,(305)205-8215
C2025040302,2025016577,0000000000,MECH,C,ALTER - EXTERIOR,RETAIL SALES,3 AC UNITS LEGALIZE,A/C - UNLTD,HEATING,3500,2024-12-27,2024-12-27,2025-01-22,,3040120030040,1918 RED RD,MIAMI,FLORENCE DAHLAN COREY &H,NOT LISTED,CAC057951,J M ARCE SERVICE INC,6030 SW 22 ST.,MIAMI,33155,(305)262-3589
C2025031193,2025016560,0000000000,BLDG,R,FENCE NOMASONRY,SINGLE FAM RES-CLUST-ZERO LOT-TOWN HOUSE,LEGALIZE FENCE,FENCE,,450,2024-12-06,2024-12-27,2025-01-28,,3020100140090,8241 NW 181 ST,MIAMI,OSCAR FARINAS &W DULCE M,NOT LISTED,,OWNER,8241 NW 181 ST,MIAMI,,
C2025040840,2025017061,2025002605,ELEC,R,ALTER - INTERIOR,SINGLE FAM RES-CLUST-ZERO LOT-TOWN HOUSE,LEGALIZATION,ELECTRICAL,,2500,2024-12-30,2025-01-02,2025-07-25,,3079090310050,15430 SW 308 ST,MIAMI,EVIAN DALMAU GALBAN,NOT LISTED,EC13005589,GALAXY ELECTRICAL CONTRACTORS CORP,7507 FIRENZE LANE,NAPLES,34114,(239)642-7100
C2024172330,2025017035,0000000000,BLDG,R,ALTER - INTERIOR,SINGLE FAM RES-CLUST-ZERO LOT-TOWN HOUSE,LEGALIZATION,BUILDING (COUNTY),WINDOWS,30000,2024-09-06,2025-01-02,2025-05-02,05/02/2025,3031010031910,536 NW 95 ST,MIAMI,RI PROPERTIES LLC,NOT LISTED,CGC1511721,ANA I ALZATE STUDIO INC,915 NW 1 AVE #H2110,MIAMI,33136,(954)599-8434
C2025041654,2025017113,2025010761,ELEC,R,ALTER - EXTERIOR,SINGLE FAM RES-CLUST-ZERO LOT-TOWN HOUSE,LEGALIZE AC SPLIT,ELECTRICAL,,2200,2025-01-03,2025-01-03,2025-01-06,,3040080130020,2114 SW 98 AVE,MIAMI,WESTCHESTER 2114 LLC,NOT LISTED,EC13005401,CPS ELECTRIC INC,1600 NW 28TH AVE,MIAMI,33125,(305)962-9742
C2024137987,2025017175,0000000000,BLDG,R,ALTER - EXTERIOR,SINGLE FAM RES-CLUST-ZERO LOT-TOWN HOUSE,LEGALIZATION,BUILDING (COUNTY),WINDOWS,5000,2024-07-01,2025-01-03,2025-06-30,06/30/2025,3040190053870,5201 SW 112 CT,MIAMI,JESUS LOPEZ,NOT LISTED,,OWNER,5201 SW 112 CT,MIAMI,,
C2024111386,2025017174,0000000000,BLDG,R,FENCE NOMASONRY,SINGLE FAM RES-CLUST-ZERO LOT-TOWN HOUSE,DURA FENCE LEGALIZE,FENCE,,1500,2024-05-17,2025-01-03,2025-08-08,,3040190053870,5201 SW 112 CT,MIAMI,JESUS LOPEZ & RAMON LOPEZ,NOT LISTED,,OWNER,7105 SW 8 ST 407,MIAMI,,
C2025040679,2025017165,0000000000,BLDG,R,FENCE NOMASONRY,SINGLE FAM RES-CLUST-ZERO LOT-TOWN HOUSE,LEGALIZE DURA-FENCE,FENCE,,1200,2024-12-30,2025-01-03,2025-06-18,,3078010030110,18570 SW 295 TER,MIAMI,MAIBYS VALDES GARCIA,NOT LISTED,,OWNER,18570 SW 295 TER,MIAMI,,
C2024128124,2025016961,0000000000,BLDG,R,ALTER - EXTERIOR,SINGLE FAM RES-CLUST-ZERO LOT-TOWN HOUSE,TERRACE LEGALIZE,BUILDING (COUNTY),,2500,2024-06-18,2025-01-02,2025-08-21,08/21/2025,3060190073110,10937 SW 244 TER,MIAMI,LUISA E CRUZ,NOT LISTED,,OWNER,10937 SW 244 TER,MIAMI,,
C2025040951,2025016848,2025016617,ELEC,C,ALTER - EXTERIOR,RETAIL SALES,LEGALIZE ALUM ROOF,ELECTRICAL,,2500,2024-12-31,2024-12-31,2025-06-12,,3049150590020,2701 SW 142 AVE              53,MIAMI,SANTISIMA TRINIDAD LLC,MASOOD HAJALI,EC13013489,AMPEREZ ELECTRIC CORP,2233 CALAIS DR 41 E,MIAMI BEACH,33141,(786)803-0003
C2024009555,2025017235,0000000000,BLDG,R,ADDITION - DETACHED,SINGLE FAM RES-CLUST-ZERO LOT-TOWN HOUSE,LEGALIZATION,BUILDING (COUNTY),WINDOWS,10000,2023-10-19,2025-01-03,2026-05-21,,3068010012750,19800 SW 180 AVE 275,MIAMI,LORENZO OTONO PILOTO,NOT LISTED,CGC1530479,BLLAM 1 LLC DBA:BLLAM CONSTRUCTION LLC,12675 S DIXIE HWY UNIT 202,MIAMI,33156,(786)449-9071
C2025040950,2025016847,2025016617,MECH,C,ALTER - EXTERIOR,RETAIL SALES,LEGALIZE ALUM ROOF,A/C - UNLTD,HEATING,2500,2024-12-31,2024-12-31,2025-06-16,,3049150590020,2701 SW 142 AVE              53,MIAMI,SANTISIMA TRINIDAD LLC,MASOOD HAJALI,CMC1250914,GEO GENERAL CONTRACTOR INC,10784 SW 244TH TERRACE,HOMESTEAD,33032,(786)486-5816
C2025015113,2025017223,0000000000,BLDG,R,ENT REPLACEMENT,SINGLE FAM RES-CLUST-ZERO LOT-TOWN HOUSE,LEGALIZE WINDOWS,WINDOWS,,1000,2024-11-01,2025-01-03,2025-01-15,,3022180190010,900 NE 154 ST,MIAMI,DERVIL CHARLES TRS,NOT LISTED,CGC061867,PRECISION SOURCE INC,13851 SW 20 ST,MIAMI,33175,(305)796-1024
C2024025165,2025016831,0000000000,BLDG,R,ALTER - EXTERIOR,SINGLE FAM RES-CLUST-ZERO LOT-TOWN HOUSE,LEGALIZATION,BUILDING (COUNTY),FENCE,6800,2023-11-21,2024-12-31,2025-04-11,04/11/2025,3040170060010,2935 SW 102 AVE,MIAMI,JULIA GUIROLA,NOT LISTED,CGC1534474,MASTER REBUILDER OF FLORIDA INC,8004 NW 154 STREET UNIT 208,MIAMI,33016,(786)452-5627
C2025043156,2025017754,2024069425,MECH,R,ALTER - EXTERIOR,SINGLE FAM RES-CLUST-ZERO LOT-TOWN HOUSE,LEGALIZE WNDW/DRS/F,A/C - UNLTD,,10000,2025-01-07,2025-01-07,2025-02-18,,3059090021520,14720 SW 107 TER,MIAMI,OSIEL PEREZ,NOT LISTED,CMC1251098,G.M.L. CONSTRUCTION INC,1000 NW 30 CT,MIAMI,33125,(786)724-5054
C2024177388,2025017748,0000000000,BLDG,R,ALTER - INTERIOR,SINGLE FAM RES-CLUST-ZERO LOT-TOWN HOUSE,LEGALIZATION,BUILDING (COUNTY),,8600,2024-09-17,2025-01-07,2025-07-16,07/16/2025,3040040601100,8980 SW 5 LN,MIAMI,AYLEEM BERRIEL ACOSTA,NOT LISTED,CGC1529432,AUTHENTIC CONSTRUCTION AFFAIRS CORP,5631 NW 190 LANE,MIAMI GARDENS,33055,(305)793-1067
C2025041444,2025017725,2025016961,PLUM,R,ALTER - EXTERIOR,SINGLE FAM RES-CLUST-ZERO LOT-TOWN HOUSE,TERRACE LEGALIZE,PLUMBING,,2500,2025-01-02,2025-01-07,2025-08-19,,3060190073110,10937 SW 244 TER,MIAMI,LUISA E CRUZ,NOT LISTED,,OWNER,10937 SW 244 TER,MIAMI,,
C2025041440,2025017718,2025016961,ELEC,R,ALTER - EXTERIOR,SINGLE FAM RES-CLUST-ZERO LOT-TOWN HOUSE,TERRACE LEGALIZE,ELECTRICAL,,2500,2025-01-02,2025-01-07,2025-06-18,,3060190073110,10937 SW 244 TER,MIAMI,LUISA E CRUZ,NOT LISTED,,OWNER,10937 SW 244 TER,MIAMI,,
C2024152488,2025017689,0000000000,BLDG,R,FENCE NOMASONRY,SINGLE FAM RES-CLUST-ZERO LOT-TOWN HOUSE,LEGALIZED GATEFENCE,FENCE,,750,2024-07-31,2025-01-07,2025-05-13,,3050200050130,14725 SW 107 AVE,MIAMI,DANAYSY ESCALONA VAZQUEZ,NOT LISTED,,OWNER,,MIAMI,,
C2025042750,2025017785,2024060907,LPGX,R,ALTER - EXTERIOR,SINGLE FAM RES-CLUST-ZERO LOT-TOWN HOUSE,LEGALIZATION,LIQUID PETRO GAS INSTL,,4200,2025-01-07,2025-01-07,2025-01-09,,3049220031940,4229 SW 138 CT,MIAMI,ZORAYA MONTENEGRO,NOT LISTED,CFC1430023,YANMART CONSTRUCTION CORP,167 W 23 ST,HIALEAH,33010,(786)247-1182
M2025005328,2025017265,0000000000,MBLD,R,ALTER - INTERIOR,SINGLE FAM RES-CLUST-ZERO LOT-TOWN HOUSE,REMODELING/LEGALIZA,MUNICIPAL SUB-GENERAL BLDR,,80000,2024-12-16,2025-01-05,,,0421320050200,401 E 54 ST,MIAMI,MERCEDES YZQUIERDO,NOT LISTED,,OWNER,,,,
C2025036924,2025017886,2024037972,ELEC,R,ADDITION - DETACHED,SINGLE FAM RES-CLUST-ZERO LOT-TOWN HOUSE,LEGALIZATION,ELECTRICAL,,1800,2024-12-18,2025-01-08,2025-02-13,,3031100090190,8349 NW 21 AVE,MIAMI,OMAR E CORDERO JANE,NOT LISTED,,OWNER,2015 W FLAGLER ST,MIAMI,,
C2025015235,2025018020,2022050659,BLDG,R,ALTER - EXTERIOR,SINGLE FAM RES-CLUST-ZERO LOT-TOWN HOUSE,LEGALIZE ENCLOSURE,WINDOWS,,10000,2024-11-01,2025-01-08,2025-02-03,,3059110100330,10446 SW 127 PL,MIAMI,FRANCISKO D PATERNOSTER &W,NOT LISTED,,OWNER,10446 SW 127 PL,MIAMI,,
C2025006861,2025017664,0000000000,MECH,C,ALTER - INTERIOR,5 UNITS OR MORE  - RESIDENTIAL,LEGALIZE COMPRESSOR,U.F. PRESSURE VESSEL,,50,2024-10-16,2025-01-07,2025-01-30,,3030230450050,6965 NW 43 ST              5,MIAMI,LES CAPITAL LC,NOT LISTED,CAC1822094,"MR. COOL GUY\, LLC",12308 NW 11TH LN,MIAMI,33182,(305)586-0585
C2025042772,2025017624,2025015478,ELEC,C,ALTER - EXTERIOR,5 UNITS OR MORE  - RESIDENTIAL,LEGALIZE BALCONY,ELECTRICAL,,2500,2025-01-07,2025-01-07,2025-04-18,,3030550891100,10233 NW 9 STREET CIR        2051,MIAMI,YIRA DINORAH LUGO,CALC ENGINEERING LLC,EC13013489,AMPEREZ ELECTRIC CORP,2233 CALAIS DR 41 E,MIAMI BEACH,33141,(786)803-0003
C2024169243,2025018796,0000000000,BLDG,R,ALTER - EXTERIOR,SINGLE FAM RES-CLUST-ZERO LOT-TOWN HOUSE,LEGALIZE WOOD DECK,BUILDING (COUNTY),,6000,2024-08-30,2025-01-13,2025-01-22,01/22/2025,3040230370260,5179 SW 71 PL,MIAMI,GIUSEPPE IMPERATORI,NOT LISTED,CGC1522313,CGP GROUP LLC,14350 SW 36 ST,MIAMI,33175,(305)987-2208
C2023073610,2025018045,0000000000,BLDG,R,ALTER - EXTERIOR,SINGLE FAM RES-CLUST-ZERO LOT-TOWN HOUSE,LEGALIZATION,BUILDING (COUNTY),,7900,2023-03-10,2025-01-09,2025-04-23,04/23/2025,3040110011370,7385 SW 19 STREET RD,MIAMI,YAIMAS ZAYAS,NOT LISTED,,OWNER,7385 SW 19 STREET RD,MIAMI,,
C2025040799,2025018505,0000000000,BLDG,R,FENCE NOMASONRY,SINGLE FAM RES-CLUST-ZERO LOT-TOWN HOUSE,FENCE LEGALIZATION,FENCE,,300,2024-12-30,2025-01-10,2025-01-15,,3040130192980,6575 SW 39 TER,MIAMI,TOP EXPERTS IN ASSISTANCE &,NOT LISTED,CGC1528815,INFINITY AT YOUR SERVICE LLC,6955 NORTHWEST 77TH AVENUE STE310,MIAMI,33166,(954)330-2514
C2025044365,2025018407,2025017035,MECH,R,ALTER - INTERIOR,SINGLE FAM RES-CLUST-ZERO LOT-TOWN HOUSE,LEGALIZATION,A/C - UNLTD,HEATING,30000,2025-01-09,2025-01-10,2025-02-11,,3031010031910,536 NW 95 ST,MIAMI,RI PROPERTIES LLC,NOT LISTED,CAC057312,FREEZE AIR CORP,3653 SW 25 ST.,MIAMI,33133,(305)442-4251
C2025042391,2025018294,0000000000,BLDG,R,RE-ROOF/REPAIR,SINGLE FAM RES-CLUST-ZERO LOT-TOWN HOUSE,LEGALIZATION ROOF,"GRAVEL\, SBS\, SINGLE PLY\, ETC.",,2300,2025-01-06,2025-01-10,2025-01-14,,3069120230290,20101 SW 123 DR,MIAMI,MARIA MEJIA TRS,NOT LISTED,CGC1526889,PC DESIGN & CONSULTING INC,2145 SW 89 PL,MIAMI,33165,(954)646-6264
C2024006093,2025018449,0000000000,BLDG,R,ADDITION - ATTACHED,SINGLE FAM RES-CLUST-ZERO LOT-TOWN HOUSE,LEGALIZE ADDITION,BUILDING (COUNTY),FENCE,10000,2023-10-13,2025-01-10,2026-03-24,,3059360030330,11740 SW 179 TER,MIAMI,SANTIAGO M LEON,NOT LISTED,,OWNER,2015 W FLAGLER ST,MIAMI,,
C2025044095,2025018079,2025008209,ELEC,R,ALTER - EXTERIOR,SINGLE FAM RES-CLUST-ZERO LOT-TOWN HOUSE,LEGALIZE NEW DOOR,ELECTRICAL,,500,2025-01-09,2025-01-09,2025-01-15,,3069250161570,11868 SW 248 TER,MIAMI,ANAY CARIDAD ARENCIBIA,NOT LISTED,EC13008467,COMPLEX CIRCUIT ELECTRICAL SERVICES IN,13214 SW 40 TERRACE,MIAMI,33175,(305)226-8266
C2024147510,2025019043,0000000000,BLDG,C,ALTER - EXTERIOR,REST HOMES/CONVALES/ACLF/ORPHANAGE,LEGALIZATION,GENERAL (COUNTY),,1750,2024-07-22,2025-01-14,,,3049220010180,5305 SW 137 CT,MIAMI,ERNESTO R DORTA TORNES,NOT LISTED,CGC1514427,YANMART CONSTRUCTION CORP,1311 W 34TH ST,HIALEAH,33012,(786)247-1182
C2025044271,2025019008,0000000000,ELEC,R,ALTER - EXTERIOR,SINGLE FAM RES-CLUST-ZERO LOT-TOWN HOUSE,LEGALIZE LIGHTS,ELECTRICAL,,450,2025-01-09,2025-01-14,2026-02-23,,3040180650100,11270 SW 25 TER,MIAMI,EDUARDO CASTRO MIRABAL,NOT LISTED,,OWNER,11270 SW 25 TER,MIAMI,,
C2025021642,2025018626,0000000000,BLDG,R,FENCE NOMASONRY,SINGLE FAM RES-CLUST-ZERO LOT-TOWN HOUSE,LEGALIZE GATES,FENCE,,600,2024-11-15,2025-01-13,2025-05-28,,3031210310920,5241 NW 30 AVE,MIAMI,LEIDY FERNANDEZ,NOT LISTED,,OWNER,5241 NW 30 AVE,MIAMI,,
C2025009168,2025018981,0000000000,BLDG,R,FENCE NOMASONRY,SINGLE FAM RES-CLUST-ZERO LOT-TOWN HOUSE,LEGALIZE FENCE,FENCE,,650,2024-10-21,2025-01-14,2025-07-23,,3031160096075,2744 NW 55 ST,MIAMI,JEAN PETION,ARMANDO PEREZ,,OWNER,576 NW 147 ST,MIAMI,,
C2025011714,2025018954,0000000000,BLDG,R,ALTER - EXTERIOR,SINGLE FAM RES-CLUST-ZERO LOT-TOWN HOUSE,LEGALIZE TERRACE,BUILDING (COUNTY),,1200,2024-10-25,2025-01-14,2025-03-10,03/10/2025,3059340150440,14324 SW 176 TER,MIAMI,JUAN P PILOTO ROMAN,NOT LISTED,CGC1533022,KEEP INVESTING LLC,8820 SW 49 PL,COOPER CITY,33328,(754)214-3336
C2025045050,2025018929,2025016246,MECH,R,ALTER - INTERIOR,SINGLE FAM RES-CLUST-ZERO LOT-TOWN HOUSE,AC LEGALIZATIONLING,A/C - UNLTD,HEATING,10000,2025-01-10,2025-01-14,2025-02-03,,3031210341070,3384 NW 52 ST,MIAMI,VALENTO ENTERPRISE LLC,NOT LISTED,CAC1820913,MPP GROUP CORP,13233 SW 13 STREET,MIAMI,33184,(786)443-9590
C2025018208,2025018775,0000000000,BLDG,R,FENCE NOMASONRY,SINGLE FAM RES-CLUST-ZERO LOT-TOWN HOUSE,LEGALIZE FENCE,FENCE,,450,2024-11-07,2025-01-13,2025-02-07,,3069010250060,11961 SW 192 TER,MIAMI,JOAQUIN LOPEZ,NOT LISTED,,OWNER,11961 SW 192 TER,MIAMI,,
C2024164504,2025018773,0000000000,BLDG,C,ALTER - INTERIOR,WAREHOUSE,LEGALIZATION,GENERAL (COUNTY),,10000,2024-08-21,2025-01-13,2025-02-13,06/26/2025,3060050090300,10600 SW 185 TER,MIAMI,PRIME PROPERTIES OF,NOT LISTED,CBC1261379,DGARC MANAGEMENT INC,13468 SW 291 ST,HOMESTEAD,33033,(305)807-0559
C2025043821,2025018759,2025016393,ELEC,R,ALTER - EXTERIOR,SINGLE FAM RES-CLUST-ZERO LOT-TOWN HOUSE,DOOR LEGALIZE,ELECTRICAL,,2700,2025-01-08,2025-01-13,2025-09-17,,3020010033610,20105 NW 62 AVE,MIAMI,YISSEL ROQUE OLIVERA,NOT LISTED,,OWNER,15677 SW 20 ST,MIAMI,,
C2025040841,2025018748,2025007299,PLUM,C,ALTER - INTERIOR,5 UNITS OR MORE  - RESIDENTIAL,INTERIOR LEGALIZATI,PLUMBING,,3000,2024-12-30,2025-01-13,2025-08-18,,3040350450340,7483 SW 82 ST              A301,MIAMI,LIDIA C ROMERO,NOT LISTED,CFC1431548,INFINITY AT YOUR SERVICE LLC,13233 SW 13 ST,MIAMI,33184,(786)443-9590
C2025015846,2025018671,0000000000,BLDG,R,ALTER - INTERIOR,SINGLE FAM RES-CLUST-ZERO LOT-TOWN HOUSE,INTERIOR AS BUILT,BUILDING (COUNTY),,5000,2024-11-04,2025-01-13,2025-01-28,,3040120120330,5925 SW 24 ST,MIAMI,EMILIA VINES,NOT LISTED,CGC1506880,ENGINEERED SYSTEMS SOLUTIONS LLC,7352 SW 41 ST,MIAMI,33155,(305)986-2217
W2025044669,2025018659,2024040230,ELEC,R,ADDITION - ATTACHED,SINGLE FAM RES-CLUST-ZERO LOT-TOWN HOUSE,LEGALIZE ADDITION,ELECTRICAL,,15000,2025-01-10,2025-01-13,2026-04-17,,3040190010250,11270 SW 40 ST,MIAMI,ILIANA FOJACO &,NOT LISTED,EC13005401,CPS ELECTRIC INC,1600 NW 28TH AVE,MIAMI,33125,(305)962-9742
C2024114190,2025018714,0000000000,BLDG,R,FENCE NOMASONRY,SINGLE FAM RES-CLUST-ZERO LOT-TOWN HOUSE,METAL FENCE LEGALIZ,FENCE,,1100,2024-05-22,2025-01-13,2025-12-23,,3059090440880,11541 SW 153 AVE,MIAMI,GILBERT GOMEZ &W LUZ S,NOT LISTED,,OWNER,11541 SW 153 AVE,MIAMI,,
C2024061820,2025018705,0000000000,BLDG,R,ADDITION - ATTACHED,SINGLE FAM RES-CLUST-ZERO LOT-TOWN HOUSE,LEGALIZE ADDITION,BUILDING (COUNTY),,7500,2024-02-12,2025-01-13,2025-05-14,05/14/2025,3021260070630,1561 NW 132 ST,MIAMI,U S BANK TRUST N A TRS,NOT LISTED,CGC1528858,BLUE DOOR CONTRACTORS INC,13364 SW 128 ST,MIAMI,33186,(305)244-7481
C2025045978,2025019077,2018034054,MECH,R,ADDITION - DETACHED,SINGLE FAM RES-CLUST-ZERO LOT-TOWN HOUSE,LEGALIZE GARAGE/BAT,MECHANICAL VENTILATION,,2800,2025-01-14,2025-01-15,2025-01-22,,3050280080600,9750 SW 161 ST,MIAMI,ROSALBA GALVAN,NOT LISTED,CAC1815393,GUISAN AIR CONDITIONING & REFRIGERATIO,25030 SW 121 PL,MIAMI,33032,(305)258-5305
C2025021211,2025019242,0000000000,BLDG,R,FENCE NOMASONRY,SINGLE FAM RES-CLUST-ZERO LOT-TOWN HOUSE,LEGALIZE FENCE,FENCE,,1600,2024-11-14,2025-01-15,2025-01-28,,3049290040010,16124 SW 68 TER,MIAMI,JAIME EDUARDO MARIN,NOT LISTED,CGC1532357,SIMA CORP OF FLORIDA,3970 NW 166 ST,MIAMI GARDENS,33054,(305)300-9120
C2024147515,2025018887,0000000000,BLDG,R,ENT REPLACEMENT,SINGLE FAM RES-CLUST-ZERO LOT-TOWN HOUSE,LEGALIZATION,WINDOWS,,2400,2024-07-22,2025-01-14,2025-01-28,,3059360031350,11621 SW 181 TER,MIAMI,RAFAEL MIGUEL LE,NOT LISTED,,OWNER,10482 SW 186 TER,MIAMI,,
C2025047742,2025019527,2024021227,PLUM,C,ALTER - INTERIOR,RESTAURANT-CAFETERIA,LEGALIZ.GREASE TRAP,PLUMBING,,800,2025-01-16,2025-01-16,2025-07-02,,3040150300010,8169 SW 40 ST,MIAMI,LAND 1 LTD,NOT LISTED,CFC1429479,UNIVERSAL AIR CONDITIONING CORP,11031 NW 62 CT,MIAMI,33012,(305)887-5514
C2025047257,2025019573,0000000000,MECH,C,REPAIR,5 UNITS OR MORE  - RESIDENTIAL,LEGALIZE AC,A/C - UNLTD,HEATING,1800,2025-01-16,2025-01-16,2025-01-24,,3030550890350,10237 NW 9 STREET CIR      107-4,MIAMI,WILLIAMS GONZALEZ LE,NOT LISTED,CAC1816558,CITY CONNECTION AIR CONDITIONING REFRI,10304 SW 130 CT,MIAMI,33186,(305)380-7217
C2025041297,2025019133,0000000000,BLDG,R,ENT REPLACEMENT,SINGLE FAM RES-CLUST-ZERO LOT-TOWN HOUSE,LEGALIZE DOOR,WINDOWS,,1000,2025-01-02,2025-01-15,2025-07-03,,3068210000120,23200 SW 212 AVE,MIAMI,HAJNA M NUEZ,NOT LISTED,,OWNER,23200 SW 212 AVE,MIAMI,,
C2024134914,2025019278,0000000000,BLDG,R,FENCE NOMASONRY,SINGLE FAM RES-CLUST-ZERO LOT-TOWN HOUSE,LEGALIZE DURA/ PICK,FENCE,,3000,2024-06-25,2025-01-15,2025-05-08,,3031040033360,2941 NW 94 ST,MIAMI,CARLOS RAFAEL NOVO,NOT LISTED,,OWNER,,MIAMI,,
C2025033755,2025019265,0000000000,ZIPS,R,ALTER - EXTERIOR,SINGLE FAM RES-CLUST-ZERO LOT-TOWN HOUSE,LEGALIZE CHAINKLINK,"CHAIN LINK\, RESIDENTIAL\, NOT FOR SWIMMING POOL BARRIER",,500,2024-12-11,2025-01-15,2025-06-17,,3079050330150,28155 SW 166 CT,MIAMI,DANILO RODRIGUEZ,NOT LISTED,,OWNER,28155 SW 166 CT,MIAMI,,
C2023101072,2025019625,0000000000,BLDG,R,ENT REPLACEMENT,SINGLE FAM RES-CLUST-ZERO LOT-TOWN HOUSE,WINDOW.DOOR LEGALIZ,WINDOWS,,11000,2023-05-04,2025-01-17,2025-07-07,,3021340020581,11160 NW 25 AVE,MIAMI,YOE L BARRIOS,NOT LISTED,,OWNER,11160 NW 25 AVE,MIAMI,,
C2025047892,2025019613,2025017664,MECH,C,ALTER - INTERIOR,5 UNITS OR MORE  - RESIDENTIAL,LEGALIZE COMPRESSOR,PRES/PROCESS/PIPE,,50,2025-01-17,2025-01-17,2025-01-30,,3030230450050,6965 NW 43 ST              5,MIAMI,LES CAPITAL LC,NOT LISTED,CAC1822094,"MR. COOL GUY\, LLC",12308 NW 11TH LN,MIAMI,33182,(305)586-0585
C2025030670,2025019839,0000000000,BLDG,R,ENT REPLACEMENT,SINGLE FAM RES-CLUST-ZERO LOT-TOWN HOUSE,WNDW/DOOR LEGALIZE,WINDOWS,SINGLE ENTRANCE DOOR,1200,2024-12-05,2025-01-18,2026-01-31,,3050190017490,14215 JACKSON ST,MIAMI,RICHARD GOMEZ VALLE,NOT LISTED,,OWNER,14215 JACKSON ST,MIAMI,,
C2025016552,2025019837,0000000000,ELEC,C,ALTER - EXTERIOR,INDUSTRIAL USES,LEGALIZATION ELEC,ELECTRICAL,,4600,2024-11-05,2025-01-18,2025-03-31,,3030260130180,7255 NW 35 TER,MIAMI,SFG ISF MILAM DAIRY LLC,NOT LISTED,EC13008463,SIGLER ADVANCED SOLUTIONS INC.,13380 SW 131 ST 117,MIAMI,33186,(786)267-7175
C2025017928,2025019732,0000000000,BLDG,R,FENCE NOMASONRY,SINGLE FAM RES-CLUST-ZERO LOT-TOWN HOUSE,FENCE LEGALIZATION,FENCE,,750,2024-11-07,2025-01-17,2025-03-12,,3069330040080,15300 SW 271 ST,MIAMI,DIANA MARIA HOUSE,NOT LISTED,,OWNER,,MIAMI,,
C2025046500,2025019695,2025017235,MECH,R,ADDITION - DETACHED,SINGLE FAM RES-CLUST-ZERO LOT-TOWN HOUSE,LEGALIZATION,A/C - UNLTD,HEATING,10000,2025-01-15,2025-01-17,2025-05-21,,3068010012750,19800 SW 180 AVE 275,MIAMI,LORENZO OTONO PILOTO,NOT LISTED,,OWNER,16704 SW 99 CT,MIAMI,,
C2025031506,2025019786,0000000000,BLDG,R,ENCLOSE,SINGLE FAM RES-CLUST-ZERO LOT-TOWN HOUSE,LEGALIZE ALUM TERRC,METAL AWNG & SHUTR,,1500,2024-12-06,2025-01-17,2025-01-23,,3050190152340,15109 SW 113 CT,MIAMI,GRITLI RAMIREZ,NOT LISTED,,OWNER,15109 SW 113 CT,MIAMI,,
W2025047428,2025019765,0000000000,MECH,C,ADDITION - ATTACHED,5 UNITS OR MORE  - RESIDENTIAL,LEGALIZE AC,A/C - UNLTD,HEATING,,2025-01-16,2025-01-17,2025-01-22,,3031150430580,2430 NW 68 ST,MIAMI,OFFERFI INVESTMENTS LLC,NOT LISTED,CAC043919,METROPOLITAN AIR CONDITIONING INC,6917 NW 50 STREET,MIAMI,33166,(305)264-4646
C2025044180,2025019390,2025013961,PLUM,R,ALTER - INTERIOR,SINGLE FAM RES-CLUST-ZERO LOT-TOWN HOUSE,REMODEL LEGALIZATIO,PLUMBING,,2500,2025-01-09,2025-01-16,2025-04-17,,3049110090240,12783 SW 20 TER,MIAMI,RICARDO NUNEZ &W CELERINA,NOT LISTED,CFC1432622,BEP SEWER SOLUTIONS LLC.,3925 NW 165TH ST,MIAMI,33054,(786)828-0524
C2025020106,2025019447,0000000000,BLDG,R,ENT REPLACEMENT,SINGLE FAM RES-CLUST-ZERO LOT-TOWN HOUSE,LEGALIZATION,WINDOWS,,1500,2024-11-13,2025-01-16,2025-04-25,,3050290210310,10250 SW 156 ST,MIAMI,MICHEL BOUCOURT,NOT LISTED,,OWNER,10250 SW 156TH STREET,MIAMI,,
C2025044290,2025019682,0000000000,BLDG,R,FENCE NOMASONRY,SINGLE FAM RES-CLUST-ZERO LOT-TOWN HOUSE,LEGALIZE DURAFENCE,FENCE,,1500,2025-01-09,2025-01-17,,,3069020060110,12780 SW 192 ST,MIAMI,JESSY GARCIA,NOT LISTED,,OWNER,35 SW 114 AVE #105,MIAMI,,
C2024111236,2025019680,0000000000,BLDG,R,ALTER - EXTERIOR,SINGLE FAM RES-CLUST-ZERO LOT-TOWN HOUSE,LEGALIZATIONS,BUILDING (COUNTY),,6000,2024-05-16,2025-01-17,2025-03-03,03/03/2025,3050190020520,15035 JACKSON ST,MIAMI,DARIEL DIAZ ROMAN,NOT LISTED,CGC1504340,AMERIBUILT DEVELOPMENT CORPORATION,PO BOX 165023,MIAMI,33116,(305)567-1306
C2024123804,2025019638,0000000000,BLDG,R,ALTER - EXTERIOR,SINGLE FAM RES-CLUST-ZERO LOT-TOWN HOUSE,LEGALIZATIONS,BUILDING (COUNTY),METAL AWNG & SHUTR,10000,2024-06-11,2025-01-17,2026-01-27,01/27/2026,3040040601560,9085 GRAND CANAL DR,MIAMI,OLGA CONESA,NOT LISTED,,OWNER,480 GRAND CANAL DR,MIAMI,,
C2025035095,2025019395,0000000000,BLDG,R,FENCE NOMASONRY,SINGLE FAM RES-CLUST-ZERO LOT-TOWN HOUSE,LEGALIZE FENCE,FENCE,,2300,2024-12-13,2025-01-16,2025-05-16,,3059210072450,14811 SW 138 TER,MIAMI,GLORIA MARIA CABAL,NOT LISTED,,OWNER,5800 SW 127 AVE,MIAMI,,
C2025047279,2025019468,2025017035,ELEC,R,ALTER - INTERIOR,SINGLE FAM RES-CLUST-ZERO LOT-TOWN HOUSE,LEGALIZATION,ELECTRICAL,,30000,2025-01-16,2025-01-16,2025-02-19,,3031010031910,536 NW 95 ST,MIAMI,RI PROPERTIES LLC,NOT LISTED,EC13011039,B AND B ELEC CO,1115 WEST 50 PLACE,HIALEAH,33012,(305)970-5667
C2025049013,2025020075,0000000000,MECH,R,REPAIR,SINGLE FAM RES-CLUST-ZERO LOT-TOWN HOUSE,LEGALIZE A/C,A/C - UNLTD,,130,2025-01-21,2025-01-21,2025-02-05,,3021350100580,1141 NW 112 ST,MIAMI,JEAN DEGUERRE MOLERON,NOT LISTED,,OWNER,1141 NW 112 ST,MIAMI,,
C2024183719,2025020049,0000000000,BLDG,R,FENCE NOMASONRY,SINGLE FAM RES-CLUST-ZERO LOT-TOWN HOUSE,LEGALIZE FENCE/GATE,FENCE,,16000,2024-09-30,2025-01-21,2025-03-31,,3022040130260,2581 NE 195 ST,MIAMI,TORAHBOOK LLC,NOT LISTED,CGC1529368,AGI HOME IMPROVEMENT LLC,600 NE 185TH ST,MIAMI,33179,(786)252-7878
C2025041225,2025020039,0000000000,BLDG,R,ENCLOSE,SINGLE FAM RES-CLUST-ZERO LOT-TOWN HOUSE,LEGALIZE TERRACE,METAL AWNG & SHUTR,,5600,2025-01-02,2025-01-21,2025-01-24,,3060180100080,22335 SW 114 CT,MIAMI,RACSON L CRUZ EURA,NOT LISTED,CGC1504340,AMERIBUILT DEVELOPMENT CORPORATION,PO BOX 165023,MIAMI,33116,(305)567-1306
M2025004307,2025020020,0000000000,MBLD,R,ALTER - INTERIOR,SINGLE FAM RES-CLUST-ZERO LOT-TOWN HOUSE,LEGALIZATION,MUNICIPAL SUB-GENERAL BLDR,,10000,2024-12-03,2025-01-21,,,0421310180201,370 E 55 ST,MIAMI,ALEXY ENRIQUE DE POSADA BALMORI,NOT LISTED,CGC1522136,GOING GREEN CONSTRUCTION INC,10800 NW 21 ST STE 200,MIAMI,33172,(786)443-5407
C2025031953,2025019971,0000000000,BLDG,R,ADDITION - DETACHED,SINGLE FAM RES-CLUST-ZERO LOT-TOWN HOUSE,LEGALIZE SHED,BUILDING (COUNTY),,2000,2024-12-09,2025-01-21,2025-03-27,03/27/2025,3040210070550,8861 SW 42 ST,MIAMI,ESTEBAN FUENTES,NOT LISTED,,OWNER,8861 SW 42 ST,MIAMI,,
C2025045943,2025019881,0000000000,BLDG,R,ENT REPLACEMENT,SINGLE FAM RES-CLUST-ZERO LOT-TOWN HOUSE,LEGALIZATION WINDOW,WINDOWS,,900,2025-01-14,2025-01-20,2025-01-27,,3040190054890,5250 SW 112 AVE,MIAMI,JOSE A LEE & ROSAIDA HERNANDEZ,NOT LISTED,,OWNER,133 NE 24 AVE,MIAMI,,
M2025006354,2025019938,0000000000,MPLU,C,ALTER - INTERIOR,RESTAURANT/CAFET/BAR/LOUNGE/NIGHT CLUB,LEGALIZE FOG INTER,INTERCEPTOR/GREASE TRAP,,15000,2025-01-02,2025-01-21,,,0341300091611,1573 SUNSET DR,MIAMI,RICHARD R SOUVIRON DDS PA &,NOT LISTED,,OWNER,,,,
C2025039137,2025019933,0000000000,BLDG,R,ALTER - EXTERIOR,SINGLE FAM RES-CLUST-ZERO LOT-TOWN HOUSE,LEGALIZE SHED,BUILDING (COUNTY),,100,2024-12-23,2025-01-21,2025-06-20,06/20/2025,3049230322090,13457 SW 45 LN,MIAMI,ERNESTO A CABRERA,NOT LISTED,,OWNER,13457 SW 45 LN,MIAMI,,
C2025044921,2025020158,0000000000,BLDG,R,ENT REPLACEMENT,SINGLE FAM RES-CLUST-ZERO LOT-TOWN HOUSE,LEGALIZE WINDOW/DOO,WINDOWS,SINGLE ENTRANCE DOOR,5000,2025-01-10,2025-01-21,2025-03-05,,3020100040380,17630 NW 82 AVE,MIAMI,LIZANDRA GONZALEZ RODRIGUEZ,NOT LISTED,,OWNER,17630 NW 82 AVE,MIAMI,,
W2025050013,2025020419,0000000000,MECH,C,NEW,5 UNITS OR MORE  - RESIDENTIAL,LEGALIZE MINISPLIT,A/C - UNLTD,HEATING,,2025-01-22,2025-01-22,,,3060060011120,11541 SW 187 ST,MIAMI,MARTHA C FERNANDEZ,NOT LISTED,CAC1813460,COOL WAVE AIR CONDITIONING CORP,16371 SW 83 LN,MIAMI,33193,(305)388-5236
M2025006289,2025020395,0000000000,MBLD,C,ALTER - EXTERIOR,5 UNITS OR MORE  - RESIDENTIAL,LEGALIZE STEEL RAMP,MUNICIPAL GENERAL BUILDING,,10000,2024-12-30,2025-01-22,,,3530280240001,3389 NW 97 AVE,MIAMI,COSTA CORPORATE CENTRE CONDO/REF,NOT LISTED,CGC1518650,VILLA BUILDERS GROUP CORP,2701 SW 34 AVE,MIAMI,33133,(305)331-4901
C2025048025,2025020216,0000000000,BLDG,R,FENCE NOMASONRY,SINGLE FAM RES-CLUST-ZERO LOT-TOWN HOUSE,LEGALIZE DURAFENCE,FENCE,,550,2025-01-17,2025-01-22,2025-01-23,,3040210290090,4610 SW 89 AVE,MIAMI,MOISES ALVAREZ,NOT LISTED,,OWNER,,MIAMI,,
C2025045410,2025020277,0000000000,BLDG,R,ENCLOSE,SINGLE FAM RES-CLUST-ZERO LOT-TOWN HOUSE,LEGALIZE TERRACED,METAL AWNG & SHUTR,,3000,2025-01-13,2025-01-22,2025-01-23,,3069010070510,19320 SW 117 CT,MIAMI,LEONARDO PAROLIS,NOT LISTED,,OWNER,19320 SW 117 CT,MIAMI,,
C2025031880,2025020697,0000000000,BLDG,R,ADDITION - ATTACHED,SINGLE FAM RES-CLUST-ZERO LOT-TOWN HOUSE,LEGALIZE TERRACE,METAL AWNG & SHUTR,,5000,2024-12-09,2025-01-23,2025-02-21,,3059100090020,11010 SW 142 PL,MIAMI,FRANKLIN E SANTANA,NOT LISTED,CGC1524932,SOUFFRONT CONSTRUCTION INC,135 WESTON ROAD SUITE 163,WESTON,33326,(786)600-3750
M2025007019,2025020200,0000000000,MBLD,R,ALTER - EXTERIOR,SINGLE FAM RES-CLUST-ZERO LOT-TOWN HOUSE,SHED LEGALIZATION,MUNICIPAL SUB-GENERAL BLDR,,8000,2025-01-13,2025-01-22,,,3530070020490,11245 NW 78 ST,MIAMI,NORYS LORENZO PILOTO,NOT LISTED,,OWNER,,,,
C2025044069,2025020751,2025000672,MECH,C,ALTER - INTERIOR,5 UNITS OR MORE  - RESIDENTIAL,LEGALIZE INT.REMODE,A/C - UNLTD,HEATING,6400,2025-01-09,2025-01-23,2025-05-12,,3022200500480,1560 NE 151 ST               104,MIAMI,MARINEL CECILIA CRUZ,NOT LISTED,CAC056705,C & T AIR SERVICE INC,2400 W 2 AVE #2,HIALEAH,33010,(305)888-6560
C2024168116,2025020691,0000000000,BLDG,R,RE-ROOF/REPAIR,SINGLE FAM RES-CLUST-ZERO LOT-TOWN HOUSE,RE-ROOF LEGALIZE,ASPHALT (FIBERGLASS) SHINGLE ROOFS,,400,2024-08-28,2025-01-23,2025-10-03,,3069250101620,25914 SW 122 CT,MIAMI,ALLAN SAMUELS,NOT LISTED,CCC1329300,GRACE ROOFING & SHEET METAL ENTERPRISE,766 RIVERSIDE DRIVE,CORAL SPRINGS,33071,(954)733-7332
C2025042711,2025020556,0000000000,BLDG,R,FENCE NOMASONRY,DUPLEX,LEGALIZE FENCE,FENCE,,8500,2025-01-07,2025-01-23,2026-04-01,,3040110200990,7358 SW 23 ST,MIAMI,SARALIS CAROLINA GONZALEZ,NOT LISTED,,OWNER,PO BOX 5462,MIAMI,,
C2025014753,2025020548,0000000000,BLDG,R,ENCLOSE,SINGLE FAM RES-CLUST-ZERO LOT-TOWN HOUSE,LEGALIZE ALUM TER,METAL AWNG & SHUTR,,4000,2024-10-31,2025-01-23,2025-04-10,,3020100140100,8250 NW 181 ST,MIAMI,VICTOR E PUPO &W CLARA C,NOT LISTED,,OWNER,,MIAMI,,
C2024156295,2025020717,0000000000,BLDG,R,ADDITION - DETACHED,SINGLE FAM RES-CLUST-ZERO LOT-TOWN HOUSE,LEGALIZE SHED,BUILDING (COUNTY),WINDOWS,3500,2024-08-07,2025-01-23,2026-03-20,03/20/2026,3020020220311,20140 W OAKMONT CIR,MIAMI,RICK DREW,NOT LISTED,,OWNER,175 FONTAINBLEAU BLVD,MIAMI,,
C2024182601,2025021034,0000000000,BLDG,R,FENCE NOMASONRY,SINGLE FAM RES-CLUST-ZERO LOT-TOWN HOUSE,LEGALIZE FENCE,FENCE,,450,2024-09-27,2025-01-24,2025-02-12,,3021340120590,2467 NW 104 ST,MIAMI,CARLOS ALBERTO SANCHEZ,NOT LISTED,,OWNER,2467 NW 104 ST,MIAMI,,
C2024044105,2025021033,0000000000,BLDG,R,ALTER - EXTERIOR,SINGLE FAM RES-CLUST-ZERO LOT-TOWN HOUSE,LEGALIZ TERRACE,BUILDING (COUNTY),,800,2024-01-08,2025-01-24,2025-02-06,02/06/2025,3040110140160,6740 SW 16 ST,MIAMI,MAIKEL Y PORTAL,NOT LISTED,,OWNER,6740 SW 16TH STREET,MIAMI,,
C2025030158,2025021025,0000000000,BLDG,R,ALTER - EXTERIOR,SINGLE FAM RES-CLUST-ZERO LOT-TOWN HOUSE,LEGALIZE DOOR,BUILDING (COUNTY),SINGLE ENTRANCE DOOR,450,2024-12-04,2025-01-24,2025-02-06,02/06/2025,3049090031190,15208 SW 22 TER,MIAMI,ISRAEL VALDES & JENNIFFER DELGADO,NOT LISTED,,OWNER,15208 SW 22 TER,MIAMI,,
C2025041670,2025021017,0000000000,BLDG,R,FENCE NOMASONRY,SINGLE FAM RES-CLUST-ZERO LOT-TOWN HOUSE,LEGALIZE/NEW DURAFE,FENCE,,1000,2025-01-03,2025-01-24,2025-04-30,,3050190018250,13840 JACKSON ST,MIAMI,RICARDO LEON PEDRAZA,NOT LISTED,,OWNER,13840 JACKSON ST,MIAMI,,
C2025047569,2025020913,0000000000,BLDG,R,ENT REPLACEMENT,SINGLE FAM RES-CLUST-ZERO LOT-TOWN HOUSE,LEGALIZE WIND/DOOR,WINDOWS,,4700,2025-01-16,2025-01-24,2025-02-12,,3020140280300,16880 NW 69 PL,MIAMI,JULIO C SARAGOZA ACOSTA,NOT LISTED,,OWNER,16880 NW 69 PL,MIAMI,,
C2025044589,2025020480,0000000000,BLDG,R,FENCE NOMASONRY,SINGLE FAM RES-CLUST-ZERO LOT-TOWN HOUSE,LEGALIZE DURA FENCE,FENCE,,4700,2025-01-10,2025-01-23,2025-02-07,,3069340218170,27934 SW 139 PATH,MIAMI,HIPOLITO PINEDA,NOT LISTED,,OWNER,27934 SW 139 PATH,MIAMI,,
C2025051411,2025021041,0000000000,MECH,R,REPAIR,SINGLE FAM RES-CLUST-ZERO LOT-TOWN HOUSE,LEGALIZE A/C SYSTEM,A/C - UNLTD,HEATING,2800,2025-01-24,2025-01-24,2025-07-03,,3030550890240,10229 NW 9 STREET CIR      210-2,MIAMI,MARIA ELENA TRS,NOT LISTED,CMC1250471,RUBEN'S KOOL INC,3155 SW 153 PLACE,MIAMI,33185,(305)300-3106
C2025017572,2025020850,0000000000,BLDG,R,ADDITION - DETACHED,SINGLE FAM RES-CLUST-ZERO LOT-TOWN HOUSE,LEGALIZE SHED,BUILDING (COUNTY),,9000,2024-11-07,2025-01-24,2025-02-05,02/05/2025,3031040034251,3098 NW 93 ST,MIAMI,RENE BLANCO BELLO,NOT LISTED,,OWNER,3098 NW 93 ST,MIAMI,,
C2025050600,2025020821,2025013306,MECH,R,ALTER - INTERIOR,SINGLE FAM RES-CLUST-ZERO LOT-TOWN HOUSE,LEGALIZATION,MECHANICAL VENTILATION,,2400,2025-01-23,2025-01-24,2025-01-31,,3040160050481,9340 SW 36 ST,MIAMI,DIEGO ATIENZA TRS,NOT LISTED,CAC1819780,NATIONAL COMFORT COOLING  INC,14960 SW 250 ST,HOMESTEAD,33032,(786)759-5943
C2025052717,2025021614,2025015715,ELEC,R,ALTER - EXTERIOR,SINGLE FAM RES-CLUST-ZERO LOT-TOWN HOUSE,LEGALIZE ALUM TERRC,ELECTRICAL,,1500,2025-01-28,2025-01-28,2025-01-30,,3049320341350,16420 SW 78 TER,MIAMI,DENISSE QUINONEZ DIAZ & JOSE GARC,NOT LISTED,,OWNER,16420 SW 78 TER,MIAMI,,
C2025049081,2025021501,0000000000,BLDG,R,ALTER - EXTERIOR,SINGLE FAM RES-CLUST-ZERO LOT-TOWN HOUSE,LEGALIZE METAL FENC,FENCE,,400,2025-01-21,2025-01-28,2025-02-05,,3020100040330,17730 NW 82 AVE,MIAMI,FOCSA INVESTMENTS LLC,NOT LISTED,CGC1521199,ADVANCE GLASS CONTRACTOR CORP,2470 SW 122 COURT,MIAMI,33175,(786)515-4360
C2025031219,2025021192,0000000000,BLDG,R,ENT REPLACEMENT,SINGLE FAM RES-CLUST-ZERO LOT-TOWN HOUSE,LEGALIZE DOOR,WINDOWS,,450,2024-12-06,2025-01-27,2025-02-04,,3069350290120,13202 SW 274 TER,MIAMI,VALIA M LASTRE,NOT LISTED,,OWNER,13202 SW 274 TER,MIAMI,,
C2024174749,2025021662,0000000000,BLDG,R,ENCLOSE,SINGLE FAM RES-CLUST-ZERO LOT-TOWN HOUSE,LEGALIZE ALUM TERR,METAL AWNG & SHUTR,,2300,2024-09-12,2025-01-28,2025-12-12,,3078140030110,18725 SW 316 TER,MIAMI,OSCAR RODRIGUEZ RAMIREZ,NOT LISTED,,OWNER,18725 SW 316 TER,MIAMI,,
C2025035164,2025021184,0000000000,BLDG,R,ADDITION - DETACHED,SINGLE FAM RES-CLUST-ZERO LOT-TOWN HOUSE,LEGALIZATION SHED,BUILDING (COUNTY),,300,2024-12-13,2025-01-27,2025-03-06,03/06/2025,3079080300240,29675 SW 164 PL,MIAMI,LEONCE ST VIL,NOT LISTED,,OWNER,29676 SW 165 PL,MIAMI,,
C2025024635,2025021116,0000000000,BLDG,R,ENT REPLACEMENT,SINGLE FAM RES-CLUST-ZERO LOT-TOWN HOUSE,LEGALIZE IMPACT WIN,WINDOWS,,3900,2024-11-21,2025-01-27,2025-07-16,,3020100100440,7800 NW 179 ST,MIAMI,YOANI GARCIA,NOT LISTED,,OWNER,7800 NW 179 ST,MIAMI,,
C2025037685,2025021114,0000000000,BLDG,R,RE-ROOF/REPAIR,SINGLE FAM RES-CLUST-ZERO LOT-TOWN HOUSE,REROOF FLAT LEGALIZ,"GRAVEL\, SBS\, SINGLE PLY\, ETC.",,1000,2024-12-19,2025-01-27,2025-03-31,,3040290210240,6769 SW 104 CT,MIAMI,ANTONIO ALEJANDDRO VIDAURRETA,NOT LISTED,CCC1330053,EAGLE OF THE KEYS ROOFING CONTRACTORS,230 SW 5 AVE,FLORIDA CITY,33034,(305)522-0329
C2025047330,2025021171,0000000000,BLDG,R,ALTER - EXTERIOR,SINGLE FAM RES-CLUST-ZERO LOT-TOWN HOUSE,LEGALIZE DECK,BUILDING (COUNTY),,3500,2025-01-16,2025-01-27,2025-01-31,01/31/2025,3040230400110,4929 SW 71 PL,MIAMI,CHARLES E NEU,NOT LISTED,CGC1522313,CGP GROUP LLC,14350 SW 36 ST,MIAMI,33175,(305)987-2208
C2025050857,2025021576,0000000000,BLDG,R,FENCE NOMASONRY,SINGLE FAM RES-CLUST-ZERO LOT-TOWN HOUSE,FENCE LEGALIZATION,FENCE,,4000,2025-01-24,2025-01-28,2025-03-07,,3040190091070,10711 SW 55 ST,MIAMI,JOSE YALIAN BENITEZ,NOT LISTED,CGC1521218,AMERICAN COOLING MASTERS CORP,10711 SW 55 ST,MIAMI,33165,(786)439-8048
C2025000136,2025021090,0000000000,BLDG,R,ENCLOSE,SINGLE FAM RES-CLUST-ZERO LOT-TOWN HOUSE,LEGALIZE ALUM CANPY,METAL AWNG & SHUTR,,1400,2024-10-01,2025-01-27,2025-01-31,,3049280021440,6948 SW 147 PL,MIAMI,TATIANA LUNA GUZMAN JTRS,NOT LISTED,,OWNER,6948 SW 147 PL,MIAMI,,
C2025052936,2025021630,2025021619,ELEC,R,ALTER - EXTERIOR,SINGLE FAM RES-CLUST-ZERO LOT-TOWN HOUSE,LEGALIZATION,ELECTRICAL,,500,2025-01-28,2025-01-28,2025-02-18,,3050200190300,10301 SW 145 ST,MIAMI,ARIEL RODRIGUEZ VAZQUEZ,NOT LISTED,22E000338,AROD POWER ELECTRIC LLC,11200 SW 158 ST,MIAMI,33157,(786)806-2150
C2025026095,2025021619,0000000000,BLDG,R,ALTER - EXTERIOR,SINGLE FAM RES-CLUST-ZERO LOT-TOWN HOUSE,LEGALIZATION,BUILDING (COUNTY),WINDOWS,500,2024-11-25,2025-01-28,2025-02-26,02/26/2025,3050200190300,10301 SW 145 ST,MIAMI,ARIEL RODRIGUEZ VAZQUEZ,NOT LISTED,,OWNER,10301 SW 145 ST,MIAMI,,
C2025046183,2025021154,0000000000,ZIPS,R,ALTER - EXTERIOR,SINGLE FAM RES-CLUST-ZERO LOT-TOWN HOUSE,LEGALIZE DOCK,FLOATING DOCKS,,2000,2025-01-14,2025-01-27,2025-01-31,,3040230420260,7016 SW 48 LN,MIAMI,JAMES PATRICK O CALLAGHAN,NOT LISTED,CGC1522313,CGP GROUP LLC,14350 SW 36 ST,MIAMI,33175,(305)987-2208
C2025051685,2025021150,0000000000,ELEC,R,ALTER - EXTERIOR,SINGLE FAM RES-CLUST-ZERO LOT-TOWN HOUSE,DEMO ELEC LEGALIZE,ELECTRICAL,,200,2025-01-27,2025-01-27,2025-05-20,,3060060014790,11940 SW 187 TER,MIAMI,JOSEPH CHANDANAIS,NOT LISTED,,OWNER,11940 SW 187 TER,MIAMI,,
C2025049407,2025021404,0000000000,BLDG,R,ENT REPLACEMENT,SINGLE FAM RES-CLUST-ZERO LOT-TOWN HOUSE,WINDOWS LEGALIZE,WINDOWS,,8000,2025-01-22,2025-01-28,2025-02-24,,3060070080080,20520 SW 116 RD,MIAMI,LUIS M DEL RISCO,NOT LISTED,,OWNER,6357 SW 9 ST,MIAMI,,
C2025052839,2025021775,0000000000,MECH,C,REPAIR,5 UNITS OR MORE  - RESIDENTIAL,LEGALIZE AC CHANGE,A/C - UNLTD,HEATING,1800,2025-01-28,2025-01-29,2025-02-03,,3030550890970,10233 NW 9 STREET CIR   106-1,MIAMI,ORESTES L MUJICA LE,NOT LISTED,CAC1816558,CITY CONNECTION AIR CONDITIONING REFRI,10304 SW 130 CT,MIAMI,33186,(305)380-7217
C2025049052,2025021704,0000000000,BLDG,R,FENCE NOMASONRY,SINGLE FAM RES-CLUST-ZERO LOT-TOWN HOUSE,LEGALIZE FENCE,FENCE,,750,2025-01-21,2025-01-29,2025-08-11,,3031010060055,240 NW 103 ST,MIAMI,MARTIN A ROBLETO,NOT LISTED,,OWNER,7228 NW 56 ST,MIAMI,,
C2024172617,2025021700,0000000000,BLDG,R,ADDITION - ATTACHED,SINGLE FAM RES-CLUST-ZERO LOT-TOWN HOUSE,LEGALIZE FRONT PORC,BUILDING (COUNTY),,1000,2024-09-09,2025-01-29,2025-04-04,04/04/2025,3040190041600,4350 SW 108 AVE,MIAMI,REUBEN ESTEBAN RUIZ,NOT LISTED,,OWNER,2015 W FLAGLER ST,MIAMI,,
C2024169294,2025021698,0000000000,BLDG,R,ALTER - EXTERIOR,SINGLE FAM RES-CLUST-ZERO LOT-TOWN HOUSE,LEGALIZE GARAGE CON,BUILDING (COUNTY),WINDOWS,13000,2024-08-30,2025-01-29,2025-03-14,03/14/2025,3050190030170,14650 SW 107 AVE,MIAMI,LAZARA L PEREIRA BAUTA,NOT LISTED,,OWNER,14650 SW 107 AVE,MIAMI,,
C2025052424,2025021882,0000000000,MECH,C,REPAIR,5 UNITS OR MORE  - RESIDENTIAL,LEGALIZE AC,A/C - UNLTD,HEATING,1800,2025-01-28,2025-01-29,2025-02-03,,3030550890020,10229 NW 9 STREET CIR      102-2,MIAMI,ORESTES L MUJICA LE,NOT LISTED,CAC1816558,CITY CONNECTION AIR CONDITIONING REFRI,10304 SW 130 CT,MIAMI,33186,(305)380-7217
C2024039520,2025021665,0000000000,BLDG,R,ADDITION - ATTACHED,SINGLE FAM RES-CLUST-ZERO LOT-TOWN HOUSE,LEGALIZATION SFR,BUILDING (COUNTY),,15000,2023-12-22,2025-01-29,2026-04-22,,3021060050980,18835 NW 48 AVE,MIAMI,CURTIS HINSON JR,NOT LISTED,CGC1515267,RUNU CONTRACTING INC,2871 NW 156 TERRACE,OPA LOCKA,33054,(305)316-6457
C2024147104,2025021830,0000000000,BLDG,R,ADDITION - ATTACHED,SINGLE FAM RES-CLUST-ZERO LOT-TOWN HOUSE,LEGALIZE ADDITION,BUILDING (COUNTY),FENCE,30000,2024-07-19,2025-01-29,2026-05-19,,3040190070880,10901 SW 53 DR,MIAMI,PAUL ANTHONY GIORDANO & JENNIFER,FAUSTO GUERRERO,,OWNER,10901 SW 53 DR,MIAMI,,
C2025052208,2025021824,2016062193,PLUM,R,ALTER - EXTERIOR,SINGLE FAM RES-CLUST-ZERO LOT-TOWN HOUSE,LEGALIZATION-PLUM,PLUMBING,,15000,2025-01-27,2025-01-29,2025-06-17,,3040150050310,2501 SW 78 CT,MIAMI,ROBERTO PEREZ &W JUANA R,NOT LISTED,CFC1427987,RJ QUALITY PLUMBING CORP,6250 NW 173 ST#306,HIALEAH,33015,(954)919-8382
C2024181067,2025021876,0000000000,BLDG,C,ALTER - EXTERIOR,5 UNITS OR MORE  - RESIDENTIAL,LEGALIZE BALCONY,GENERAL (COUNTY),,2500,2024-09-24,2025-01-29,2025-05-21,05/21/2025,3030550891390,10241 NW 9 STREET CIR      206-5,MIAMI,JOSE F MOTA POLANCO,NOT LISTED,CGC1528757,GEO GENERAL CONTRACTOR INC,10784 SW 244 TER,HOMESTEAD,33032,(786)486-5816
C2025053391,2025021819,0000000000,MECH,C,REPAIR,5 UNITS OR MORE  - RESIDENTIAL,LEGALIZE A/C INST,A/C - UNLTD,HEATING,1350,2025-01-29,2025-01-29,2025-02-14,,3020110200310,6940 NW 173 DR               805,MIAMI,LION EAGLE FOUR CORP,NOT LISTED,CMC1250876,AIRCON MANAGEMENT CORP,1015 W 50 PLACE,HIALEAH,33012,(305)761-0681
W2025053397,2025021813,2025018705,PLUM,R,ADDITION - ATTACHED,SINGLE FAM RES-CLUST-ZERO LOT-TOWN HOUSE,LEGALIZE REAR ADDIT,PLUMBING,,7500,2025-01-29,2025-01-29,2025-05-12,,3021260070630,1561 NW 132 ST,MIAMI,U S BANK TRUST N A TRS,NOT LISTED,CFC1431980,BLUE COAST PLUMBING CORP DBA:THE DRAIN,13364 SW 128 ST,MIAMI,33186,(305)430-5125
C2025044648,2025021794,0000000000,BLDG,R,ENT REPLACEMENT,SINGLE FAM RES-CLUST-ZERO LOT-TOWN HOUSE,LEGALIZE DOOR,WINDOWS,,1000,2025-01-10,2025-01-29,2025-02-28,,3059210050330,14810 SW 151 TER,MIAMI,HUMBERTO SUAREZ,NOT LISTED,,OWNER,14810 SW 151 TER,MIAMI,,
C2024144676,2025022114,0000000000,BLDG,R,ALTER - EXTERIOR,SINGLE FAM RES-CLUST-ZERO LOT-TOWN HOUSE,LEGALIZE/FENCE,BUILDING (COUNTY),FENCE,4500,2024-07-16,2025-01-30,2025-03-26,03/26/2025,3040100010120,1645 SW 82 CT,MIAMI,HAROLD MON,NOT LISTED,,OWNER,1645 SW 82 CT,MIAMI,,
C2025047637,2025022080,0000000000,BLDG,R,ENT REPLACEMENT,SINGLE FAM RES-CLUST-ZERO LOT-TOWN HOUSE,LEGALIZEWNDWS/DOORS,WINDOWS,,1450,2025-01-16,2025-01-30,2025-06-18,,3040160022380,3330 SW 91 AVE,MIAMI,FRANCISCO LAM &W,NOT LISTED,,OWNER,9270 SW 56 TER,MIAMI,,
C2023180860,2025022465,0000000000,BLDG,R,ALTER - EXTERIOR,SINGLE FAM RES-CLUST-ZERO LOT-TOWN HOUSE,LEGALIZATION,SCREEN ENCLOSURES,,4700,2023-09-26,2025-01-31,2025-07-28,,3050180110180,12615 SW 112 CT,MIAMI,CINDY MARY ANN MARZOUKA,NOT LISTED,,OWNER,12615 SW 112 CT,MIAMI,,
C2025023535,2025022451,0000000000,BLDG,R,ADDITION - DETACHED,SINGLE FAM RES-CLUST-ZERO LOT-TOWN HOUSE,SHED LEGALIZE,BUILDING (COUNTY),,4000,2024-11-19,2025-01-31,2025-02-13,02/13/2025,3040330060930,8711 SW 85 ST,MIAMI,DOROTHY D SMITH,NOT LISTED,,OWNER,,MIAMI,,
C2025054698,2025022440,0000000000,MECH,R,REPAIR,SINGLE FAM RES-CLUST-ZERO LOT-TOWN HOUSE,LEGALIZE CHANGE OUT,A/C - UNLTD,,500,2025-01-31,2025-01-31,2025-07-18,,3049230302250,13558 SW 47 LN,MIAMI,JORGE U LASTRES &W ANA J,NOT LISTED,,OWNER,13558 SW 47 LN,MIAMI,,
C2025053659,2025022431,2024042876,PLUM,R,ALTER - INTERIOR,SINGLE FAM RES-CLUST-ZERO LOT-TOWN HOUSE,LEGALIZATION,PLUMBING,,8400,2025-01-29,2025-01-31,2025-08-14,,3031150100200,6321 NW 20 AVE,MIAMI,ELAMRI DEVELOPMENT LLC,NOT LISTED,CFC1427737,CAPOTE PLUMBING CORP,6811 SW 7 ST,MIAMI,33144,(305)263-9912
C2025053122,2025022000,2025021025,ELEC,R,ALTER - EXTERIOR,SINGLE FAM RES-CLUST-ZERO LOT-TOWN HOUSE,LEGALIZE DOOR,ELECTRICAL,,450,2025-01-29,2025-01-30,2025-02-05,,3049090031190,15208 SW 22 TER,MIAMI,ISRAEL VALDES & JENNIFFER DELGADO,NOT LISTED,,OWNER,15208 SW 22 TER,MIAMI,,
C2025053868,2025022041,2025021830,ELEC,R,ADDITION - ATTACHED,SINGLE FAM RES-CLUST-ZERO LOT-TOWN HOUSE,LEGALIZE ADDITION,ELECTRICAL,,30000,2025-01-30,2025-01-30,,,3040190070880,10901 SW 53 DR,MIAMI,PAUL ANTHONY GIORDANO,FAUSTO GUERRERO,,OWNER,10901 SW 53 DR,MIAMI,,
C2025053863,2025022040,2025021830,MECH,R,ADDITION - ATTACHED,SINGLE FAM RES-CLUST-ZERO LOT-TOWN HOUSE,LEGALIZE ADDITION,MECHANICAL VENTILATION,,30000,2025-01-30,2025-01-30,2025-03-26,,3040190070880,10901 SW 53 DR,MIAMI,PAUL ANTHONY GIORDANO,FAUSTO GUERRERO,,OWNER,10901 SW 53 DR,MIAMI,,
C2025053857,2025022039,2025021830,PLUM,R,ADDITION - ATTACHED,SINGLE FAM RES-CLUST-ZERO LOT-TOWN HOUSE,LEGALIZE ADDITION,PLUMBING,,30000,2025-01-30,2025-01-30,,,3040190070880,10901 SW 53 DR,MIAMI,PAUL ANTHONY GIORDANO,FAUSTO GUERRERO,,OWNER,10901 SW 53 DR,MIAMI,,
C2024155710,2025022533,0000000000,BLDG,R,ALTER - EXTERIOR,SINGLE FAM RES-CLUST-ZERO LOT-TOWN HOUSE,LEGALIZE FENCE,FENCE,,1800,2024-08-06,2025-01-31,2025-07-07,,3049130071010,12280 SW 28 ST,MIAMI,CARLOS BRUNO MAMONE,NOT LISTED,,OWNER,12280 SW 28 ST,MIAMI,,
C2023181818,2025022528,0000000000,BLDG,R,ALTER - EXTERIOR,SINGLE FAM RES-CLUST-ZERO LOT-TOWN HOUSE,LEGALIZATION,BUILDING (COUNTY),,10000,2023-09-27,2025-01-31,2026-08-14,08/14/2026,3021240051170,240 NW 148 ST,MIAMI,ARC 901 NE 127 ST VENTURE LLC,NOT LISTED,CGC058065,CAIBAI CONSTRUCTION LLC,10876 SW 24 TERR,MIAMI,33165,(786)229-2770
C2025046499,2025022525,0000000000,BLDG,R,ENT REPLACEMENT,SINGLE FAM RES-CLUST-ZERO LOT-TOWN HOUSE,LEGALIZE DOOR,WINDOWS,,350,2025-01-15,2025-01-31,2025-02-27,,3049100170090,13719 SW 22 ST,MIAMI,YADIR RICARDO RAMIREZ MARTELL,NOT LISTED,,OWNER,13719 SW 22 ST,MIAMI,,
C2025011379,2025022516,0000000000,BLDG,R,FENCE NOMASONRY,SINGLE FAM RES-CLUST-ZERO LOT-TOWN HOUSE,LEGALIZE FENCE,FENCE,,450,2024-10-25,2025-01-31,2025-07-09,,3020360020940,11330 NW 58 PL,MIAMI,LEIDY LOPEZ &H MANUEL GUTIERREZ,NOT LISTED,,OWNER,11330 NW 58 PL,MIAMI,,
C2025040485,2025022415,0000000000,BLDG,R,ADDITION - DETACHED,SINGLE FAM RES-CLUST-ZERO LOT-TOWN HOUSE,LEGALIZE SHED,BUILDING (COUNTY),,4097,2024-12-30,2025-01-31,2025-04-24,04/24/2025,3040150040270,8251 SW 29 ST,MIAMI,ALEX GARCIA &,NOT LISTED,,OWNER,,MIAMI,,
C2025041667,2025021978,0000000000,BLDG,R,ALTER - EXTERIOR,SINGLE FAM RES-CLUST-ZERO LOT-TOWN HOUSE,WNDWS/DOOR LEGALIZE,GARAGE & INDUS DOOR,WINDOWS,450,2025-01-03,2025-01-30,2025-02-27,,3020040030400,19170 NW 89 CT,MIAMI,ANGEL ALBERTO NIEVES,NOT LISTED,,OWNER,19170 NW 89 CT,MIAMI,,
C2025053914,2025022400,2025021876,ELEC,C,ALTER - EXTERIOR,5 UNITS OR MORE  - RESIDENTIAL,LEGALIZE BALCONY,ELECTRICAL,,2500,2025-01-30,2025-01-31,2025-05-12,,3030550891390,10241 NW 9 STREET CIR      206-5,MIAMI,JOSE F MOTA POLANCO,NOT LISTED,EC13013489,AMPEREZ ELECTRIC CORP,2233 CALAIS DR 41 E,MIAMI BEACH,33141,(786)803-0003
C2025053969,2025022192,0000000000,MECH,R,ALTER - INTERIOR,SINGLE FAM RES-CLUST-ZERO LOT-TOWN HOUSE,A/C 5 TON LEGALIZE,A/C - UNLTD,,4500,2025-01-30,2025-01-30,2025-08-25,,3022070220240,870 NE 178 TER,MIAMI,4GEE LLC,NOT LISTED,CAC1817046,GABY A/C CORP,5701 NW 113TH TERR,HIALEAH,33012,(786)290-1982
C2025053644,2025022306,2025021698,ELEC,R,ALTER - EXTERIOR,SINGLE FAM RES-CLUST-ZERO LOT-TOWN HOUSE,LEGALIZE GARAGE CON,ELECTRICAL,,13000,2025-01-29,2025-01-31,2025-03-07,,3050190030170,14650 SW 107 AVE,MIAMI,LAZARA L PEREIRA BAUTA,NOT LISTED,,OWNER,14650 SW 107 AVE,MIAMI,,
C2025053603,2025022301,2025021698,MECH,R,ALTER - EXTERIOR,SINGLE FAM RES-CLUST-ZERO LOT-TOWN HOUSE,LEGALIZE GARAGE CON,A/C - UNLTD,HEATING,13000,2025-01-29,2025-01-31,2025-03-12,,3050190030170,14650 SW 107 AVE,MIAMI,LAZARA L PEREIRA BAUTA,NOT LISTED,,OWNER,14650 SW 107 AVE,MIAMI,,
C2025042434,2025022285,0000000000,BLDG,R,ADDITION - DETACHED,SINGLE FAM RES-CLUST-ZERO LOT-TOWN HOUSE,SHED LEGALIZATION,BUILDING (COUNTY),,500,2025-01-06,2025-01-31,2025-05-02,05/02/2025,3050280080730,9755 SW 161 ST,MIAMI,YOLANDA NAVARRETE,NOT LISTED,,OWNER,133 NE 24 AVE,MIAMI,,
C2024176596,2025022643,0000000000,BLDG,R,FENCE NOMASONRY,SINGLE FAM RES-CLUST-ZERO LOT-TOWN HOUSE,LEGALIZE FENCE,FENCE,,800,2024-09-16,2025-02-03,2025-02-05,,3079090170200,14930 SW 301 TER,MIAMI,ESTEBAN MORUA &W JOSEPHINE,NOT LISTED,,OWNER,14930 SW 301 TER,MIAMI,,
C2024103788,2025022813,0000000000,BLDG,R,ALTER - EXTERIOR,SINGLE FAM RES-CLUST-ZERO LOT-TOWN HOUSE,LEGALIZE WOOD DOCK,BUILDING (COUNTY),,4500,2024-05-02,2025-02-03,2025-03-03,03/03/2025,3049260030420,13455 SW 71 ST,MIAMI,DANY MIRANDA,NOT LISTED,,OWNER,13455 SW 71 ST,MIAMI,,
C2025055239,2025022621,2025022114,MECH,R,ALTER - EXTERIOR,SINGLE FAM RES-CLUST-ZERO LOT-TOWN HOUSE,LEGALIZE/FENCE,A/C - UNLTD,HEATING,4500,2025-02-03,2025-02-03,2025-02-19,,3040100010120,1645 SW 82 CT,MIAMI,HAROLD MON,NOT LISTED,,OWNER,1645 SW 82 CT,MIAMI,,
C2025055227,2025022620,2025022114,ELEC,R,ALTER - EXTERIOR,SINGLE FAM RES-CLUST-ZERO LOT-TOWN HOUSE,LEGALIZE/FENCE,ELECTRICAL,,4500,2025-02-03,2025-02-03,2025-02-19,,3040100010120,1645 SW 82 CT,MIAMI,HAROLD MON,NOT LISTED,,OWNER,1645 SW 82 CT,MIAMI,,
C2025055218,2025022619,2025022114,PLUM,R,ALTER - EXTERIOR,SINGLE FAM RES-CLUST-ZERO LOT-TOWN HOUSE,LEGALIZE/FENCE,GAS FITTING,,4500,2025-02-03,2025-02-03,2025-03-21,,3040100010120,1645 SW 82 CT,MIAMI,HAROLD MON,NOT LISTED,,OWNER,1645 SW 82 CT,MIAMI,,
C2025038650,2025022949,0000000000,BLDG,R,ALTER - EXTERIOR,SINGLE FAM RES-CLUST-ZERO LOT-TOWN HOUSE,LEGALIZE SHED,BUILDING (COUNTY),,550,2024-12-20,2025-02-04,2025-03-19,03/19/2025,3069010250060,11961 SW 192 TER,MIAMI,JOAQUIN LOPEZ,NOT LISTED,,OWNER,11961 SW 192 TER,MIAMI,,
C2024177554,2025022947,0000000000,BLDG,R,ALTER - INTERIOR,SINGLE FAM RES-CLUST-ZERO LOT-TOWN HOUSE,LEGALIZE LAUNDRY,BUILDING (COUNTY),WINDOWS,600,2024-09-18,2025-02-04,2025-05-29,05/29/2025,3059050170640,9703 SW 159 AVE,MIAMI,CARIDAD ROSA,NOT LISTED,,OWNER,9703 SW 159 AVE,MIAMI,,
C2025048655,2025022937,0000000000,BLDG,R,ENCLOSE,SINGLE FAM RES-CLUST-ZERO LOT-TOWN HOUSE,LEGALIZE ALUM TERR,METAL AWNG & SHUTR,,2000,2025-01-21,2025-02-04,2025-02-12,,3059200011140,14933 SW 158 PL,MIAMI,EMAN MAKRAM SADEK,NOT LISTED,CGC1527715,DESIGN PLUS CONSTRUCTION LLC,5351 SW 4 ST,CORAL GABLES,33134,(786)440-1333
C2024174569,2025022922,0000000000,ZIPS,R,ALTER - EXTERIOR,SINGLE FAM RES-CLUST-ZERO LOT-TOWN HOUSE,LEGALIZE CANOPY,"AWNINGS\,CANOPIES & FABRIC COVERED FRAMEWORK\, RESIDENTIAL",,4500,2024-09-11,2025-02-04,2025-05-10,,3069320040210,16345 SW 280 ST,MIAMI,CARLOS A FELIPE,NOT LISTED,,OWNER,16345 SW 280 ST,MIAMI,,
C2025046684,2025022920,0000000000,BLDG,R,ALTER - EXTERIOR,SINGLE FAM RES-CLUST-ZERO LOT-TOWN HOUSE,LEGALIZE SHED,BUILDING (COUNTY),,500,2025-01-15,2025-02-04,2025-04-15,04/15/2025,3050300090660,16512 SW 111 AVE,MIAMI,ROMI RIELO,NOT LISTED,,OWNER,11890 SW 8 ST # 408,MIAMI,,
C2024069368,2025023077,0000000000,BLDG,R,ENCLOSE,SINGLE FAM RES-CLUST-ZERO LOT-TOWN HOUSE,LEGALIZE ALUM TERR,METAL AWNG & SHUTR,,1700,2024-02-27,2025-02-04,2025-04-29,,3020360050850,11521 NW 57 CT,MIAMI,MANUEL BARRERA,NOT LISTED,,OWNER,11521 NW 57 CT,MIAMI,,
C2025031934,2025023474,0000000000,ZIPS,R,ALTER - EXTERIOR,SINGLE FAM RES-CLUST-ZERO LOT-TOWN HOUSE,LEGALIZE FENCE,"PICKET FENCES\, IRON AND OTHER NON-WIND RESISTANT FENCES",,500,2024-12-09,2025-02-05,2025-02-07,,3059040650540,9472 SW 155 AVE,MIAMI,LUIS C URQUIJO &W CLARA I,NOT LISTED,,OWNER,9472 SW 155 AVE,MIAMI,,
C2025057056,2025023404,0000000000,PLUM,R,ALTER - INTERIOR,SINGLE FAM RES-CLUST-ZERO LOT-TOWN HOUSE,LEGALIZE WATER HTER,PLUMBING,,300,2025-02-05,2025-02-05,2025-06-04,,3022180032470,700 NE 160 TER,MIAMI,PABLO VELASQUEZ MEJIA,NOT LISTED,CFC1432422,ANYTHING PLUMBING LLC,7820 NW 54TH STREET,LAUDERHILL,33351,(954)822-3614
C2025031911,2025023472,0000000000,ZIPS,R,ALTER - EXTERIOR,SINGLE FAM RES-CLUST-ZERO LOT-TOWN HOUSE,LEGALIZE TRELLIS,"AWNINGS\,CANOPIES & FABRIC COVERED FRAMEWORK\, RESIDENTIAL",,800,2024-12-09,2025-02-05,2025-02-07,,3059040650540,9472 SW 155 AVE,MIAMI,LUIS C URQUIJO &W CLARA I,NOT LISTED,,OWNER,9472 SW 155 AVE,MIAMI,,
M2025007375,2025022970,0000000000,MBLD,R,ALTER - EXTERIOR,SINGLE FAM RES-CLUST-ZERO LOT-TOWN HOUSE,LEGALIZE OF WALLSLA,MUNICIPAL SUB-GENERAL BLDR,,25000,2025-01-17,2025-02-04,,,0431170131780,720 NE 2 PL,MIAMI,DUEX CAPITAL GROUP LLC,NOT LISTED,CBC1264487,ANR INVESTMENTS OF FLORIDA LLC,17125 NW 78TH CT,HIALEAH,33015,(305)877-6731
C2025047280,2025022965,2025052653,BLDG,R,ENT REPLACEMENT,SINGLE FAM RES-CLUST-ZERO LOT-TOWN HOUSE,LEGALIZE WNDWS/DRS,WINDOWS,,5000,2025-01-16,2025-02-04,2025-07-11,,3040210420030,4390 SW 89 AVE,MIAMI,OSCAR DAVID BAEZ,NOT LISTED,,OWNER,4390 SW 89 AVE,MIAMI,,
C2024181016,2025022590,0000000000,BLDG,R,ALTER - EXTERIOR,DUPLEX,LEGALIZE DURA FENCE,FENCE,,2300,2024-09-24,2025-02-03,2025-02-13,,3040110150320,1100 SW 71 AVE,MIAMI,MARIA G LUNA,NOT LISTED,,OWNER,25145 SW 144 AVE,MIAMI,,
C2025035775,2025023273,0000000000,BLDG,R,ADDITION - DETACHED,SINGLE FAM RES-CLUST-ZERO LOT-TOWN HOUSE,LEGALIZE SHED,BUILDING (COUNTY),,50,2024-12-16,2025-02-05,2025-02-06,02/06/2025,3059280011070,15051 SW 152 TER,MIAMI,ARNALDO ZAMORA,NOT LISTED,,OWNER,,MIAMI,,
C2024106245,2025023365,0000000000,BLDG,R,ALTER - EXTERIOR,SINGLE FAM RES-CLUST-ZERO LOT-TOWN HOUSE,LEGALIZATION,BUILDING (COUNTY),FENCE,20000,2024-05-07,2025-02-05,2026-04-22,04/22/2026,3069350090540,27824 SW 129 PL,MIAMI,CBJ CONSTRUCTION INC,NOT LISTED,CGC1519528,UNITED STATES ASSOCIATION OF CDC INC,1150 WILSHIRE CIR W,PEMBROKE PINES,33027,(954)608-5677
C2025056753,2025023363,2025001066,ELEC,C,ENCLOSE,5 UNITS OR MORE  - RESIDENTIAL,LEGALIZE BALCO ENCL,ELECTRICAL,,4500,2025-02-05,2025-02-05,2025-02-24,,3030550891550,10249 NW 9 STREET CIR        1088,MIAMI,RUBEN ARENCIBIA,NOT LISTED,EC13007551,KEBOS ELECTRICAL UNLIMITED INC,5629 SW 5 TER,MIAMI,33134,(786)280-0358
C2025043792,2025023354,0000000000,ZIPS,R,ALTER - EXTERIOR,SINGLE FAM RES-CLUST-ZERO LOT-TOWN HOUSE,LEGALIZE TRELLIS,"AWNINGS\,CANOPIES & FABRIC COVERED FRAMEWORK\, RESIDENTIAL",,5600,2025-01-08,2025-02-05,2025-03-07,,3078020090030,18751 SW 295 TER,MIAMI,HAYMEE RODRIGUEZ,NOT LISTED,,OWNER,18751 SW 295 TER,MIAMI,,
C2025031712,2025023684,0000000000,BLDG,R,ENT REPLACEMENT,SINGLE FAM RES-CLUST-ZERO LOT-TOWN HOUSE,LEGALIZE WINDOWS,WINDOWS,,2500,2024-12-06,2025-02-06,2025-03-07,,3049090031730,2196 SW 152 PL,MIAMI,SANTIAGO MONTEAGUDO,NOT LISTED,CGC1512218,ASHER CONTRACTOR CORP,8540 NW 188 TERR #2404,MIAMI,33015,(786)208-3777
C2025057102,2025023710,2024046857,MECH,R,ALTER - INTERIOR,DUPLEX,LEGALIZATION,"FIREPLACES\, BARBECUE AND SPECIFIC APPLIANCES",,12000,2025-02-05,2025-02-06,2025-02-10,,3049100031071,13985 SW 20 ST,MIAMI,AIMEE D LABRADOR,NOT LISTED,CAC057226,AA MASTERS MECHANICAL AIR MOVING AND E,500 NW 94 ST,MIAMI,33150,(305)244-0667
C2025057715,2025023693,2025023598,ELEC,R,ENCLOSE,SINGLE FAM RES-CLUST-ZERO LOT-TOWN HOUSE,ALUM TERR LEGALIZE,ELECTRICAL,,4500,2025-02-06,2025-02-06,2025-03-11,,3031160060140,3074 NW 64 ST,MIAMI,RAMONA CRUZ FIGUEROA,NOT LISTED,,OWNER,11865 SW 26 ST,MIAMI,,
C2025035640,2025023547,2024075970,PLUM,R,ALTER - INTERIOR,SINGLE FAM RES-CLUST-ZERO LOT-TOWN HOUSE,INT LEGALIZE REMODE,PLUMBING,,10000,2024-12-16,2025-02-06,2026-02-18,,3040340100180,7201 SW 84 CT,MIAMI,ROCK COMMERCIAL HOLDINGS LLC,NOT LISTED,CFC1430798,A & A ESPADA SERVICES CORP,26221 SW 125 AVE,HOMESTEAD,33032,(786)317-1876
C2025030691,2025023546,2024075970,MECH,R,ALTER - INTERIOR,SINGLE FAM RES-CLUST-ZERO LOT-TOWN HOUSE,INT LEGALIZE REMODE,A/C - UNLTD,HEATING,10000,2024-12-05,2025-02-06,2026-02-23,,3040340100180,7201 SW 84 CT,MIAMI,ROCK COMMERCIAL HOLDINGS LLC,NOT LISTED,CMC1251090,GENEREVE CONSTRUCTION LLC,2980 NE 207 ST STE 300,AVENTURA,33680,(305)504-6823
C2025044852,2025023764,2025000672,PLUM,C,ALTER - INTERIOR,5 UNITS OR MORE  - RESIDENTIAL,LEGALIZE INT.REMODE,PLUMBING,,6400,2025-01-10,2025-02-06,2025-07-14,,3022200500480,1560 NE 151 ST               104,MIAMI,MARINEL CECILIA CRUZ,NOT LISTED,CFC1429020,ECOENERGY CONSTRUCTION LLC,620 SW 98 TERR,PEMBROKE PINES,33025,(954)624-5827
C2025055185,2025023599,2025016139,ELEC,R,ALTER - EXTERIOR,SINGLE FAM RES-CLUST-ZERO LOT-TOWN HOUSE,DOOR TO BE LEGALIZE,ELECTRICAL,,1500,2025-02-03,2025-02-06,2025-02-07,,3079030210050,14295 SW 287 ST,MIAMI,FELIX N DE LA PAZ RODRIGUEZ,NOT LISTED,,OWNER,14295 SW 287 ST,MIAMI,,
C2025006520,2025023598,0000000000,BLDG,R,ENCLOSE,SINGLE FAM RES-CLUST-ZERO LOT-TOWN HOUSE,ALUM TERR LEGALIZE,METAL AWNG & SHUTR,,4500,2024-10-16,2025-02-06,2025-04-09,,3031160060140,3074 NW 64 ST,MIAMI,RAMONA CRUZ FIGUEROA,NOT LISTED,,OWNER,11865 SW 26 ST,MIAMI,,
C2025043122,2025023586,0000000000,BLDG,R,ALTER - EXTERIOR,SINGLE FAM RES-CLUST-ZERO LOT-TOWN HOUSE,LEGALIZATION,BUILDING (COUNTY),,1800,2025-01-07,2025-02-06,2025-02-10,02/10/2025,3049150260010,3170 SW 138 AVE,MIAMI,SRP SUB LLC,NOT LISTED,CGC1512609,FIGUEROA & DAUGHTERS BUILDERS INC,5800 SW 127TH AVE,MIAMI,33183,(786)344-4996
C2025058939,2025024366,2025005933,ELEC,R,ALTER - EXTERIOR,SINGLE FAM RES-CLUST-ZERO LOT-TOWN HOUSE,REMODELLEGALIZATION,ELECTRICAL,,10200,2025-02-10,2025-02-10,2025-07-11,,3021350130760,901 NW 116 ST,MIAMI,WORLD RENT LLC,NOT LISTED,EC13002313,ONLY ELECTRIC COMPANY INC,348 NW 102 TERR,PLANTATION,33324,(305)785-6059
C2024177712,2025023875,0000000000,BLDG,R,ALTER - EXTERIOR,SINGLE FAM RES-CLUST-ZERO LOT-TOWN HOUSE,LEGALIZATION,BUILDING (COUNTY),FENCE,10000,2024-09-18,2025-02-07,2025-05-20,05/20/2025,3059330170210,15460 SW 169 LN,MIAMI,RAUL MARTINEZ,NOT LISTED,,OWNER,15460 SW 169 LN,MIAMI,,
C2025054604,2025023832,0000000000,BLDG,R,ENT REPLACEMENT,SINGLE FAM RES-CLUST-ZERO LOT-TOWN HOUSE,LEGALIZE DOOR,WINDOWS,,1157,2025-01-31,2025-02-07,2025-06-23,,3050190080050,14511 JEFFERSON ST,MIAMI,CELLIS GARCIA,NOT LISTED,,OWNER,14511 JEFFERSON ST,MIAMI,,
C2025058138,2025023889,2023072169,PLUM,R,ALTER - EXTERIOR,SINGLE FAM RES-CLUST-ZERO LOT-TOWN HOUSE,LEGALIZATION,PLUMBING,GAS FITTING,6800,2025-02-07,2025-02-07,2025-10-06,,3040150120710,8541 SW 35 TER,MIAMI,LEONEL GOMEZ,NOT LISTED,,OWNER,8541 SW 35 TER,MIAMI,,
C2025057290,2025023509,2025022415,ELEC,R,ADDITION - DETACHED,SINGLE FAM RES-CLUST-ZERO LOT-TOWN HOUSE,LEGALIZE SHED,ELECTRICAL,,4097,2025-02-06,2025-02-06,2025-04-08,,3040150040270,8251 SW 29 ST,MIAMI,ALEX GARCIA &,NOT LISTED,EC13006509,"CARRANDI ELECTRIC SERVICES\, INC.",3484 SW 112 AVE,MIAMI,33165,(786)897-9582
C2025025935,2025024389,0000000000,BLDG,R,ALTER - EXTERIOR,SINGLE FAM RES-CLUST-ZERO LOT-TOWN HOUSE,LEGALIZATIONS,BUILDING (COUNTY),,1000,2024-11-22,2025-02-10,2025-10-28,10/28/2025,3060180261540,10863 SW 229 ST,MIAMI,RONALD VILLAMIL PUIG,NOT LISTED,,OWNER,10863 SW 229 ST,MIAMI,,
C2025050344,2025023938,0000000000,ZIPS,R,ALTER - EXTERIOR,SINGLE FAM RES-CLUST-ZERO LOT-TOWN HOUSE,LEGALIZE CARPORT,"AWNINGS\,CANOPIES & FABRIC COVERED FRAMEWORK\, RESIDENTIAL",,1500,2025-01-23,2025-02-07,2025-04-04,,3040190080710,11005 SW 52 DR,MIAMI,JOSE PEREZ &W GRACE,NOT LISTED,,OWNER,11005 SW 52 DR,MIAMI,,
C2023035598,2025024603,0000000000,BLDG,R,ADDITION - DETACHED,SINGLE FAM RES-CLUST-ZERO LOT-TOWN HOUSE,LEGALIZED CARPORT,BUILDING (COUNTY),,4000,2022-12-15,2025-02-11,2026-03-27,03/27/2026,3031210330820,3147 NW 42 ST,MIAMI,LASONNIA M CASON,NOT LISTED,,OWNER,300 NE 191 ST 219,MIAMI,,
C2025058409,2025024143,2025022947,ELEC,R,ALTER - INTERIOR,SINGLE FAM RES-CLUST-ZERO LOT-TOWN HOUSE,LEGALIZE LAUNDRY,ELECTRICAL,,600,2025-02-07,2025-02-10,2025-02-21,,3059050170640,9703 SW 159 AVE,MIAMI,CARIDAD ROSA,NOT LISTED,,OWNER,9703 SW 159 AVE,MIAMI,,
C2025058431,2025024139,2025022947,MECH,R,ALTER - INTERIOR,SINGLE FAM RES-CLUST-ZERO LOT-TOWN HOUSE,LEGALIZE LAUNDRY,SHEET METAL,,600,2025-02-07,2025-02-10,2025-02-25,,3059050170640,9703 SW 159 AVE,MIAMI,CARIDAD ROSA,NOT LISTED,,OWNER,9703 SW 159 AVE,MIAMI,,
C2025033087,2025024242,0000000000,BLDG,R,ALTER - EXTERIOR,SINGLE FAM RES-CLUST-ZERO LOT-TOWN HOUSE,LEGALIZE SHED,BUILDING (COUNTY),,2490,2024-12-10,2025-02-10,2025-02-18,02/18/2025,3031210341310,3200 NW 51 TER,MIAMI,ALFRED BROOKS III,NOT LISTED,,OWNER,3200 NW 51 TER,MIAMI,,
C2025047887,2025024234,0000000000,BLDG,R,ALTER - EXTERIOR,SINGLE FAM RES-CLUST-ZERO LOT-TOWN HOUSE,LEGALIZE DURE FENCE,FENCE,,1500,2025-01-17,2025-02-10,2025-02-14,,3059280290030,16145 149 AVE,MIAMI,LUZ MARINA MARCANO SANCHEZ,NOT LISTED,CGC058914,FREELAND CONSTRUCTION GROUP INC,13500 SW 194 ST,MIAMI,33177,(305)220-7891
C2025027570,2025024565,2025001283,MECH,C,ALTER - INTERIOR,WAREHOUSE,LEGALIZATION/INSTAL,TRAN ASSEM INSTALL,,9200,2024-11-27,2025-02-11,2025-02-14,,3060050050130,10490 SW 186 LN,MIAMI,NIDAB INVESTMENTS LLC,NOT LISTED,CAC1819058,URGENT AIR INC,4109 7TH ST W,LEHIGH ACRES,33977,(239)265-5529
C2024169875,2025024554,2024068902,PLUM,R,ALTER - EXTERIOR,SINGLE FAM RES-CLUST-ZERO LOT-TOWN HOUSE,LEGALIZE WORK,PLUMBING,,30000,2024-09-03,2025-02-11,2025-02-12,,3040090320090,8972 SW 10 TER,MIAMI,JORGE ARAUJO &,NOT LISTED,,OWNER,8972 SW 10 TER,MIAMI,,
C2025054806,2025024553,0000000000,BLDG,R,ALTER - EXTERIOR,SINGLE FAM RES-CLUST-ZERO LOT-TOWN HOUSE,LEGALIZW WOOD DECK,BUILDING (COUNTY),,6000,2025-01-31,2025-02-11,2025-02-12,02/12/2025,3040230370350,5243 SW 71 PL,MIAMI,MARC KUPERMAN,NOT LISTED,CGC1522313,CGP GROUP LLC,14350 SW 36 ST,MIAMI,33175,(305)987-2208
C2025052159,2025024278,0000000000,BLDG,R,FENCE NOMASONRY,SINGLE FAM RES-CLUST-ZERO LOT-TOWN HOUSE,FENCE LEGALIZE,FENCE,,13450,2025-01-27,2025-02-10,2025-02-12,,3049010520080,31 NW 122 AVE,MIAMI,MARTIN ANDREAS FRIESECKE,NOT LISTED,CGC1531378,JASON BUILDERS LLC,15733 SW 43 TERR,MIAMI,33185,(786)295-3234
C2025022297,2025024263,0000000000,BLDG,R,FENCE NOMASONRY,SINGLE FAM RES-CLUST-ZERO LOT-TOWN HOUSE,FENCE LEGALIZATION,FENCE,,2000,2024-11-18,2025-02-10,2025-07-02,,3049210220610,4581 SW 149 CT,MIAMI,YAITE FERNANDEZ,NOT LISTED,,OWNER,4581 SW 149 CT,MIAMI,,
C2025055136,2025024777,0000000000,BLDG,R,ENT REPLACEMENT,SINGLE FAM RES-CLUST-ZERO LOT-TOWN HOUSE,LEGALIZE WIND/DOOR,WINDOWS,,3500,2025-02-03,2025-02-12,2025-02-13,,3079030010370,14500 SW 289 ST,MIAMI,EDNEY ARMENTEROS,NOT LISTED,,OWNER,14500 SW 289 ST,MIAMI,,
C2025056657,2025024423,0000000000,BLDG,R,ADDITION - DETACHED,SINGLE FAM RES-CLUST-ZERO LOT-TOWN HOUSE,LEGALIZE WOOD DECK,BUILDING (COUNTY),,5000,2025-02-05,2025-02-11,2025-02-27,02/27/2025,3040230420090,7100 SW 48 LN,MIAMI,CHRISTINA VILA,NOT LISTED,CGC1522313,CGP GROUP LLC,14350 SW 36 ST,MIAMI,33175,(305)987-2208
C2025054035,2025025193,0000000000,BLDG,R,ENT REPLACEMENT,SINGLE FAM RES-CLUST-ZERO LOT-TOWN HOUSE,LEGALIZE WIND/DR,WINDOWS,,5000,2025-01-30,2025-02-13,2025-05-30,,3040280040552,9425 SW 68 ST,MIAMI,YEDELIS DIAZ,NOT LISTED,,OWNER,900 BISCAYNE BLVD,MIAMI,,
C2024118623,2025024821,0000000000,BLDG,R,ALTER - EXTERIOR,SINGLE FAM RES-CLUST-ZERO LOT-TOWN HOUSE,LEGALIZATION SHED,BUILDING (COUNTY),,350,2024-05-31,2025-02-12,2025-02-13,02/13/2025,3069120040830,21610 SW 119 AVE,MIAMI,JOSE A SUAREZ LE,NOT LISTED,,OWNER,21610 SW 119 AVE,MIAMI,,
C2025056370,2025024478,0000000000,ELEC,C,REPAIR,OFFICE - PROFESSIONAL BUILDINGS,LEGALIZE VIOLATION,ELECTRICAL,,2681,2025-02-04,2025-02-11,2025-02-26,,3031020121430,9900 NW 7 AVE,MIAMI,POLESTE P PIERRE,NOT LISTED,EC13004951,JEMS ELECTRIC CORP,7308 MCKINLEY ST,HOLLYWOOD,33024,(954)965-0445
C2025053320,2025024475,0000000000,BLDG,R,FENCE NOMASONRY,SINGLE FAM RES-CLUST-ZERO LOT-TOWN HOUSE,LEGALIZE DURA FENCE,FENCE,,3000,2025-01-29,2025-02-11,2025-03-25,,3049260010270,6810 SW 132 AVE,MIAMI,ILEANA M MUNIZ DOMINGUEZ,NOT LISTED,,OWNER,6810 SW 132 AVE,MIAMI,,
C2024149722,2025024438,0000000000,BLDG,R,ENCLOSE,SINGLE FAM RES-CLUST-ZERO LOT-TOWN HOUSE,LEGALIZE TERRACE,METAL AWNG & SHUTR,,4500,2024-07-25,2025-02-11,2025-03-24,,3059040340180,9248 SW 149 PL,MIAMI,JAIRO MONTOYA LE,NOT LISTED,,OWNER,9248 SW 149 PL,MIAMI,,
C2024171552,2025024876,0000000000,BLDG,C,ALTER - INTERIOR,5 UNITS OR MORE  - RESIDENTIAL,LEGALIZE INTERIOR,GENERAL (COUNTY),,6000,2024-09-05,2025-02-12,2025-03-25,03/25/2025,3059140670040,13130 SW 128 ST            4,MIAMI,B&A TUSCANY LLC,NOT LISTED,CGC1530105,RAF CONSTRUCTION LLC,7875 NW 12 ST SUITE 101,MIAMI,33126,(786)762-2204
M2025006070,2025024904,0000000000,MBLD,C,ALTER - EXTERIOR,APT BUILDING 3-4 UNITS,"LEGALIZATION\,REMODE",MUNICIPAL GENERAL BUILDING,,25500,2024-12-24,2025-02-12,,,0131130630521,180 NW 59 ST,MIAMI,LA PESCADERIA LLC,NOT LISTED,CGC1513513,BUILD & FIX INC,9076 HARDING AVE,SURFSIDE,33154,(786)262-2085
C2025048665,2025025067,0000000000,BLDG,R,FENCE NOMASONRY,SINGLE FAM RES-CLUST-ZERO LOT-TOWN HOUSE,LEGALIZE GATE,FENCE,,2500,2025-01-21,2025-02-13,2025-03-14,,3039520120180,1025 NW 128 CT,MIAMI,MARCOS MIRANDA MORALES,NOT LISTED,,OWNER,1025 NW 128 CT,MIAMI,,
C2025044935,2025025054,0000000000,BLDG,R,ALTER - EXTERIOR,SINGLE FAM RES-CLUST-ZERO LOT-TOWN HOUSE,LEGALIZE DEMO,BUILDING (COUNTY),,300,2025-01-10,2025-02-13,2025-04-22,04/22/2025,3020020010510,19035 E SAINT ANDREWS DR,MIAMI,NELSON E BRANLY JR,NOT LISTED,CGC014624,CORNERS CONSTRUCTION CO,8259 NW 66TH ST.,MIAMI,33166,(305)718-6689
C2025060549,2025024976,2025013149,ELEC,C,ALTER - INTERIOR,RETAIL SALES,LEGALIZATION,ELECTRICAL,,3000,2025-02-12,2025-02-13,2025-08-01,,3022040090770,18280 W DIXIE HWY,MIAMI,ADVANCED FOOTCARE INC,NOT LISTED,EC13006062,J & J TELECOM & ELECTRIC INC,3325 GRIFFIN RD #194,FORT LAUDERDALE,33312,(954)864-9591
C2025059780,2025025319,2024052980,MECH,R,ALTER - EXTERIOR,SINGLE FAM RES-CLUST-ZERO LOT-TOWN HOUSE,LEGALIZATION,"FIREPLACES\, BARBECUE AND SPECIFIC APPLIANCES",,6000,2025-02-11,2025-02-14,2025-02-19,,3050300083660,10951 SW 153 ST,MIAMI,ANSELMO SUAREZ MAURA,NOT LISTED,CGC1530822,JORDANY CONSTRUCTION CORP,13990 SW 259 WAY,HOMESTEAD,33032,(786)597-4758
C2025040608,2025025473,0000000000,BLDG,R,ENCLOSE,SINGLE FAM RES-CLUST-ZERO LOT-TOWN HOUSE,LEGALIZE ALUM TERR,METAL AWNG & SHUTR,,1400,2024-12-30,2025-02-14,2025-07-02,,3060190082800,23636 SW 107 PL,MIAMI,EULIDES MOREJON,NOT LISTED,,OWNER,23636 SW 107 PL,MIAMI,,
C2024172894,2025025401,0000000000,BLDG,R,ADDITION - DETACHED,SINGLE FAM RES-CLUST-ZERO LOT-TOWN HOUSE,LEGALIZE SHED,BUILDING (COUNTY),,2000,2024-09-09,2025-02-14,,,3021230150990,730 NW 145 ST,MIAMI,JUSTIN PROPHETE,NOT LISTED,,OWNER,1175 NE 125 ST # 213,MIAMI,,
C2023141421,2025025388,0000000000,BLDG,R,ALTER - EXTERIOR,SINGLE FAM RES-CLUST-ZERO LOT-TOWN HOUSE,LEGALIZE TERRACE,BUILDING (COUNTY),,2500,2023-07-26,2025-02-14,2026-04-03,04/03/2026,3059360031868,11765 SW 183 ST,MIAMI,ORESTES TEJEDA,NOT LISTED,,OWNER,7500 NW 25 ST,MIAMI,,
C2025050100,2025025445,0000000000,BLDG,R,FENCE NOMASONRY,SINGLE FAM RES-CLUST-ZERO LOT-TOWN HOUSE,LEGALIZE FENCE,FENCE,,1800,2025-01-23,2025-02-14,2025-08-27,,3031110353810,1122 NW 74 ST,MIAMI,JOSE MIGUEL ROJAS,NOT LISTED,,OWNER,1122 NW 74 ST,MIAMI,,
C2025055246,2025025441,0000000000,ZIPS,R,ALTER - EXTERIOR,SINGLE FAM RES-CLUST-ZERO LOT-TOWN HOUSE,LEGALIZE FENCE,"PICKET FENCES\, IRON AND OTHER NON-WIND RESISTANT FENCES",,4000,2025-02-03,2025-02-14,2025-02-25,,3031280112930,3117 NW 29 ST,MIAMI,EDWIN HERNANDEZ,NOT LISTED,,OWNER,3119 NW 29 ST,MIAMI,,
C2025060503,2025025346,0000000000,ZIPS,R,ALTER - EXTERIOR,SINGLE FAM RES-CLUST-ZERO LOT-TOWN HOUSE,LEGALIZE FENCE,"PICKET FENCES\, IRON AND OTHER NON-WIND RESISTANT FENCES",,130,2025-02-12,2025-02-14,2025-02-18,,3031030143020,2429 NW 96 ST,MIAMI,ROBERTO VALIDO,NOT LISTED,,OWNER,2429 NW 96 ST,MIAMI,,
C2024139624,2025025613,0000000000,BLDG,R,ALTER - INTERIOR,SINGLE FAM RES-CLUST-ZERO LOT-TOWN HOUSE,LEGALIZE GARAGE CON,BUILDING (COUNTY),,35000,2024-07-05,2025-02-18,2025-05-02,05/02/2025,3069360031460,11927 SW 271 TER,MIAMI,LORETTA MARIE TATMAN,NOT LISTED,,OWNER,1579 SW 26 RD,MIAMI,,
C2025004880,2025025686,0000000000,BLDG,R,FENCE NOMASONRY,SINGLE FAM RES-CLUST-ZERO LOT-TOWN HOUSE,LEGALIZATION FENCE,FENCE,,2000,2024-10-11,2025-02-18,2025-02-25,,3059200010510,14989 SW 157 PL,MIAMI,MARIO RAUL RAMOS,NOT LISTED,,OWNER,14989 SW 157 PL,MIAMI,,
C2025059781,2025025270,2024052980,BLDG,R,ALTER - EXTERIOR,SINGLE FAM RES-CLUST-ZERO LOT-TOWN HOUSE,LEGALIZATION,WINDOWS,,6000,2025-02-11,2025-02-14,2025-03-10,,3050300083660,10951 SW 153 ST,MIAMI,ANSELMO SUAREZ MAURA,NOT LISTED,CGC1530822,JORDANY CONSTRUCTION CORP,13990 SW 259 WAY,HOMESTEAD,33032,(786)597-4758
C2025025512,2025025771,0000000000,BLDG,R,FENCE NOMASONRY,SINGLE FAM RES-CLUST-ZERO LOT-TOWN HOUSE,LEGALIZE METAL FENC,FENCE,,5000,2024-11-22,2025-02-18,2025-02-21,,3059100090020,11010 SW 142 PL,MIAMI,FRANKLIN E SANTANA,NOT LISTED,CGC1524932,SOUFFRONT CONSTRUCTION INC,135 WESTON ROAD SUITE 163,WESTON,33326,(786)600-3750
C2025057081,2025025757,0000000000,BLDG,R,FENCE NOMASONRY,SINGLE FAM RES-CLUST-ZERO LOT-TOWN HOUSE,LEGALIZE DURA GATES,FENCE,,800,2025-02-05,2025-02-18,2025-06-03,,3050320040230,10135 W HIBISCUS ST,MIAMI,ALEXANDRE OLIVE GARCIA,NOT LISTED,,OWNER,10135 W HIBISCUS ST,MIAMI,,
C2024169879,2025025658,2024068902,ELEC,R,ALTER - EXTERIOR,SINGLE FAM RES-CLUST-ZERO LOT-TOWN HOUSE,LEGALIZE WORK,ELECTRICAL,,30000,2024-09-03,2025-02-18,2025-02-19,,3040090320090,8972 SW 10 TER,MIAMI,JORGE ARAUJO &,NOT LISTED,,OWNER,8972 SW 10 TER,MIAMI,,
W2025062139,2025025585,0000000000,ELEC,C,NEW,5 UNITS OR MORE  - RESIDENTIAL,LEGALIZE PRIOR INST,ELECTRICAL,,,2025-02-17,2025-02-17,2025-04-15,,3031160092580,3035 NW 55 ST,MIAMI,ED & HEAD INVESTMENTS LLC,NOT LISTED,23E000262,LUMIX ELECTRICAL LLC,10477 SW 108 AVE APT B131,MIAMI,33176,(786)362-3644
C2025043929,2025026091,0000000000,BLDG,R,ALTER - EXTERIOR,SINGLE FAM RES-CLUST-ZERO LOT-TOWN HOUSE,LEGALIZE FENCE/WIND,FENCE,WINDOWS,4500,2025-01-09,2025-02-19,2025-04-09,,3020100090100,8441 NW 172 ST,MIAMI,JULIO ANGULO,NOT LISTED,,OWNER,11865 SW 26 ST BLDG J-7,MIAMI,,
C2025062966,2025026070,2025000672,ELEC,C,ALTER - INTERIOR,5 UNITS OR MORE  - RESIDENTIAL,LEGALIZE INT.REMODE,ELECTRICAL,,6400,2025-02-19,2025-02-19,2025-10-17,,3022200500480,1560 NE 151 ST               104,MIAMI,MARINEL CECILIA CRUZ,NOT LISTED,EC13014440,JADE FIELD SERVICES CORP,2271 W 80 ST UNIT 7,HIALEAH,33016,(305)218-0454
C2025061540,2025026435,0000000000,BLDG,R,ENT REPLACEMENT,SINGLE FAM RES-CLUST-ZERO LOT-TOWN HOUSE,LEGALIZE WNDW/DOOR,WINDOWS,SINGLE ENTRANCE DOOR,2500,2025-02-14,2025-02-20,2025-03-21,,3059030320820,9862 SW 145 PL,MIAMI,ERDANER LLC,NOT LISTED,CGC1529745,SMART CONSTRUCTION & INVESTMENTS CORP,15420 SW 156 TERR,MIAMI,33187,(786)402-2796
C2025057539,2025026347,0000000000,BLDG,C,FENCE NOMASONRY,SCHOOL BUILDINGS,LEGALIZE FENCE,FENCE,,500,2025-02-06,2025-02-20,2025-02-27,,3031210091320,3038 NW 48 TER,MIAMI,SHEYES LEARNING CENTER INC,NOT LISTED,CGC1519612,GOPHERWOOD CONSTRUCTION INC,16825 NW 14 AVE,MIAMI,33169,(305)626-8707
C2025048945,2025025985,0000000000,BLDG,R,FENCE NOMASONRY,SINGLE FAM RES-CLUST-ZERO LOT-TOWN HOUSE,LEGALIZE WOOD FENCE,FENCE,,300,2025-01-21,2025-02-19,2025-05-19,,3050310030370,10900 SW 176 ST,MIAMI,AURORA BANDE MORALES,NOT LISTED,,OWNER,10900 SW 176 ST,MIAMI,,
C2025010983,2025026351,2024063136,ELEC,R,ADDITION - ATTACHED,SINGLE FAM RES-CLUST-ZERO LOT-TOWN HOUSE,LEGALIZE STORAGE,ELECTRICAL,,3500,2024-10-24,2025-02-20,2026-06-30,,3040190020890,4500 SW 115 AVE,MIAMI,CHARLES DIAZ,NOT LISTED,,OWNER,,MIAMI,,
C2025029649,2025026114,0000000000,BLDG,R,ENT REPLACEMENT,SINGLE FAM RES-CLUST-ZERO LOT-TOWN HOUSE,LEGALIZE WINDOWS/D,WINDOWS,,5000,2024-12-04,2025-02-19,2026-01-09,,3059090400120,15540 SW 115 TER,MIAMI,ALEXIS PEREZ,NOT LISTED,CGC1530522,HOME SERVICE BUILDERS CORP,20100 SW 114 CT,MIAMI,33189,(786)612-6202
M2025006472,2025025967,0000000000,MBLD,C,REPAIR,OFFICE - PROFESSIONAL BUILDINGS,LEGALIZATION,MUNICIPAL GENERAL BUILDING,,20000,2025-01-06,2025-02-19,,,0242030090100,550 9 ST,MIAMI,550 NINTH LLC,NOT LISTED,,OWNER,,,,
C2025062460,2025025955,2024071361,ELEC,R,ALTER - EXTERIOR,SINGLE FAM RES-CLUST-ZERO LOT-TOWN HOUSE,LIGHT LEGALIZE,ELECTRICAL,,1000,2025-02-18,2025-02-19,2025-07-14,,3040120050520,5885 SW 19 ST,MIAMI,NEWTON NG,NOT LISTED,,OWNER,16704 SW 99 CT,MIAMI,,
C2025055373,2025025950,0000000000,BLDG,R,ALTER - EXTERIOR,SINGLE FAM RES-CLUST-ZERO LOT-TOWN HOUSE,LEGALIZE INFILL,BUILDING (COUNTY),WINDOWS,500,2025-02-03,2025-02-19,2025-02-20,02/20/2025,3040090053540,1821 SW 88 AVE,MIAMI,ANTONIO E MARTINEZ,NOT LISTED,,OWNER,,MIAMI,,
C2025064515,2025026540,2024003953,MECH,R,ENCLOSE,SINGLE FAM RES-CLUST-ZERO LOT-TOWN HOUSE,GARAGE ENCL.LEGALIZ,A/C - UNLTD,HEATING,3500,2025-02-21,2025-02-21,2025-03-31,,3020030110300,18710 NW 78 AVE,MIAMI,HYAN CONTRERAS,NOT LISTED,,OWNER,18710 NW 78 AVE,MIAMI,,
C2025064523,2025026539,2024003953,PLUM,R,ENCLOSE,SINGLE FAM RES-CLUST-ZERO LOT-TOWN HOUSE,GARAGE ENCL.LEGALIZ,PLUMBING,,3500,2025-02-21,2025-02-21,2026-06-18,,3020030110300,18710 NW 78 AVE,MIAMI,HYAN CONTRERAS,NOT LISTED,,OWNER,18710 NW 78 AVE,MIAMI,,
C2025064532,2025026538,2024003953,ELEC,R,ENCLOSE,SINGLE FAM RES-CLUST-ZERO LOT-TOWN HOUSE,GARAGE ENCL.LEGALIZ,ELECTRICAL,,3500,2025-02-21,2025-02-21,2025-09-19,,3020030110300,18710 NW 78 AVE,MIAMI,HYAN CONTRERAS,NOT LISTED,,OWNER,18710 NW 78 AVE,MIAMI,,
C2025055546,2025026527,0000000000,MECH,R,ALTER - EXTERIOR,SINGLE FAM RES-CLUST-ZERO LOT-TOWN HOUSE,LEGALIZE MINISPLIT,A/C - UNLTD,HEATING,100,2025-02-03,2025-02-21,2025-03-11,,3060180220050,11085 SW 221 TER,MIAMI,JULIO CESAR GUERRERO VIENES,NOT LISTED,,OWNER,11085 SW 221 TER,MIAMI,,
C2025036739,2025026248,0000000000,BLDG,C,FENCE NOMASONRY,APT BUILDING 3-4 UNITS,LEGALIZE FENCE,FENCE,,3000,2024-12-17,2025-02-20,2025-07-17,,3031150320150,2370 NW 61 ST,MIAMI,CARLOS BURCH,NOT LISTED,CBC1262281,PLATINUM PLUS CONSTRUCTION LLC,5239 W BROWARD BLVD,PLANTATION,33317,(954)650-4463
C2025063642,2025026184,2025023875,PLUM,R,ALTER - EXTERIOR,SINGLE FAM RES-CLUST-ZERO LOT-TOWN HOUSE,LEGALIZATION/PLUM,PLUMBING,,10000,2025-02-20,2025-02-20,2025-02-21,,3059330170210,15460 SW 169 LN,MIAMI,RAUL MARTINEZ,NOT LISTED,,OWNER,15460 SW 169 LN,MIAMI,,
C2025063637,2025026183,2025023875,ELEC,R,ALTER - EXTERIOR,SINGLE FAM RES-CLUST-ZERO LOT-TOWN HOUSE,LEGALIZATION/ELEC,ELECTRICAL,,10000,2025-02-20,2025-02-20,2025-02-21,,3059330170210,15460 SW 169 LN,MIAMI,RAUL MARTINEZ,NOT LISTED,,OWNER,15460 SW 169 LN,MIAMI,,
C2025058473,2025026236,2025022947,PLUM,R,ALTER - INTERIOR,SINGLE FAM RES-CLUST-ZERO LOT-TOWN HOUSE,LEGALIZE LAUNDRY,PLUMBING,,600,2025-02-07,2025-02-20,2025-04-28,,3059050170640,9703 SW 159 AVE,MIAMI,CARIDAD ROSA,NOT LISTED,,OWNER,9703 SW 159 AVE,MIAMI,,
C2025063727,2025026600,2025023365,ELEC,R,ALTER - EXTERIOR,SINGLE FAM RES-CLUST-ZERO LOT-TOWN HOUSE,LEGALIZATION (ELEC),ELECTRICAL,,20000,2025-02-20,2025-02-21,2025-03-05,,3069350090540,27824 SW 129 PL,MIAMI,CBJ CONSTRUCTION INC,NOT LISTED,EC13005807,SUNSHINE ELECTRICAL CONTRACTORS CORP,1300 SW 85 ST,MIAMI,33144,(305)265-4958
C2024151183,2025026693,0000000000,BLDG,R,ADDITION - DETACHED,SINGLE FAM RES-CLUST-ZERO LOT-TOWN HOUSE,LEGALIZE SHED,BUILDING (COUNTY),,500,2024-07-29,2025-02-21,2025-06-06,06/06/2025,3021070061730,17321 NW 52 PL,MIAMI,HENRRY PALACIO LAMOTH,NOT LISTED,CGC1523932,HPL ENTERPRISE INC,17890 NW 67 AVE APT F,HIALEAH,33015,(305)560-7693
C2025004536,2025027349,0000000000,ZIPS,R,ALTER - EXTERIOR,DUPLEX,LEGALIZATION,"PAVING\, DRAINAGE OF EXISTING FACILITY",,24500,2024-10-10,2025-02-25,2025-03-07,,3068220000041,23655 SW 202 AVE,MIAMI,FINGER FARMS LLC,NOT LISTED,CGCA08318,JJS SERVICES INC,8570 STIRLING RD,HOLLYWOOD,33024,(954)553-0365
C2025001030,2025027336,0000000000,BLDG,R,ALTER - INTERIOR,SINGLE FAM RES-CLUST-ZERO LOT-TOWN HOUSE,LEGALIZATION/REMDL,BUILDING (COUNTY),,27780,2024-10-02,2025-02-25,2026-02-05,02/05/2026,3020010034790,5711 NW 199 ST,MIAMI,CARMEN B HERRERA,NOT LISTED,,OWNER,12401 ORANGE DR 222,MIAMI,,
C2025059215,2025026878,0000000000,BLDG,R,ALTER - EXTERIOR,SINGLE FAM RES-CLUST-ZERO LOT-TOWN HOUSE,LEGALIZE ALUM TER,METAL AWNG & SHUTR,,1000,2025-02-10,2025-02-24,2025-02-25,,3049220010190,5307 SW 137 CT,MIAMI,EDUARDO DELGADO,NOT LISTED,,OWNER,5307 SW 137 CT,MIAMI,,
C2025027707,2025026983,0000000000,BLDG,R,ALTER - EXTERIOR,SINGLE FAM RES-CLUST-ZERO LOT-TOWN HOUSE,LEGALIZE DOOR,BUILDING (COUNTY),SINGLE ENTRANCE DOOR,300,2024-11-27,2025-02-24,2025-04-22,04/22/2025,3049350022110,7804 SW 129 CT,MIAMI,JORGE H ZUNIGA,NOT LISTED,,OWNER,14760 SW 264 ST,MIAMI,,
C2025042565,2025026879,0000000000,BLDG,R,ENT REPLACEMENT,SINGLE FAM RES-CLUST-ZERO LOT-TOWN HOUSE,LEGALIZE WIND/DOOR,WINDOWS,SINGLE ENTRANCE DOOR,2000,2025-01-06,2025-02-24,2025-02-25,,3049220010190,5307 SW 137 CT,MIAMI,EDUARDO DELGADO,NOT LISTED,,OWNER,,MIAMI,,
C2024098964,2025026870,0000000000,BLDG,R,ADDITION - ATTACHED,SINGLE FAM RES-CLUST-ZERO LOT-TOWN HOUSE,SHED LEGALIZE,BUILDING (COUNTY),,1400,2024-04-23,2025-02-24,2026-01-09,01/09/2026,3021240090810,13681 S BISCAYNE RIVER DR,MIAMI,GARNETT G FERGUSON,NOT LISTED,,OWNER,13681 S BISCAYNE RIVER DR,MIAMI,,
C2025004014,2025026866,0000000000,BLDG,R,ALTER - EXTERIOR,SINGLE FAM RES-CLUST-ZERO LOT-TOWN HOUSE,LEGALIZE TERRACE,BUILDING (COUNTY),,5200,2024-10-09,2025-02-24,2025-12-03,12/03/2025,3020120050630,6436 NW 170 TER,MIAMI,ROSA J CANET,NOT LISTED,,OWNER,6436 NW 170 TER,MIAMI,,
C2025045438,2025026748,0000000000,BLDG,R,ENCLOSE,SINGLE FAM RES-CLUST-ZERO LOT-TOWN HOUSE,ROOF TERR LEGALIZE,METAL AWNG & SHUTR,,2500,2025-01-13,2025-02-24,2025-03-14,,3031030180375,1748 NW 94 ST,MIAMI,DAYRELIS D GALBAN,NOT LISTED,,OWNER,133 NE 24 AVE,MIAMI,,
C2024095985,2025027020,0000000000,BLDG,R,ALTER - EXTERIOR,SINGLE FAM RES-CLUST-ZERO LOT-TOWN HOUSE,LEGALIZE EX.ALT,BUILDING (COUNTY),,3200,2024-04-17,2025-02-24,2026-05-16,,3021060032600,5022 NW 188 ST,MIAMI,YASNIER QUINTANILLA LOPEZ,NOT LISTED,,OWNER,16704 SW 99 CT,MIAMI,,
C2024114651,2025027371,0000000000,BLDG,R,ALTER - EXTERIOR,SINGLE FAM RES-CLUST-ZERO LOT-TOWN HOUSE,LEGALIZATION,BUILDING (COUNTY),WINDOWS,2700,2024-05-23,2025-02-25,2026-02-06,02/06/2026,3031090021560,3445 NW 81 TER,MIAMI,JUAN QUINONES PEREZ,NOT LISTED,,OWNER,10511 SW 88 ST,MIAMI,,
M2024012767,2025026776,0000000000,MBLD,C,ALTER - EXTERIOR,WAREHOUSE/STORAGE,CARWASH LEGALIZATIO,MUNICIPAL GENERAL BUILDING,,5000,2024-04-02,2025-02-24,,,2230100010010,8700 NW 77 CT,MIAMI,U HAUL CO OF FLORIDA 19 LLC,NOT LISTED,,OWNER,,,,
C2025063320,2025027612,0000000000,ELEC,C,ALTER - EXTERIOR,5 UNITS OR MORE  - RESIDENTIAL,LEGALIZE EV CHARGER,ELECTRICAL,,500,2025-02-19,2025-02-26,2025-02-28,,3049330130020,15465 SW 86 TER              102,MIAMI,MAIKEL PEREZ CASAS,NOT LISTED,EC13012099,INSTANT POWER ELECTRICAL CONTRACTOR IN,19241 NW 89 AVE,HIALEAH,33018,(305)389-6501
C2024120395,2025027611,0000000000,BLDG,R,ADDITION - ATTACHED,SINGLE FAM RES-CLUST-ZERO LOT-TOWN HOUSE,LEGALIZE TERRACE,BUILDING (COUNTY),,650,2024-06-04,2025-02-26,2025-05-30,05/30/2025,3040210040260,4148 SW 95 AVE,MIAMI,MAYRA RODRIGUEZ,NOT LISTED,,OWNER,4148 SW 95 AVE,MIAMI,,
C2025011598,2025027601,0000000000,BLDG,C,REPAIR,5 UNITS OR MORE  - RESIDENTIAL,LEGALIZATION,GENERAL (COUNTY),,1200,2024-10-25,2025-02-26,2025-06-25,06/25/2025,3022050510200,1200 NE MIAMI GARDENS DR   220W,MIAMI,GOLDMIAMI LLC,NOT LISTED,CGC1523860,VENUR CONSTRUCTION LLC,2950 WEST 84 ST # 103,HIALEAH,33018,(305)903-1795
C2025065621,2025027083,2025001525,PLUM,R,ALTER - EXTERIOR,SINGLE FAM RES-CLUST-ZERO LOT-TOWN HOUSE,LEGALIZE JACUZZI,POOL PIPING,,1000,2025-02-25,2025-02-25,2025-04-03,,3040190041600,4350 SW 108 AVE,MIAMI,REUBEN ESTEBAN RUIZ,NOT LISTED,,OWNER,2015 W FLAGLER ST,MIAMI,,
C2025065623,2025027082,2025001525,ELEC,R,ALTER - EXTERIOR,SINGLE FAM RES-CLUST-ZERO LOT-TOWN HOUSE,LEGALIZE JACUZZI,SWIMMING POOLS,,1000,2025-02-25,2025-02-25,2025-03-28,,3040190041600,4350 SW 108 AVE,MIAMI,REUBEN ESTEBAN RUIZ,NOT LISTED,,OWNER,2015 W FLAGLER ST,MIAMI,,
C2025065627,2025027081,2025021700,ELEC,R,ADDITION - ATTACHED,SINGLE FAM RES-CLUST-ZERO LOT-TOWN HOUSE,LEGALIZE FRONT PORC,ELECTRICAL,,1000,2025-02-25,2025-02-25,2025-04-03,,3040190041600,4350 SW 108 AVE,MIAMI,REUBEN ESTEBAN RUIZ,NOT LISTED,,OWNER,2015 W FLAGLER ST,MIAMI,,
C2025053225,2025027071,0000000000,BLDG,R,FENCE NOMASONRY,SINGLE FAM RES-CLUST-ZERO LOT-TOWN HOUSE,LEGALIZE FENCE,FENCE,,500,2025-01-29,2025-02-25,2026-04-22,,3040200043750,9921 SW 46 ST,MIAMI,ANDRO GARCIA JTRS,NOT LISTED,,OWNER,9921 SW 46 ST,MIAMI,,
M2025008186,2025027557,0000000000,MPLU,C,ALTER - EXTERIOR,INDUSTRIAL USES,LEGALIZE SEWER LINE,SEWER CONNECTION,,5000,2025-01-29,2025-02-26,,,0821280080012,3390 NW 127 ST,MIAMI,26TH AVE WAREHOUSE LLC,NOT LISTED,CFC1431868,NODAL CONSTRUCTION & ELECTRIC ASSOCIAT,9053 NW 189 TERR,HIALEAH,33018,(786)586-3020
M2025009981,2025027533,0000000000,MBLD,R,ALTER - EXTERIOR,SINGLE FAM RES-CLUST-ZERO LOT-TOWN HOUSE,SHED LEGALIZE,MUNICIPAL SUB-GENERAL BLDR,,6500,2025-02-24,2025-02-26,,,0430120200097,870 W 35 ST,MIAMI,YOASNIEL SANTOS,NOT LISTED,,OWNER,,,,
C2025063490,2025027483,0000000000,BLDG,C,FENCE NOMASONRY,5 UNITS OR MORE  - RESIDENTIAL,LEGALIZE FENCE/GATE,FENCE,,200,2025-02-19,2025-02-26,2025-03-13,,3049270160001,13700 SW 62 ST               107,MIAMI,KENDALL HEIGHTS COMMUNITY ASSOC,NOT LISTED,CGC1527610,"ZU EXPEDITE SERVICES\, LLC",4061 SW 97 PL,MIAMI,33165,(954)662-8181
C2024102504,2025027464,2024008352,BLDG,R,ALTER - INTERIOR,SINGLE FAM RES-CLUST-ZERO LOT-TOWN HOUSE,INTERIOR LEGALIZATN,WINDOWS,,70000,2024-04-30,2025-02-26,2025-02-27,,3031150210350,1901 NW 66 ST,MIAMI,YOAN CASTELLANOS DURAN,NOT LISTED,,OWNER,865 NW 136 AVE,MIAMI,,
C2025063504,2025027134,2025023365,PLUM,R,ALTER - EXTERIOR,SINGLE FAM RES-CLUST-ZERO LOT-TOWN HOUSE,LEGALIZATION,PLUMBING,,20000,2025-02-19,2025-02-25,2025-03-12,,3069350090540,27824 SW 129 PL,MIAMI,CBJ CONSTRUCTION INC,NOT LISTED,CFC1431548,INFINITY AT YOUR SERVICE LLC,13233 SW 13 ST,MIAMI,33184,(786)443-9590
C2023022222,2025027124,0000000000,BLDG,R,ADDITION - ATTACHED,SINGLE FAM RES-CLUST-ZERO LOT-TOWN HOUSE,LEGALIZATION-ADDITI,BUILDING (COUNTY),SCREEN ENCLOSURES,7500,2022-11-16,2025-02-25,,,3031040050330,3619 NW 102 ST,MIAMI,LAZARO SANCHEZ &W MARIA R,NOT LISTED,,OWNER,11865 SW 26 ST # J-7,MIAMI,,
C2025062419,2025027096,0000000000,BLDG,R,ENT REPLACEMENT,SINGLE FAM RES-CLUST-ZERO LOT-TOWN HOUSE,LEGALIZATION,WINDOWS,,4990,2025-02-18,2025-02-25,2025-04-16,,3059330170210,15460 SW 169 LN,MIAMI,RAUL MARTINEZ,NOT LISTED,,OWNER,15460 SW 169 LN,MIAMI,,
C2025062149,2025028224,0000000000,BLDG,R,FENCE NOMASONRY,SINGLE FAM RES-CLUST-ZERO LOT-TOWN HOUSE,LEGALIZE DURAFENCE,FENCE,,1250,2025-02-18,2025-02-28,2025-09-29,,3040160021700,9063 SW 38 ST,MIAMI,RAMON E SALDANA,NOT LISTED,,OWNER,9063 SW 38 ST,MIAMI,,
C2025025654,2025027913,0000000000,BLDG,R,ENT REPLACEMENT,SINGLE FAM RES-CLUST-ZERO LOT-TOWN HOUSE,LEGALIZATION WINDOW,WINDOWS,,3500,2024-11-22,2025-02-27,2025-03-07,,3060180130120,22325 SW 108 AVE,MIAMI,ELAYNNE L ALVAREZ LUNA,NOT LISTED,,OWNER,11865 SW 26 ST,MIAMI,,
C2024046356,2025027747,0000000000,BLDG,R,ALTER - INTERIOR,SINGLE FAM RES-CLUST-ZERO LOT-TOWN HOUSE,LEGALIZATION,BUILDING (COUNTY),WINDOWS,40000,2024-01-11,2025-02-27,2026-05-14,05/14/2026,3012330160320,2051 NE 214 TER,MIAMI,AROD REAL ESTATE LLC,NOT LISTED,CGC1538936,GC PRO LLC,10161 SW 2ND ST,PLANTATION,33324,(561)509-4381
C2025063671,2025027725,0000000000,BLDG,R,ENT REPLACEMENT,SINGLE FAM RES-CLUST-ZERO LOT-TOWN HOUSE,LEGALIZE WINDOWS,WINDOWS,,2400,2025-02-20,2025-02-27,2025-04-01,,3079040040110,29125 NEWTON RD,MIAMI,BARBARA ARANGO,NOT LISTED,,OWNER,900 BISCAYNE BLVD,MIAMI,,
C2025059267,2025027441,0000000000,BLDG,R,FENCE NOMASONRY,SINGLE FAM RES-CLUST-ZERO LOT-TOWN HOUSE,LEGALIZE DURA FENCE,FENCE,,5000,2025-02-10,2025-02-26,2025-03-05,,3078010090500,17775 SW 296 ST,MIAMI,AMPARO GUTIERREZ,NOT LISTED,,OWNER,17775 SW 296 ST,MIAMI,,
C2025057912,2025027679,0000000000,BLDG,R,ENT REPLACEMENT,SINGLE FAM RES-CLUST-ZERO LOT-TOWN HOUSE,LEGALIZATION,WINDOWS,,1600,2025-02-07,2025-02-27,2025-04-21,,3040300041830,10991 SW 64 ST,MIAMI,RAMON VARELA SUAREZ,NOT LISTED,,OWNER,35 SW 114TH AVENUE##204,MIAMI,,
C2025029827,2025028014,0000000000,BLDG,R,ALTER - EXTERIOR,SINGLE FAM RES-CLUST-ZERO LOT-TOWN HOUSE,LEGALIZATION,BUILDING (COUNTY),WINDOWS,500,2024-12-04,2025-02-28,2025-06-20,06/20/2025,3031090200330,3148 NW 77 ST,MIAMI,SULLY MAY ARIAS HERNANDEZ LE,NOT LISTED,,OWNER,3148 NW 77 ST,MIAMI,,
C2024027734,2025028005,0000000000,BLDG,R,FENCE NOMASONRY,SINGLE FAM RES-CLUST-ZERO LOT-TOWN HOUSE,LEGALIZE FENCE/GATE,FENCE,,1200,2023-11-29,2025-02-28,2025-03-14,,3059120060610,12103 SW 105 LN,MIAMI,JESUS HOLGUIN &W,NOT LISTED,,OWNER,175 FONTAINEBLEAU BLVD,MIAMI,,
C2025067817,2025028537,2025027611,ELEC,R,ADDITION - ATTACHED,SINGLE FAM RES-CLUST-ZERO LOT-TOWN HOUSE,LEGALIZE TERRACE,ELECTRICAL,,650,2025-02-28,2025-03-03,2025-03-07,,3040210040260,4148 SW 95 AVE,MIAMI,MAYRA RODRIGUEZ,NOT LISTED,,OWNER,4148 SW 95 AVE,MIAMI,,
C2025068190,2025028185,0000000000,MECH,R,ALTER - EXTERIOR,SINGLE FAM RES-CLUST-ZERO LOT-TOWN HOUSE,LEGALIZE AC,A/C - UNLTD,HEATING,5500,2025-02-28,2025-02-28,2025-03-05,,3050070210700,11250 SW 114 CT,MIAMI,JOSE L HERRERA &W ISABEL M,NOT LISTED,,OWNER,,MIAMI,,
C2025068489,2025028524,2025013871,ELEC,C,ALTER - INTERIOR,WAREHOUSE,DEMO LEGALIZATION,ELECTRICAL,,2500,2025-03-03,2025-03-03,2025-03-04,,3040110360090,1300 SW 70 AVE               1300,MIAMI,ALPED ENTERPRISES CORP,NOT LISTED,EC13011644,AG UNLIMITED ELECTRICAL CONTRACTOR LLC,9810 HAMMOCKS BLVD #1010,MIAMI,33196,(786)973-4008
C2024141489,2025028521,0000000000,BLDG,R,ADDITION - ATTACHED,SINGLE FAM RES-CLUST-ZERO LOT-TOWN HOUSE,LEGALIZATIONS,BUILDING (COUNTY),,30000,2024-07-09,2025-03-03,2025-12-23,12/23/2025,3050320000910,17880 SW 102 AVE,MIAMI,BRIAN E DOMINECK,NOT LISTED,,OWNER,17880 SW 102 AVE,MIAMI,,
C2025056502,2025028513,2024074867,BLDG,R,ALTER - EXTERIOR,SINGLE FAM RES-CLUST-ZERO LOT-TOWN HOUSE,LEGALIZE SHUTTERS,STORM PANELS,,1100,2025-02-04,2025-03-03,2025-03-12,,3031150050690,1717 NW 69 ST,MIAMI,PRO SEO LLC,NOT LISTED,CGC1517362,DARCO HEAVY EQUIPMENT CORP,1581 W 49 ST 205,HIALEAH,33012,(786)389-6011
C2024153252,2025028118,0000000000,BLDG,R,FENCE NOMASONRY,SINGLE FAM RES-CLUST-ZERO LOT-TOWN HOUSE,LEGALIZE GATES,FENCE,,1000,2024-08-01,2025-02-28,2025-08-14,,3050290090210,9991 SW 157 TER,MIAMI,YOSDANY GONZALEZ,NOT LISTED,,OWNER,9991 SW 157 TERR,MIAMI,,
C2025055677,2025028114,0000000000,BLDG,R,ADDITION - DETACHED,SINGLE FAM RES-CLUST-ZERO LOT-TOWN HOUSE,SHED LEGALIZATION,BUILDING (COUNTY),,900,2025-02-03,2025-02-28,2025-08-19,08/19/2025,3040140085840,3400 SW 75 CT,MIAMI,MYRIAM ARANGO,NOT LISTED,,OWNER,3400 SW 75 CT,MIAMI,,
C2025051063,2025028791,0000000000,BLDG,R,ALTER - EXTERIOR,SINGLE FAM RES-CLUST-ZERO LOT-TOWN HOUSE,LEGALIZE SHED,BUILDING (COUNTY),,3800,2025-01-24,2025-03-04,2025-03-07,03/07/2025,3021070034440,17405 NW 49 CT,MIAMI,THERESE JEAN ZALDIVAR,NOT LISTED,,OWNER,17405 NW 49 CT,MIAMI,,
C2025069818,2025028858,0000000000,MECH,R,ALTER - EXTERIOR,SINGLE FAM RES-CLUST-ZERO LOT-TOWN HOUSE,LEGALIZE HVAC,A/C - UNLTD,,2000,2025-03-04,2025-03-04,,,3020010100060,19550 CYPRESS CT,MIAMI,IVAN J HADFEG,NOT LISTED,CAC1817188,COOL WIND CORP,10695 SW 5 ST,MIAMI,33174,(305)879-6580
C2025041686,2025028324,0000000000,BLDG,R,FENCE NOMASONRY,SINGLE FAM RES-CLUST-ZERO LOT-TOWN HOUSE,LEGALIZE GATE,FENCE,,100,2025-01-03,2025-03-03,2025-03-18,,3020100050250,8351 NW 177 ST,MIAMI,ELENA S LIMA,NOT LISTED,CGC1508952,REGOSA ENGINEERING SERVICES INC,15700 NE 2 AVE,MIAMI,33162,(786)262-2964
C2025066430,2025028364,0000000000,BLDG,R,ENT REPLACEMENT,SINGLE FAM RES-CLUST-ZERO LOT-TOWN HOUSE,LEGALIZE WINDOWS,WINDOWS,,2000,2025-02-26,2025-03-03,2026-04-01,,3059210170320,14103 SW 152 CT,MIAMI,ALFREDO J FERNANDEZ,NOT LISTED,,OWNER,14103 SW 152 CT,MIAMI,,
C2025001502,2025028322,0000000000,BLDG,R,ALTER - INTERIOR,SINGLE FAM RES-CLUST-ZERO LOT-TOWN HOUSE,LEGALIZATION,BUILDING (COUNTY),,8500,2024-10-03,2025-03-03,2026-04-08,04/08/2026,3049090042740,2066 SW 156 AVE,MIAMI,LAZARO BORMEY & MARIA M OLIVA,NOT LISTED,,OWNER,2066 SW 156 AVE,MIAMI,,
M2025007682,2025028916,0000000000,MBLD,R,ALTER - EXTERIOR,SINGLE FAM RES-CLUST-ZERO LOT-TOWN HOUSE,LEGALIZATION,MUNICIPAL SUB-GENERAL BLDR,,17750,2025-01-23,2025-03-04,,,0821220050420,2040 SERVICE RD,MIAMI,MARIA VICTORIA AZCUY VALDES,JUAN J FARACH,CGC061549,CONSTRUCTION & CONSULTING CONTRACTORS,7434 SW 48 ST STE B,MIAMI,33155,(786)236-5755
C2025009912,2025028417,2024047359,MECH,R,ADDITION - ATTACHED,SINGLE FAM RES-CLUST-ZERO LOT-TOWN HOUSE,LEGALIZATION,A/C - UNLTD,HEATING,9450,2024-10-22,2025-03-03,2025-03-03,,3050190151390,14861 SW 114 CT,MIAMI,CARLOS PONCE,NOT LISTED,,OWNER,1565 NW 88 AVE,MIAMI,,
C2025054434,2025028355,0000000000,BLDG,C,CONCRETE MASONRY,PAVING/OPEN LOTS,LEGALIZE FENCE,FENCE,,1500,2025-01-30,2025-03-03,2025-04-09,,3068120000013,17860 SW 200 ST,MIAMI,URSULA H ACOSTA,NOT LISTED,,OWNER,35 NW 114 AVE UNIT 105,MIAMI,,
W2025069815,2025028843,2025027764,ELEC,C,ALTER - INTERIOR,OFFICE - PROFESSIONAL BUILDINGS,LEGALIZATION ILITY,ELECTRICAL,,5000,2025-03-04,2025-03-04,2025-04-04,,3060050960360,10680 SW 186 ST            36,MIAMI,FLORIDA FAMILY FIRST LLC,NOT LISTED,EC13009662,ALMOLI LLC,111 SW 68 AVE,MIAMI,33144,(786)541-3756
C2025068233,2025028834,0000000000,ELEC,C,REPAIR,CHURCHES-RELIGIOUS BUILDINGS,LEGALIZE SUB PANEL,ELECTRICAL,,800,2025-02-28,2025-03-04,2025-03-26,,3049240012480,11989 SW 56 ST,MIAMI,ASAMBLEAS MISIONERAS ELIM INC,NOT LISTED,EC13004271,GENERAL CONSTRUCTION MASTER CORP,3340 NW 102 ST,MIAMI,33147,(305)216-5611
C2025069652,2025028822,2025007234,ELEC,R,ALTER - EXTERIOR,SINGLE FAM RES-CLUST-ZERO LOT-TOWN HOUSE,LEGALIZE/CRPT ENCL,ELECTRICAL,,23000,2025-03-04,2025-03-04,,,3022080260390,1160 NE 169 TER,MIAMI,MAIKIEL N STEIMAN& DEVORA STEIMAN,ARSHAD VIQAR PE,EC13004092,PRACTICALITY INC,4921 NW 48 AVE,COCONUT GROVE,33075,(954)369-8014
C2025069079,2025028821,2025007234,MECH,R,ALTER - EXTERIOR,SINGLE FAM RES-CLUST-ZERO LOT-TOWN HOUSE,LEGALIZE/CRPT ENCL,A/C - UNLTD,HEATING,23000,2025-03-03,2025-03-04,2025-03-18,,3022080260390,1160 NE 169 TER,MIAMI,MAIKIEL N STEIMAN& DEVORA STEIMAN,ARSHAD VIQAR PE,CMC1250145,PRACTICALITY INC,4921 NW 48 TH AVENUE,COCONUT CREEK,33063,(954)369-8014
C2025069291,2025028820,2025007234,PLUM,R,ALTER - EXTERIOR,SINGLE FAM RES-CLUST-ZERO LOT-TOWN HOUSE,LEGALIZE/CRPT ENCL,PLUMBING,,23000,2025-03-04,2025-03-04,,,3022080260390,1160 NE 169 TER,MIAMI,MAIKIEL N STEIMAN& DEVORA STEIMAN,ARSHAD VIQAR PE,CFC1428324,PRACTICALITY INC,4921 NW 48 AVE,COCONUT CREEK,33073,(954)369-8014
C2025060980,2025028337,0000000000,BLDG,R,FENCE NOMASONRY,SINGLE FAM RES-CLUST-ZERO LOT-TOWN HOUSE,LEGALIZ.METAL FENCE,FENCE,,5000,2025-02-13,2025-03-03,2025-04-02,,3050310190930,16813 SW 107 PL,MIAMI,WENDOLY E GARAY,NOT LISTED,CGC1516322,OROZ CONTRACTOR CORP,8320 NW 7 STREET,MIAMI,33126,(305)305-9479
C2025068740,2025028390,2025016803,ELEC,R,ALTER - EXTERIOR,SINGLE FAM RES-CLUST-ZERO LOT-TOWN HOUSE,LEGALIZE SPRINK SYS,ELECTRICAL,,1200,2025-03-03,2025-03-03,2025-03-07,,3022190011260,14621 N SPUR DR,MIAMI,MARGARET THERESA REID,NOT LISTED,,OWNER,14621 N SPUR DR,MIAMI,,
C2025043569,2025028662,0000000000,BLDG,R,ADDITION - DETACHED,SINGLE FAM RES-CLUST-ZERO LOT-TOWN HOUSE,LEGALIZE SHED,BUILDING (COUNTY),,2500,2025-01-08,2025-03-04,2025-03-07,03/07/2025,3021350060531,1214 NW 118 ST,MIAMI,SANDRA GONZALEZ,NOT LISTED,,OWNER,,MIAMI,,
C2024065972,2025029199,0000000000,BLDG,R,ADDITION - DETACHED,SINGLE FAM RES-CLUST-ZERO LOT-TOWN HOUSE,LEGALIZE SHED,BUILDING (COUNTY),,500,2024-02-21,2025-03-05,2025-04-23,04/23/2025,3031040000140,2731 NW 93 ST,MIAMI,LEONIDA HERNANDEZ SOTO&D.A.BLANCO,NOT LISTED,,OWNER,2731 NW 93 ST,MIAMI,,
C2025065249,2025029600,0000000000,BLDG,R,FENCE NOMASONRY,SINGLE FAM RES-CLUST-ZERO LOT-TOWN HOUSE,LEGALIZE GATES,FENCE,,1700,2025-02-24,2025-03-06,2025-08-26,,3020100130560,7815 NW 185 ST,MIAMI,HECTOR RUANO &W VICTORIA,NOT LISTED,,OWNER,7815 NW 185 ST,MIAMI,,
C2025068780,2025029585,0000000000,BLDG,C,ENT REPLACEMENT,5 UNITS OR MORE  - RESIDENTIAL,LEGALIZE WIND-DOORS,WINDOWS,,4992,2025-03-03,2025-03-06,2025-04-08,,3049340160160,14185 SW 87 ST               A201,MIAMI,MARLENY GARZON,NOT LISTED,CGC1508647,MADISON CONSULTING INC,9660 SW 72 ST,MIAMI,33173,(786)322-5884
C2025002149,2025028967,0000000000,BLDG,R,ALTER - INTERIOR,SINGLE FAM RES-CLUST-ZERO LOT-TOWN HOUSE,LEGALIZE CONVERSION,BUILDING (COUNTY),WINDOWS,650,2024-10-04,2025-03-05,2025-08-22,08/22/2025,3049120010370,12410 SW 25 ST,MIAMI,MEILET MILIAN OSORIO,NOT LISTED,,OWNER,12410 SW 25 ST,MIAMI,,
C2025066951,2025029061,0000000000,MECH,R,REPAIR,SINGLE FAM RES-CLUST-ZERO LOT-TOWN HOUSE,LEGALIZE A/C CHANGE,A/C - UNLTD,HEATING,10000,2025-02-26,2025-03-05,2025-03-31,,3049140020165,13640 SW 34 ST,MIAMI,ARAMYS FERNANDEZ,NOT LISTED,,OWNER,13640 SW 34 ST,MIAMI,,
C2025066931,2025029058,0000000000,BLDG,R,FENCE NOMASONRY,SINGLE FAM RES-CLUST-ZERO LOT-TOWN HOUSE,LEGALIZE ALUM GATES,FENCE,,5000,2025-02-26,2025-03-05,2025-03-14,,3049140020165,13640 SW 34 ST,MIAMI,ARAMYS FERNANDEZ,NOT LISTED,,OWNER,13640 SW 34 ST,MIAMI,,
C2025055393,2025029056,0000000000,BLDG,R,FENCE NOMASONRY,SINGLE FAM RES-CLUST-ZERO LOT-TOWN HOUSE,FENCE LEGALIZATION,FENCE,,2500,2025-02-03,2025-03-05,2025-08-13,,3069130010410,11731 SW 222 ST,MIAMI,EZEQUIEL PEREZ BENITEZ,NOT LISTED,,OWNER,6316 SW 136 CT,MIAMI,,
M2024008896,2025029055,0000000000,MBLD,C,ALTER - INTERIOR,5 UNITS OR MORE  - RESIDENTIAL,LEGALIZATION,MUNICIPAL GENERAL BUILDING,,20000,2024-02-09,2025-03-05,,,3530220480001,8600 NW 56 ST,MIAMI,PROPERTIES O & F LLC,NOT LISTED,,OWNER,,,,
C2025057910,2025029117,0000000000,BLDG,R,FENCE NOMASONRY,SINGLE FAM RES-CLUST-ZERO LOT-TOWN HOUSE,LEGALIZE DURA FENCE,FENCE,,2000,2025-02-07,2025-03-05,2025-11-20,,3059270021060,15621 SW 142 CT,MIAMI,LIVAN JESUS FERNANDEZ,NOT LISTED,,OWNER,15621 SW 142 CT,MIAMI,,
C2024038130,2025029114,0000000000,BLDG,R,ADDITION - ATTACHED,SINGLE FAM RES-CLUST-ZERO LOT-TOWN HOUSE,LEGALIZE WOOD TERAC,BUILDING (COUNTY),,4500,2023-12-20,2025-03-05,2025-12-11,,3040200110530,5020 SW 106 AVE,MIAMI,JORGE DE ARMAS,NOT LISTED,,OWNER,13369 SW 42 ST,MIAMI,,
C2025006276,2025028620,0000000000,BLDG,R,ALTER - EXTERIOR,SINGLE FAM RES-CLUST-ZERO LOT-TOWN HOUSE,WINDOWS LEGALIZATIO,BUILDING (COUNTY),WINDOWS,8000,2024-10-16,2025-03-04,2025-03-10,03/10/2025,3059270060020,14001 SW 156 TER,MIAMI,BLANCA L SIMON,NOT LISTED,CGC1523799,VPG CONSTRUCTION MANAGEMENT LLC,7005 N WATERWAY DR #304,MIAMI,33155,(786)250-5220
C2025067941,2025029160,0000000000,BLDG,R,FENCE NOMASONRY,SINGLE FAM RES-CLUST-ZERO LOT-TOWN HOUSE,LEGALIZE DURA FENCE,FENCE,,4800,2025-02-28,2025-03-05,2025-03-31,,3040140051680,3240 SW 69 AVE,MIAMI,EMIGDIO A GARCIA,NOT LISTED,,OWNER,3240 SW 69 AVE,MIAMI,,
C2025067065,2025029287,2024037972,BLDG,R,ADDITION - DETACHED,SINGLE FAM RES-CLUST-ZERO LOT-TOWN HOUSE,LEGALIZATION,"GRAVEL\, SBS\, SINGLE PLY\, ETC.",,1800,2025-02-27,2025-03-06,2025-03-11,,3031100090190,8349 NW 21 AVE,MIAMI,OMAR E CORDERO JANE,NOT LISTED,,OWNER,2015 W FLAGLER ST,MIAMI,,
C2025070539,2025029285,2025008524,PLUM,R,ADDITION - DETACHED,SINGLE FAM RES-CLUST-ZERO LOT-TOWN HOUSE,LEGALIZE BEDROOM,PLUMBING,,8700,2025-03-05,2025-03-06,2026-03-10,,3040180380320,3519 SW 113 PL,MIAMI,DEBORAH PRATHER TRS,NOT LISTED,CFC1432677,SUNNY COAST BUILDERS INC,1421 SW 107TH AVE #167,MIAMI,33174,(786)393-2059
C2025070128,2025029878,0000000000,BLDG,R,FENCE NOMASONRY,SINGLE FAM RES-CLUST-ZERO LOT-TOWN HOUSE,LEGALIZE WOOD FENCE,FENCE,,1000,2025-03-05,2025-03-07,2025-07-15,,3059050081650,10333 SW 162 CT,MIAMI,JORGE A BRITO SEGURA,NOT LISTED,,OWNER,10333 SW 162 CT,MIAMI,,
C2025021405,2025029857,0000000000,BLDG,R,ENCLOSE,SINGLE FAM RES-CLUST-ZERO LOT-TOWN HOUSE,LEGALIZE ALUM TERR,METAL AWNG & SHUTR,,8000,2024-11-14,2025-03-07,2025-07-17,,3040200060570,10461 SW 42 ST,MIAMI,GEOFFREY CORZO,NOT LISTED,CGC1518524,DECONEX INC.,9092 N W SOUTH RIVER DR UNIT # 51,MIAMI,33166,(305)798-7633
C2025058546,2025029820,2024063908,ELEC,C,ALTER - INTERIOR,5 UNITS OR MORE  - RESIDENTIAL,LEGALIZE WORK DONE,ELECTRICAL,,16760,2025-02-07,2025-03-07,2025-05-13,,3022320762390,4000 TOWERSIDE TER           2211,MIAMI,CODY SAVITS,NOT LISTED,EC13012434,"ECO-TECH ELECTRICAL GROUP\, LLC",12005 SW 110TH ST CIR S,MIAMI,33186,(786)385-4920
C2025058544,2025029819,2024063908,PLUM,C,ALTER - INTERIOR,5 UNITS OR MORE  - RESIDENTIAL,LEGALIZE WORK DONE,PLUMBING,,16760,2025-02-07,2025-03-07,2025-06-25,,3022320762390,4000 TOWERSIDE TER           2211,MIAMI,CODY SAVITS,NOT LISTED,CFC1431347,ACOSTA PLUMBING SERVICE LLC,13820 SW 32 TER,MIAMI,33175,(305)634-6676
C2025065965,2025029539,0000000000,ELEC,R,ALTER - EXTERIOR,SINGLE FAM RES-CLUST-ZERO LOT-TOWN HOUSE,LEGALIZE POOL HEATR,ELECTRICAL,,350,2025-02-25,2025-03-06,2025-04-08,,3049350010330,12911 SW 84 ST,MIAMI,NICHOLAS JOHN NISENBAUM,NOT LISTED,22E000438,LCM POWER ELECTRIC LLC,11190 SW 107 ST APT 108,MIAMI,33176,(305)608-7449
C2025046843,2025029360,0000000000,BLDG,R,FENCE NOMASONRY,SINGLE FAM RES-CLUST-ZERO LOT-TOWN HOUSE,LEGALIZE DURA FENCE,FENCE,,2000,2025-01-15,2025-03-06,,,3020010073480,19652 NW 59 PL,MIAMI,LUIS A DIAZ &W MAGALY,NOT LISTED,,OWNER,1810 W 79 ST,MIAMI,,
C2025063129,2025029322,0000000000,BLDG,C,ALTER - INTERIOR,5 UNITS OR MORE  - RESIDENTIAL,FLOOR LEGALIZATION,GENERAL (COUNTY),,3000,2025-02-19,2025-03-06,2025-03-18,03/18/2025,3049330130020,15465 SW 86 TER            102,MIAMI,MAIKEL PEREZ CASAS,NOT LISTED,CGC1532722,G PLUS G CONSTRUCTION LLC,1446 W 43 PL,HIALEAH,33012,(786)875-0843
C2024002334,2025029310,0000000000,BLDG,R,ADDITION - DETACHED,SINGLE FAM RES-CLUST-ZERO LOT-TOWN HOUSE,LEGALIZATION SHED,BUILDING (COUNTY),,2000,2023-10-05,2025-03-06,,,3069110160240,20701 SW 132 CT,MIAMI,LEFRAN ARMANDO NUNEZ RIVAS,NOT LISTED,,OWNER,20701 SW 132 CT,MIAMI,,
C2025070799,2025029301,2025001352,ELEC,R,ALTER - EXTERIOR,SINGLE FAM RES-CLUST-ZERO LOT-TOWN HOUSE,LEGALIZATION,ELECTRICAL,,8500,2025-03-06,2025-03-06,2025-05-21,,3049120010450,12461 SW 26 ST,MIAMI,NOEL RAFAEL FERNANDEZ,NOT LISTED,EC13009658,A-POWER SYSTEMS INC,10354 SW 159 AVE,MIAMI,33196,(786)251-9059
C2025017169,2025029627,0000000000,BLDG,R,FENCE NOMASONRY,SINGLE FAM RES-CLUST-ZERO LOT-TOWN HOUSE,LEGALIZE FENCE/GATE,FENCE,,3500,2024-11-06,2025-03-07,2025-09-03,,3049150790090,14211 SW 28 ST,MIAMI,RUBEN JOSE GARCIA,NOT LISTED,,OWNER,7105 SW 8 ST,MIAMI,,
C2025043551,2025029621,0000000000,BLDG,R,ADDITION - DETACHED,SINGLE FAM RES-CLUST-ZERO LOT-TOWN HOUSE,ALUM TERR LEGALIZE,METAL AWNG & SHUTR,,4800,2025-01-08,2025-03-07,2026-02-11,,3031030010060,2467 NW 89 TER,MIAMI,ARMANDO LAZARO DE LOS ARCOS,NOT LISTED,,OWNER,11865 SW 26 ST #J-7,MIAMI,,
C2025065113,2025030037,0000000000,ZIPS,R,ALTER - EXTERIOR,SINGLE FAM RES-CLUST-ZERO LOT-TOWN HOUSE,LEGALIZE PICKET,"PICKET FENCES\, IRON AND OTHER NON-WIND RESISTANT FENCES",,1500,2025-02-24,2025-03-10,2025-03-17,,3031150056780,1872 NW 71 ST,MIAMI,PABLO RIVERO RODRIGUEZ,NOT LISTED,,OWNER,1872 NW 71 ST,MIAMI,,
C2025069763,2025030017,2025027371,PLUM,R,ALTER - EXTERIOR,SINGLE FAM RES-CLUST-ZERO LOT-TOWN HOUSE,LEGALIZATION,PLUMBING,,2700,2025-03-04,2025-03-10,2025-09-08,,3031090021560,3445 NW 81 TER,MIAMI,JUAN QUINONES PEREZ,NOT LISTED,,OWNER,10511 SW 88 ST,MIAMI,,
C2025070184,2025030016,2025027371,PLUM,R,ALTER - EXTERIOR,SINGLE FAM RES-CLUST-ZERO LOT-TOWN HOUSE,LEGALIZATION /PLUM,GAS FITTING,,2700,2025-03-05,2025-03-10,2025-10-22,,3031090021560,3445 NW 81 TER,MIAMI,JUAN QUINONES PEREZ,NOT LISTED,,OWNER,10511 SW 88 ST,MIAMI,,
C2025067899,2025030015,2025027371,ELEC,R,ALTER - EXTERIOR,SINGLE FAM RES-CLUST-ZERO LOT-TOWN HOUSE,LEGALIZATION,ELECTRICAL,,2700,2025-02-28,2025-03-10,2025-09-08,,3031090021560,3445 NW 81 TER,MIAMI,JUAN QUINONES PEREZ,NOT LISTED,,OWNER,10511 SW 88 ST,MIAMI,,
C2025065793,2025029915,0000000000,BLDG,R,RE-ROOF/REPAIR,SINGLE FAM RES-CLUST-ZERO LOT-TOWN HOUSE,LEGALIZE RE-ROOF,"GRAVEL\, SBS\, SINGLE PLY\, ETC.",ASPHALT (FIBERGLASS) SHINGLE ROOFS,16000,2025-02-25,2025-03-09,2025-03-14,,3031100090460,1935 NW 84 ST,MIAMI,VICTOR JAVIER HERNANDEZ FERNANDEZ,NOT LISTED,000016401,MIAMI REMODELING & ADDITIONS INC,9641 SW 163RD AVE,MIAMI,33196,(786)380-3567
C2025073008,2025030338,0000000000,ELEC,R,ALTER - EXTERIOR,SINGLE FAM RES-CLUST-ZERO LOT-TOWN HOUSE,LEGALIZE 6 LIGHTS,ELECTRICAL,,250,2025-03-11,2025-03-11,2025-05-21,,3020140280440,6950 NW 168 ST,MIAMI,YOVANNY DEFFER CASTILLO,NOT LISTED,,OWNER,6950 NW 168 ST,MIAMI,,
C2025040701,2025030308,0000000000,BLDG,R,FENCE NOMASONRY,SINGLE FAM RES-CLUST-ZERO LOT-TOWN HOUSE,LEGALIZE FENCE,FENCE,,1500,2024-12-30,2025-03-11,2025-04-22,,3059280012810,14850 SW 156 ST,MIAMI,LUIS A MOTTA LE,NOT LISTED,,OWNER,14850 SW 156 ST,MIAMI,,
C2025058056,2025030407,0000000000,BLDG,R,ALTER - EXTERIOR,SINGLE FAM RES-CLUST-ZERO LOT-TOWN HOUSE,DOOR TO BE LEGALIZE,BUILDING (COUNTY),,1200,2025-02-07,2025-03-11,2025-03-31,03/31/2025,3031020020540,8930 NW 16 AVE,MIAMI,RAMON ANTONIO VILLALOBOS TRS,NOT LISTED,CGC1527371,KANTERAS CONSTRUCTION GROUP LLC,2922 SW 118 CT,MIAMI,33175,(305)506-0596
C2024172302,2025030294,2023034557,BLDG,R,ADDITION - ATTACHED,SINGLE FAM RES-CLUST-ZERO LOT-TOWN HOUSE,LEGALIZE ADDITION,WINDOWS,,3000,2024-09-06,2025-03-11,,,3021360182540,576 NW 108 ST,MIAMI,LIDICE HERNANDEZ FRESNEDA,NOT LISTED,,OWNER,576 NW 108 ST,MIAMI,,
C2025062873,2025030432,0000000000,BLDG,R,FENCE NOMASONRY,SINGLE FAM RES-CLUST-ZERO LOT-TOWN HOUSE,LEGALIZE DURAFENCE,FENCE,,1250,2025-02-19,2025-03-11,2025-12-23,,3069020100190,12841 SW 187 TER,MIAMI,YENIEL L PEDRAZA,NOT LISTED,,OWNER,12841 SW 187 TER,MIAMI,,
M2025009359,2025030279,0000000000,MBLD,R,ADDITION - ATTACHED,SINGLE FAM RES-CLUST-ZERO LOT-TOWN HOUSE,LEGALIZATION,MUNICIPAL SUB-GENERAL BLDR,,84750,2025-02-13,2025-03-11,,,0431050021170,901 E 36 ST,MIAMI,MARIO LUIS RODRIGUEZ,NOT LISTED,,OWNER,,,,
C2024182634,2025030483,0000000000,BLDG,R,ADDITION - DETACHED,SINGLE FAM RES-CLUST-ZERO LOT-TOWN HOUSE,LEGALIZATION,BUILDING (COUNTY),,1200,2024-09-27,2025-03-11,2025-04-09,04/09/2025,3069360050250,27338 SW 121 AVE,MIAMI,ROXANA ANDREA MIRANDA,NOT LISTED,,OWNER,6002 SW 8 ST,MIAMI,,
C2022028510,2025030270,0000000000,BLDG,R,ADDITION - DETACHED,SINGLE FAM RES-CLUST-ZERO LOT-TOWN HOUSE,LEGALIZE GUEST HOUS,BUILDING (COUNTY),,12000,2021-11-29,2025-03-11,2026-03-10,03/10/2026,3050090020150,8735 SW 118 ST,MIAMI,MILAGROS LEDON TRS&LIEN LEDON2014,NOT LISTED,CGC058065,CAIBAI CONSTRUCTION LLC,10876 SW 24 TERR,MIAMI,33165,(786)229-2770
C2025057243,2025030702,0000000000,BLDG,R,ENCLOSE,SINGLE FAM RES-CLUST-ZERO LOT-TOWN HOUSE,LEGALIZE TERR,METAL AWNG & SHUTR,,1500,2025-02-06,2025-03-12,2026-08-31,,3020030381200,19522 NW 77 CT,MIAMI,JULIO PEREZ,NOT LISTED,,OWNER,2015 W FLAGER ST,MIAMI,,
C2025046660,2025030698,0000000000,ZIPS,R,ALTER - EXTERIOR,DUPLEX,LEGALIZE FENCE,"PICKET FENCES\, IRON AND OTHER NON-WIND RESISTANT FENCES",,3000,2025-01-15,2025-03-12,,,3031150050590,1754 NW 69 TER,MIAMI,AMINA ISSAH,NOT LISTED,,OWNER,1754 NW 69 TER,MIAMI,,
C2024162386,2025030614,0000000000,BLDG,R,FENCE NOMASONRY,DUPLEX,LEGALIZE DURAFENCE,FENCE,,1500,2024-08-16,2025-03-12,2026-02-20,,3069340030660,26620 SW 138 CT,MIAMI,FREDY E ORTEZ AMADOR,NOT LISTED,,OWNER,26620 SW 138 CT,MIAMI,,
C2025068815,2025030603,0000000000,BLDG,C,ENT REPLACEMENT,5 UNITS OR MORE  - RESIDENTIAL,LEGALIZE WINDOWS,WINDOWS,,4507,2025-03-03,2025-03-12,2025-04-07,,3049340161470,14165 SW 87 ST               D205,MIAMI,MIRIAM E & TEODORO RODRIGUEZ JTRS,NOT LISTED,CGC1508647,MADISON CONSULTING INC,9660 SW 72 ST,MIAMI,33173,(786)322-5884
C2025055360,2025031041,0000000000,BLDG,R,FENCE NOMASONRY,SINGLE FAM RES-CLUST-ZERO LOT-TOWN HOUSE,LEGALIZE FENCE,FENCE,,800,2025-02-03,2025-03-13,2025-04-08,,3069360050250,27338 SW 121 AVE,MIAMI,ROXANA ANDREA MIRANDA,FELIX DAYAN GUERRA,,OWNER,6002 SW 8 ST #4,MIAMI,,
C2023115814,2025031032,0000000000,BLDG,R,ADDITION - ATTACHED,SINGLE FAM RES-CLUST-ZERO LOT-TOWN HOUSE,LEGALIZE TERRACE,BUILDING (COUNTY),WINDOWS,5100,2023-06-05,2025-03-13,2025-06-04,06/04/2025,3041080210230,4344 SW 13 ST,MIAMI,MARIEL GERALDINE LEMA,NOT LISTED,CGC1521658,PALMANOVA USA CORPORATION,2000 N BAYSHORE DR #328,MIAMI,33137,(786)444-9696
C2025073605,2025030579,2025006318,ELEC,R,ALTER - EXTERIOR,SINGLE FAM RES-CLUST-ZERO LOT-TOWN HOUSE,LEGALIZATION,ELECTRICAL,,12000,2025-03-12,2025-03-12,2025-06-06,,3069010012560,12221 SW 191 TER,MIAMI,DANY FERREIRA ARTEAGA,NOT LISTED,21E000439,PALACIOS POWER SYSTEMS CORP,20026 NW 56 AVE LOT 51,MIAMI GARDENS,33055,(786)641-4827
C2025063841,2025030578,0000000000,BLDG,R,ALTER - EXTERIOR,SINGLE FAM RES-CLUST-ZERO LOT-TOWN HOUSE,DOOR OPEN LEGALIZE,BUILDING (COUNTY),,450,2025-02-20,2025-03-12,2025-04-07,04/07/2025,3059100300210,14595 SW 112 ST,MIAMI,LARISA B QUINONES LE,NOT LISTED,,OWNER,14595 SW 112 ST,MIAMI,,
C2025001836,2025030517,2025000732,ELEC,R,ALTER - EXTERIOR,SINGLE FAM RES-CLUST-ZERO LOT-TOWN HOUSE,TERRACE LEGALIZATIO,ELECTRICAL,,2700,2024-10-03,2025-03-12,2025-03-20,,3050300020060,16030 SW 107 AVE,MIAMI,ARIEL FUENTES FERNANDEZ,NOT LISTED,,OWNER,16030 SW 107 AVE,MIAMI,,
C2025069820,2025030983,2025036839,BLDG,R,ENT REPLACEMENT,SINGLE FAM RES-CLUST-ZERO LOT-TOWN HOUSE,LEGALIZE DOOR,WINDOWS,,500,2025-03-04,2025-03-13,2025-05-23,,3069010300380,12355 SW 194 TER,MIAMI,MEISDIEL CAMPES MEDINA,NOT LISTED,,OWNER,12355 SW 194 TER,MIAMI,,
C2025001844,2025030516,2025000732,PLUM,R,ALTER - EXTERIOR,SINGLE FAM RES-CLUST-ZERO LOT-TOWN HOUSE,TERRACE LEGALIZATIO,PLUMBING,,2700,2024-10-03,2025-03-12,2025-03-24,,3050300020060,16030 SW 107 AVE,MIAMI,ARIEL FUENTES FERNANDEZ,NOT LISTED,,OWNER,16030 SW 107 AVE,MIAMI,,
C2025070280,2025030546,2025028967,MECH,R,ALTER - INTERIOR,SINGLE FAM RES-CLUST-ZERO LOT-TOWN HOUSE,LEGALIZE CONVERSION,A/C - UNLTD,HEATING,650,2025-03-05,2025-03-12,2025-04-17,,3049120010370,12410 SW 25 ST,MIAMI,MEILET MILIAN OSORIO,NOT LISTED,,OWNER,12410 SW 25 ST,MIAMI,,
C2025070232,2025030544,2025028967,ELEC,R,ALTER - INTERIOR,SINGLE FAM RES-CLUST-ZERO LOT-TOWN HOUSE,LEGALIZE CONVERSION,ELECTRICAL,,650,2025-03-05,2025-03-12,2025-04-18,,3049120010370,12410 SW 25 ST,MIAMI,MEILET MILIAN OSORIO,NOT LISTED,,OWNER,12410 SW 25 ST,MIAMI,,
C2025070524,2025030542,2025028967,PLUM,R,ALTER - INTERIOR,SINGLE FAM RES-CLUST-ZERO LOT-TOWN HOUSE,LEGALIZE CONVERSION,PLUMBING,,650,2025-03-05,2025-03-12,2025-08-06,,3049120010370,12410 SW 25 ST,MIAMI,MEILET MILIAN OSORIO,NOT LISTED,,OWNER,12410 SW 25 ST,MIAMI,,
C2025055279,2025030884,0000000000,BLDG,R,ADDITION - DETACHED,SINGLE FAM RES-CLUST-ZERO LOT-TOWN HOUSE,LEGALIZE SHED,BUILDING (COUNTY),,2000,2025-02-03,2025-03-13,2025-04-02,04/02/2025,3049290190360,5602 SW 164 PL,MIAMI,LEIDY Y MARTINEZ,NOT LISTED,,OWNER,5602 SW 164 PL,MIAMI,,
C2025057911,2025031629,0000000000,BLDG,R,FENCE NOMASONRY,SINGLE FAM RES-CLUST-ZERO LOT-TOWN HOUSE,LEGALIZE FENCE,FENCE,,964,2025-02-07,2025-03-17,,,3020030381200,19522 NW 77 CT,MIAMI,JULIO PEREZ,NOT LISTED,,OWNER,2015 W FLAGLER ST,MIAMI,,
C2025076177,2025031623,0000000000,ELEC,R,ALTER - EXTERIOR,SINGLE FAM RES-CLUST-ZERO LOT-TOWN HOUSE,LEGALIZE 2 FIXTURES,ELECTRICAL,,80,2025-03-17,2025-03-17,2025-06-10,,3021240140740,212 S BISCAYNE RIVER DR,MIAMI,YAREMIS BAEZA,NOT LISTED,,OWNER,212 S BISCAYNE RIVER DR,MIAMI,,
C2025066350,2025030816,0000000000,BLDG,R,FENCE NOMASONRY,SINGLE FAM RES-CLUST-ZERO LOT-TOWN HOUSE,LEGALIZE FENCE,FENCE,,2500,2025-02-26,2025-03-13,2025-06-11,,3059270050110,14121 SW 156 TER,MIAMI,JUAN C GONZALEZ &W CLAUDIA,NOT LISTED,,OWNER,14121 SW 156 TER,MIAMI,,
M2024018694,2025031388,0000000000,MBLD,R,ADDITION - DETACHED,SINGLE FAM RES-CLUST-ZERO LOT-TOWN HOUSE,LEGALIZE WORK,MUNICIPAL SUB-GENERAL BLDR,,25000,2024-06-18,2025-03-15,,,1078110130630,1746 NW 19 ST,HOMESTEAD,RAUL DIAZ &W ADRIANA EDITH,NOT LISTED,CBC059223,ATEM CONSTRUCTION INC,10054 SW 137 PLACE,MIAMI,33186,(786)285-2361
C2024182264,2025031343,0000000000,BLDG,C,ALTER - EXTERIOR,5 UNITS OR MORE  - RESIDENTIAL,TERRACE LEGALIZATIO,BUILDING (COUNTY),,1800,2024-09-26,2025-03-14,2025-03-18,03/18/2025,3040171180010,2410 SW 99 CT                N,MIAMI,ALEXANDER CANDELARIA,NOT LISTED,,OWNER,6316 SW 136 CT,MIAMI,,
C2024049776,2025031146,0000000000,PLUM,C,REPAIR,5 UNITS OR MORE  - RESIDENTIAL,LEGALIZE POOL EQUIP,POOL MAINT UNLTD,,2500,2024-01-19,2025-03-14,2025-11-21,,3050020860001,9055 SW 73 CT,MIAMI,REFONLY/METROPOLIS I AT DADELAND,NOT LISTED,CFC1428225,CABALLEIRO'S CORP,13500 SW 250 STREET,HOMESTEAD,33092,(786)443-3548
C2025016429,2025031303,0000000000,BLDG,R,ALTER - EXTERIOR,SINGLE FAM RES-CLUST-ZERO LOT-TOWN HOUSE,LEGALIZE TERR/STROG,BUILDING (COUNTY),,650,2024-11-05,2025-03-14,2025-04-11,04/11/2025,3049340090840,14521 SW 74 ST,MIAMI,VIVIANA ALVES CASTRO,NOT LISTED,,OWNER,14521 SW 74 ST,MIAMI,,
C2025051619,2025031600,0000000000,BLDG,R,FENCE NOMASONRY,SINGLE FAM RES-CLUST-ZERO LOT-TOWN HOUSE,FENCE LEGALIZATION,FENCE,,1500,2025-01-27,2025-03-17,2025-05-19,,3031030260050,8890 NW 22 CT,MIAMI,ADRIAN J SUAREZ MEZONEZ,NOT LISTED,,OWNER,6316 SW 136 CT,MIAMI,,
C2025076058,2025031573,0000000000,ELEC,R,ALTER - EXTERIOR,SINGLE FAM RES-CLUST-ZERO LOT-TOWN HOUSE,LEGALIZE 4 LIGHTS,ELECTRICAL,,700,2025-03-17,2025-03-17,2025-07-30,,3040160140080,9130 SW 28 ST,MIAMI,MARIA I LARA,NOT LISTED,,OWNER,9130 SW 28 ST,MIAMI,,
C2025076051,2025031566,0000000000,ELEC,R,ALTER - EXTERIOR,SINGLE FAM RES-CLUST-ZERO LOT-TOWN HOUSE,LEGALIZE LIGHT FIX,ELECTRICAL,,600,2025-03-17,2025-03-17,2025-04-02,,3020100120020,18105 NW 81 CT,MIAMI,ROBERTO SANTOS &W,NOT LISTED,,OWNER,18300 NW 79 CT,MIAMI,,
C2025058401,2025031550,0000000000,BLDG,R,ADDITION - DETACHED,SINGLE FAM RES-CLUST-ZERO LOT-TOWN HOUSE,SHED LEGALIZATION,BUILDING (COUNTY),,500,2025-02-07,2025-03-17,2025-04-18,04/18/2025,,,HOMESTEAD,,NOT LISTED,,OWNER,11890 SW 8 ST,MIAMI,,
M2025002592,2025031928,0000000000,MBLD,C,ALTER - EXTERIOR,RESTAURANT-CAFETERIA,LEGALIZED DECK,MUNICIPAL GENERAL BUILDING,,5000,2024-11-07,2025-03-18,,,0722100022640,3881 SUNNY ISLES BLVD,MIAMI,DEZER INTRACOASTAL MALL LLC,NOT LISTED,,OWNER,,,,
C2025066548,2025031926,0000000000,BLDG,R,FENCE NOMASONRY,SINGLE FAM RES-CLUST-ZERO LOT-TOWN HOUSE,LEGALIZE DURA FENCE,FENCE,,2500,2025-02-26,2025-03-18,2025-11-26,,3050200060080,14640 SW 104 PL,MIAMI,EDGARD J AMADOR,NOT LISTED,,OWNER,14640 SW 104 PL,MIAMI,,
C2025037997,2025031896,0000000000,BLDG,R,ADDITION - DETACHED,SINGLE FAM RES-CLUST-ZERO LOT-TOWN HOUSE,LEGALIZE SHED,BUILDING (COUNTY),,450,2024-12-19,2025-03-18,2025-05-28,05/28/2025,3069260220230,13253 SW 252 LN,MIAMI,DANIEL OLIVERA RODRIGUEZ,NOT LISTED,,OWNER,13253 SW 252 LN,MIAMI,,
C2025025146,2025031829,0000000000,BLDG,R,FENCE NOMASONRY,SINGLE FAM RES-CLUST-ZERO LOT-TOWN HOUSE,LEGALIZE FENCE,FENCE,,1900,2024-11-21,2025-03-18,2025-08-01,,3012320050560,1280 NE 208 TER,MIAMI,FERNANDO J VASQUEZ,NOT LISTED,,OWNER,5721 NW 194 ST,MIAMI,,
C2025076430,2025031853,2025012507,MECH,R,ALTER - EXTERIOR,SINGLE FAM RES-CLUST-ZERO LOT-TOWN HOUSE,LEGALIZE WINDOW/TER,A/C - UNLTD,HEATING,2000,2025-03-18,2025-03-18,2025-04-18,,,,HOMESTEAD,,NOT LISTED,,OWNER,11890 SW 8 ST 408,MIAMI,,
C2025076415,2025031852,2025012507,ELEC,R,ALTER - EXTERIOR,SINGLE FAM RES-CLUST-ZERO LOT-TOWN HOUSE,LEGALIZE WINDOW/TER,ELECTRICAL,,2000,2025-03-18,2025-03-18,2025-04-15,,,,HOMESTEAD,,NOT LISTED,,OWNER,11890 SW 8 ST 408,MIAMI,,
C2025022716,2025031806,0000000000,BLDG,R,ENT REPLACEMENT,SINGLE FAM RES-CLUST-ZERO LOT-TOWN HOUSE,LEGALIZATION,WINDOWS,,5000,2024-11-18,2025-03-18,2026-10-01,,3059270231120,15702 SW 137 CT,MIAMI,ANILEY DE LOS REYES RODRIGUEZ,NOT LISTED,,OWNER,15702 SW 137TH COURT,MIAMI,,
C2025059880,2025031794,2025013961,MECH,R,ALTER - INTERIOR,SINGLE FAM RES-CLUST-ZERO LOT-TOWN HOUSE,REMODEL LEGALIZATIO,A/C - UNLTD,HEATING,2500,2025-02-11,2025-03-18,2025-06-10,,3049110090240,12783 SW 20 TER,MIAMI,RICARDO NUNEZ &W CELERINA,NOT LISTED,CAC021345,COOLING PROFESSIONALS INC,7035 SW 70 AVE,MIAMI,331430000,(305)494-9026
C2025074267,2025031433,0000000000,MECH,R,ALTER - INTERIOR,SINGLE FAM RES-CLUST-ZERO LOT-TOWN HOUSE,LEGALIZATION,A/C - UNLTD,HEATING,2000,2025-03-13,2025-03-17,2025-04-22,,3049090130170,15262 SW 11 ST,MIAMI,LUIS RODRIGUEZ,NOT LISTED,,OWNER,15262 SW 11 ST,MIAMI,,
C2024027665,2025031520,0000000000,BLDG,R,ALTER - EXTERIOR,SINGLE FAM RES-CLUST-ZERO LOT-TOWN HOUSE,LEGALIZE TERRACE,BUILDING (COUNTY),,6400,2023-11-29,2025-03-17,2025-07-25,07/25/2025,3059120060610,12103 SW 105 LN,MIAMI,JESUS HOLGUIN &W,NOT LISTED,,OWNER,175 FONTAINEBLEAU BLVD,MIAMI,,
C2025072442,2025031743,2023040783,BLDG,R,ADDITION - ATTACHED,SINGLE FAM RES-CLUST-ZERO LOT-TOWN HOUSE,LEGALIZE ROOF,"GRAVEL\, SBS\, SINGLE PLY\, ETC.",ASPHALT (FIBERGLASS) SHINGLE ROOFS,15000,2025-03-10,2025-03-18,2025-07-17,,3020100070380,17211 NW 82 CT,MIAMI,MIGUEL DIAZ &W MARIA E FERRIOL,NOT LISTED,CCC1332414,3JW CONSTRUCTION INC,11290 SW 52 TERRACE,MIAMI,33165,(786)499-1737
C2025048743,2025031740,0000000000,BLDG,R,ALTER - EXTERIOR,SINGLE FAM RES-CLUST-ZERO LOT-TOWN HOUSE,LEGALIZATION,BUILDING (COUNTY),,2000,2025-01-21,2025-03-18,2025-06-24,,3068030000032,18900 SW 197 AVE,MIAMI,NARCISO NAVARRO &W FLORA,NOT LISTED,,OWNER,6002 SW TH ST,MIAMI,,
C2025072362,2025032066,0000000000,BLDG,R,ENCLOSE,SINGLE FAM RES-CLUST-ZERO LOT-TOWN HOUSE,LEGALIZATION,METAL AWNG & SHUTR,,1800,2025-03-10,2025-03-19,2025-04-02,,3049290190360,5602 SW 164 PL,MIAMI,LEIDY Y MARTINEZ,NOT LISTED,,OWNER,5602 SW 164TH PLACE,MIAMI,,
C2024138098,2025032053,0000000000,BLDG,R,ENCLOSE,SINGLE FAM RES-CLUST-ZERO LOT-TOWN HOUSE,LEGALIZED TERRACE,METAL AWNG & SHUTR,,2500,2024-07-02,2025-03-19,2025-06-28,,3059340350770,18142 SW 144 CT,MIAMI,GUILLERMO IFRAIN LUNA AGUILA LE,NOT LISTED,,OWNER,18142 SW 144 CT,MIAMI,,
C2025011552,2025032020,0000000000,BLDG,C,ALTER - INTERIOR,5 UNITS OR MORE  - RESIDENTIAL,LEGALIZATION INT.,GENERAL (COUNTY),,8500,2024-10-25,2025-03-19,,,3021350000139,10972 NW 14 AVE              026,MIAMI,SUNSHINE LAKE LLC,NOT LISTED,CGC1528534,JAMEK CONSTRUCTION LLC,10100 SAMPLE RD STE 327,CORAL SPRINGS,33065,(786)340-4030
C2025011542,2025032019,0000000000,BLDG,C,ALTER - INTERIOR,5 UNITS OR MORE  - RESIDENTIAL,LEGALIZATION INT.,GENERAL (COUNTY),,6500,2024-10-25,2025-03-19,2026-09-04,,3021350000139,10972 NW 14 AVE              043,MIAMI,SUNSHINE LAKE LLC,NOT LISTED,CGC1528534,JAMEK CONSTRUCTION LLC,10100 SAMPLE RD STE 327,CORAL SPRINGS,33065,(786)340-4030
C2025011536,2025032018,0000000000,BLDG,C,ALTER - INTERIOR,5 UNITS OR MORE  - RESIDENTIAL,LEGALIZATION INT,GENERAL (COUNTY),,6500,2024-10-25,2025-03-19,,,3021350000139,10972 NW 14 AVE            A 013,MIAMI,SUNSHINE LAKE LLC,NOT LISTED,CGC1528534,JAMEK CONSTRUCTION LLC,10100 SAMPLE RD STE 327,CORAL SPRINGS,33065,(786)340-4030
C2025072826,2025032547,2025027336,PLUM,R,ALTER - INTERIOR,SINGLE FAM RES-CLUST-ZERO LOT-TOWN HOUSE,LEGALIZATION/REMDL,PLUMBING,,27780,2025-03-11,2025-03-20,2026-02-03,,3020010034790,5711 NW 199 ST,MIAMI,CARMEN B HERRERA,NOT LISTED,CFC1428573,5STAR PLUMBING SERVICES CORP,11710 SW 180 ST,MIAMI,33177,(305)796-3607
C2024123955,2025032222,0000000000,BLDG,R,ALTER - INTERIOR,SINGLE FAM RES-CLUST-ZERO LOT-TOWN HOUSE,LEGALIZE/CARPORT,BUILDING (COUNTY),WINDOWS,35000,2024-06-11,2025-03-19,2026-10-02,,3031160140390,7005 NW 28 AVE,MIAMI,YUDIEL VIGOA,NOT LISTED,,OWNER,7005 NW 28 AVE,MIAMI,,
C2025044379,2025032187,0000000000,BLDG,R,ENT REPLACEMENT,SINGLE FAM RES-CLUST-ZERO LOT-TOWN HOUSE,LEGALIZATION,WINDOWS,,1800,2025-01-09,2025-03-19,2025-08-27,,3031110353810,1122 NW 74 ST,MIAMI,JOSE MIGUEL ROJAS,NOT LISTED,,OWNER,1122 NW 74TH STREET,MIAMI,,
C2025065029,2025032125,0000000000,BLDG,R,ENCLOSE,SINGLE FAM RES-CLUST-ZERO LOT-TOWN HOUSE,LEGALIZE ALUM TERRA,METAL AWNG & SHUTR,,1500,2025-02-24,2025-03-19,2025-03-21,,3069260040510,12805 SW 263 TER,MIAMI,MICHAEL CLARK POMPA,NOT LISTED,,OWNER,12805 SW 263 TER,MIAMI,,
C2025076469,2025031718,2025029061,ELEC,R,REPAIR,SINGLE FAM RES-CLUST-ZERO LOT-TOWN HOUSE,LEGALIZE A/C CHANGE,ELECTRICAL,,10000,2025-03-18,2025-03-18,2025-03-31,,3049140020165,13640 SW 34 ST,MIAMI,ARAMYS FERNANDEZ,NOT LISTED,,OWNER,13640 SW 34 ST,MIAMI,,
C2025077444,2025032123,2024057692,PLUM,R,ALTER - EXTERIOR,SINGLE FAM RES-CLUST-ZERO LOT-TOWN HOUSE,LEGALIZATION,PLUMBING,,45200,2025-03-19,2025-03-19,,,3050320040765,10045 W JESSAMINE ST,MIAMI,MILBIA M HIDALGO JARRIN,NOT LISTED,,OWNER,10045 W JESSAMINE ST,MIAMI,,
C2025077452,2025032131,2024057692,ELEC,R,ALTER - EXTERIOR,SINGLE FAM RES-CLUST-ZERO LOT-TOWN HOUSE,LEGALIZATION,ELECTRICAL,,45200,2025-03-19,2025-03-19,2026-01-12,,3050320040765,10045 W JESSAMINE ST,MIAMI,MILBIA M HIDALGO JARRIN,NOT LISTED,,OWNER,10045 W JESSAMINE ST,MIAMI,,
C2025077448,2025032127,2024057692,MECH,R,ALTER - EXTERIOR,SINGLE FAM RES-CLUST-ZERO LOT-TOWN HOUSE,LEGALIZATION,A/C - UNLTD,HEATING,45200,2025-03-19,2025-03-19,,,3050320040765,10045 W JESSAMINE ST,MIAMI,MILBIA M HIDALGO JARRIN,NOT LISTED,,OWNER,10045 W JESSAMINE ST,MIAMI,,
C2024143027,2025032093,0000000000,BLDG,R,ADDITION - DETACHED,SINGLE FAM RES-CLUST-ZERO LOT-TOWN HOUSE,LEGALIZE SHED,BUILDING (COUNTY),,1200,2024-07-11,2025-03-19,2025-09-15,,3021270120650,12540 NW 22 CT,MIAMI,JAVIER GONZALEZ,NOT LISTED,,OWNER,12540 NW 22 CT,MIAMI,,
C2025040243,2025032694,0000000000,BLDG,R,ADDITION - DETACHED,SINGLE FAM RES-CLUST-ZERO LOT-TOWN HOUSE,SHED LEGALIZATION,BUILDING (COUNTY),,700,2024-12-27,2025-03-21,2025-08-20,08/20/2025,3040180140080,3223 SW 107 CT,MIAMI,JORGE ERNESTO SANDELIS PEREZ,NOT LISTED,,OWNER,3223 SW 107 CT,MIAMI,,
C2025017290,2025032686,0000000000,BLDG,R,FENCE NOMASONRY,SINGLE FAM RES-CLUST-ZERO LOT-TOWN HOUSE,LEGALIZE FENCE,FENCE,,1500,2024-11-06,2025-03-21,,,3031110140032,8260 NW 13 AVE,MIAMI,FLOR KADER,NOT LISTED,CGC1530479,BLLAM 1 LLC DBA:BLLAM CONSTRUCTION LLC,12675 S DIXIE HWY UNIT 202,MIAMI,33156,(786)449-9071
C2025078097,2025032427,2025032018,PLUM,C,ALTER - INTERIOR,5 UNITS OR MORE  - RESIDENTIAL,LEGALIZATION INT,PLUMBING,,6500,2025-03-20,2025-03-20,,,3021350000139,10972 NW 14 AVE            A 013,MIAMI,SUNSHINE LAKE LLC,NOT LISTED,CFC1429242,ENGINEERED SYSTEMS SOLUTIONS LLC,7352 SW 41 ST,MIAMI,33155,(305)986-2217
C2025078093,2025032426,2025032018,ELEC,C,ALTER - INTERIOR,5 UNITS OR MORE  - RESIDENTIAL,LEGALIZATION INT,ELECTRICAL,,6500,2025-03-20,2025-03-20,,,3021350000139,10972 NW 14 AVE            A 013,MIAMI,SUNSHINE LAKE LLC,NOT LISTED,EC13008937,ENGINEERED SYSTEMS SOLUTIONS LLC,7352 SW 41ST STREET,MIAMI,33155,(305)986-2217
C2025078087,2025032425,2025032018,MECH,C,ALTER - INTERIOR,5 UNITS OR MORE  - RESIDENTIAL,LEGALIZATION INT,MECHANICAL VENTILATION,,6500,2025-03-20,2025-03-20,,,3021350000139,10972 NW 14 AVE            A 013,MIAMI,SUNSHINE LAKE LLC,NOT LISTED,CMC1250064,ENGINEERED SYSTEMS SOLUTIONS LLC,7352 SW 41 ST,MIAMI,33155,(305)986-2217
C2025062548,2025032478,0000000000,BLDG,R,ADDITION - DETACHED,SINGLE FAM RES-CLUST-ZERO LOT-TOWN HOUSE,LEGALIZE SHED,BUILDING (COUNTY),,250,2025-02-18,2025-03-20,2025-12-23,12/23/2025,3069020100190,12841 SW 187 TER,MIAMI,YENIEL L PEDRAZA,NOT LISTED,,OWNER,12841 SW 187 TER,MIAMI,,
C2025078119,2025032423,2025032019,PLUM,C,ALTER - INTERIOR,5 UNITS OR MORE  - RESIDENTIAL,LEGALIZATION INT.,PLUMBING,,6500,2025-03-20,2025-03-20,2026-08-13,,3021350000139,10972 NW 14 AVE              043,MIAMI,SUNSHINE LAKE LLC,NOT LISTED,CFC1429242,ENGINEERED SYSTEMS SOLUTIONS LLC,7352 SW 41 ST,MIAMI,33155,(305)986-2217
C2025078115,2025032422,2025032019,MECH,C,ALTER - INTERIOR,5 UNITS OR MORE  - RESIDENTIAL,LEGALIZATION INT.,MECHANICAL VENTILATION,,6500,2025-03-20,2025-03-20,2026-08-13,,3021350000139,10972 NW 14 AVE              043,MIAMI,SUNSHINE LAKE LLC,NOT LISTED,CMC1250064,ENGINEERED SYSTEMS SOLUTIONS LLC,7352 SW 41 ST,MIAMI,33155,(305)986-2217
C2025078107,2025032421,2025032019,ELEC,C,ALTER - INTERIOR,5 UNITS OR MORE  - RESIDENTIAL,LEGALIZATION INT.,ELECTRICAL,,6500,2025-03-20,2025-03-20,2026-08-18,,3021350000139,10972 NW 14 AVE              J308,MIAMI,SUNSHINE LAKE LLC,NOT LISTED,EC13008937,ENGINEERED SYSTEMS SOLUTIONS LLC,7352 SW 41ST STREET,MIAMI,33155,(305)986-2217
C2025078131,2025032412,2025032020,MECH,C,ALTER - INTERIOR,5 UNITS OR MORE  - RESIDENTIAL,LEGALIZATION INT.,MECHANICAL VENTILATION,,8500,2025-03-20,2025-03-20,,,3021350000139,10972 NW 14 AVE              026,MIAMI,SUNSHINE LAKE LLC,NOT LISTED,CMC1250064,ENGINEERED SYSTEMS SOLUTIONS LLC,7352 SW 41 ST,MIAMI,33155,(305)986-2217
C2025078127,2025032411,2025032020,PLUM,C,ALTER - INTERIOR,5 UNITS OR MORE  - RESIDENTIAL,LEGALIZATION INT.,PLUMBING,,8500,2025-03-20,2025-03-20,,,3021350000139,10972 NW 14 AVE              026,MIAMI,SUNSHINE LAKE LLC,NOT LISTED,CFC1429242,ENGINEERED SYSTEMS SOLUTIONS LLC,7352 SW 41 ST,MIAMI,33155,(305)986-2217
C2025078122,2025032410,2025032020,ELEC,C,ALTER - INTERIOR,5 UNITS OR MORE  - RESIDENTIAL,LEGALIZATION INT.,ELECTRICAL,,8500,2025-03-20,2025-03-20,,,3021350000139,10972 NW 14 AVE              026,MIAMI,SUNSHINE LAKE LLC,NOT LISTED,EC13008937,ENGINEERED SYSTEMS SOLUTIONS LLC,7352 SW 41ST STREET,MIAMI,33155,(305)986-2217
C2025062869,2025032810,0000000000,BLDG,R,FENCE NOMASONRY,SINGLE FAM RES-CLUST-ZERO LOT-TOWN HOUSE,GAT LEGALIZE,FENCE,,800,2025-02-19,2025-03-21,2025-03-27,,3059020280350,13531 SW 103 ST,MIAMI,ROBERTO AVILA VAZQUEZ,NOT LISTED,,OWNER,35 SW 114 AVE,MIAMI,,
C2025068911,2025032809,0000000000,BLDG,R,ENT REPLACEMENT,SINGLE FAM RES-CLUST-ZERO LOT-TOWN HOUSE,LEGALIZE/WIN/DOORS,WINDOWS,,1200,2025-03-03,2025-03-21,2025-03-27,,3059020280350,13531 SW 103 ST,MIAMI,ROBERTO AVILA VAZQUEZ,NOT LISTED,,OWNER,13531 SW 103 ST,MIAMI,,
C2025075122,2025032352,2025030578,ELEC,R,ALTER - EXTERIOR,SINGLE FAM RES-CLUST-ZERO LOT-TOWN HOUSE,DOOR OPEN LEGALIZE,ELECTRICAL,,450,2025-03-14,2025-03-20,2025-03-31,,3059100300210,14595 SW 112 ST,MIAMI,LARISA B QUINONES LE,NOT LISTED,,OWNER,14595 SW 112 ST,MIAMI,,
C2016039736,2025032396,0000000000,BLDG,C,ALTER - INTERIOR,WAREHOUSE,LEGALIZATION,GENERAL (COUNTY),,10000,2015-12-17,2025-03-20,2025-05-13,,3040230660070,4444 SW 71 AVE,MIAMI,4444 RLTY LLC,NOT LISTED,CBC1261390,PINE ROCK BUILDERS GROUP LLC,11841 SW 31ST STREET,MIAMI,33175,(305)632-3223
C2025076889,2025032344,2025031303,ELEC,R,ALTER - EXTERIOR,SINGLE FAM RES-CLUST-ZERO LOT-TOWN HOUSE,LEGALIZE TERR/STROG,ELECTRICAL,,650,2025-03-18,2025-03-20,2025-04-02,,3049340090840,14521 SW 74 ST,MIAMI,VIVIANA ALVES CASTRO,NOT LISTED,,OWNER,14521 SW 74 ST,MIAMI,,
C2025065906,2025033116,0000000000,ZIPS,R,ALTER - EXTERIOR,SINGLE FAM RES-CLUST-ZERO LOT-TOWN HOUSE,LEGALIZE AWNING,"AWNINGS\,CANOPIES & FABRIC COVERED FRAMEWORK\, RESIDENTIAL",,1500,2025-02-25,2025-03-24,2025-04-28,,3059330120190,18083 SW 152 PL,MIAMI,JANETH BECERRA,NOT LISTED,,OWNER,18083 SW 152 PL,MIAMI,,
C2025076557,2025032653,0000000000,BLDG,R,FENCE NOMASONRY,SINGLE FAM RES-CLUST-ZERO LOT-TOWN HOUSE,LEGALIZE GATES,FENCE,,4500,2025-03-18,2025-03-21,2025-03-25,,3040170091631,10495 SW 27 ST,MIAMI,ANTONIO MANTILLA,NOT LISTED,,OWNER,10495 SW 27 ST,MIAMI,,
C2024067715,2025033114,0000000000,BLDG,R,ALTER - EXTERIOR,SINGLE FAM RES-CLUST-ZERO LOT-TOWN HOUSE,LEGALIZE SHED/FENCE,BUILDING (COUNTY),FENCE,8000,2024-02-23,2025-03-24,2025-09-05,,3069260052690,25700 SW 131 CT,MIAMI,MARBINA OROZCO,NOT LISTED,,OWNER,25700 SW 131 CT,MIAMI,,
C2025055951,2025032939,0000000000,ELEC,C,ALTER - EXTERIOR,INDUSTRIAL USES,LEGALIZE COMPRESOR,ELECTRICAL,,2500,2025-02-04,2025-03-24,2025-12-23,,3040230120461,7350 SW 42 ST,MIAMI,GASTON V RODRIGUEZ TR,NOT LISTED,EC13013489,AMPEREZ ELECTRIC CORP,2233 CALAIS DR 41 E,MIAMI BEACH,33141,(786)803-0003
C2025069439,2025032925,0000000000,ZIPS,R,ALTER - EXTERIOR,SINGLE FAM RES-CLUST-ZERO LOT-TOWN HOUSE,LEGALIZE TIKI HUT,CHICKEE HUTS CONSTRUCTED BY MICCOUSSUKEE AND SEMINOLE,,5000,2025-03-04,2025-03-24,,,3049010022350,12011 SW 7 ST,MIAMI,MICHAEL GOMEZ,NOT LISTED,,OWNER,12011 SW 7 ST,MIAMI,,
C2025071864,2025032914,0000000000,BLDG,R,ADDITION - DETACHED,SINGLE FAM RES-CLUST-ZERO LOT-TOWN HOUSE,LEGALIZE SHED,BUILDING (COUNTY),,4800,2025-03-07,2025-03-24,2025-03-25,03/25/2025,3020010071490,5840 NW 194 TER,MIAMI,JOSE ALBERTO LOPEZ RODRIGUEZ,NOT LISTED,,OWNER,5840 NW 194 TER,MIAMI,,
C2025068495,2025032908,0000000000,BLDG,R,ADDITION - DETACHED,SINGLE FAM RES-CLUST-ZERO LOT-TOWN HOUSE,SHED LEGALIZATION,BUILDING (COUNTY),,800,2025-03-03,2025-03-24,2025-04-21,04/21/2025,3040300041830,10991 SW 64 ST,MIAMI,RAMON VARELA SUAREZ,NOT LISTED,,OWNER,35 SW 114 AVE,MIAMI,,
C2024134130,2025033047,0000000000,BLDG,R,ALTER - INTERIOR,SINGLE FAM RES-CLUST-ZERO LOT-TOWN HOUSE,LEGALIZE/ALT INTERI,BUILDING (COUNTY),SINGLE ENTRANCE DOOR,15000,2024-06-24,2025-03-24,2025-06-06,06/06/2025,3049140460020,13290 SW 40 TER,MIAMI,MILAYDIS NARDO,NOT LISTED,,OWNER,,MIAMI,,
C2025052639,2025033111,0000000000,BLDG,C,ALTER - EXTERIOR,PAVING/OPEN LOTS,LEGALIZE SHED/FENCE,BUILDING (COUNTY),FENCE,2500,2025-01-28,2025-03-24,2025-08-28,,3078260071330,35381 SW 189 AVE,MIAMI,HECTOR ENRIQUE OLIVA SANCHEZ,NOT LISTED,,OWNER,6316 SW 136 ST,MIAMI,,
C2025021791,2025032869,0000000000,PLUM,C,ALTER - EXTERIOR,5 UNITS OR MORE  - RESIDENTIAL,LEGALIZE POOL EQUIP,POOL MAINT UNLTD,,2500,2024-11-15,2025-03-22,2025-10-01,,3050020880001,9065 S DADELAND BLVD,MIAMI,REF ONLY/DAVID KINNEY,NOT LISTED,CFC1428225,CABALLEIRO'S CORP,13500 SW 250 STREET,HOMESTEAD,33092,(786)443-3548
C2025021793,2025032868,0000000000,PLUM,C,ALTER - EXTERIOR,5 UNITS OR MORE  - RESIDENTIAL,LEGALIZE POOL EQUIP,POOL MAINT UNLTD,,2500,2024-11-15,2025-03-22,2025-10-01,,3050020880001,9065 S DADELAND BLVD,MIAMI,REF ONLY/DAVID KINNEY,NOT LISTED,CFC1428225,CABALLEIRO'S CORP,13500 SW 250 STREET,HOMESTEAD,33092,(786)443-3548
C2024011752,2025032867,0000000000,BLDG,R,ADDITION - ATTACHED,SINGLE FAM RES-CLUST-ZERO LOT-TOWN HOUSE,LEGALIZE WOOD TERRC,BUILDING (COUNTY),,6500,2023-10-25,2025-03-22,,,3079090240200,30421 SW 156 AVE,MIAMI,NORELBYS PALMER DUPUY,NOT LISTED,,OWNER,30421 SW 156 AVE,MIAMI,,
C2024170795,2025033015,0000000000,BLDG,C,ALTER - EXTERIOR,APT BUILDING 3-4 UNITS,LEGALIZATION,GENERAL (COUNTY),,1200,2024-09-04,2025-03-24,2025-06-12,06/12/2025,3040020080840,407 GRAND CANAL DR,MIAMI,WALTER MACIAS TRS,NOT LISTED,CGC1511721,ANA I ALZATE STUDIO INC,915 NW 1 AVE #H2110,MIAMI,33136,(954)599-8434
C2025068902,2025032628,0000000000,ELEC,R,ALTER - EXTERIOR,SINGLE FAM RES-CLUST-ZERO LOT-TOWN HOUSE,LEGALIZE SOLAR FAN,ELECTRICAL,,200,2025-03-03,2025-03-21,,,3012310020060,830 NE 205 ST,MIAMI,REGGIE BLANC,NOT LISTED,,OWNER,,MIAMI,,
C2025025343,2025032620,0000000000,BLDG,R,ADDITION - ATTACHED,SINGLE FAM RES-CLUST-ZERO LOT-TOWN HOUSE,LEGALIZE STORAGE,BUILDING (COUNTY),,1000,2024-11-22,2025-03-21,2026-03-04,03/04/2026,3049130041300,12305 SW 39 ST,MIAMI,YUNIELYS GONZALEZ SANTIAGO,NOT LISTED,,OWNER,22654 SW 109 PATH,MIAMI,,
C2025054686,2025033066,0000000000,BLDG,R,ALTER - EXTERIOR,SINGLE FAM RES-CLUST-ZERO LOT-TOWN HOUSE,LEGALIZE DOOR OPEN.,BUILDING (COUNTY),WINDOWS,1200,2025-01-31,2025-03-24,2025-07-22,07/22/2025,3060180300520,22654 SW 109 PATH,MIAMI,KEYLA BERMUDEZ SAN JOSE,NOT LISTED,,OWNER,22654 SW 109 PATH,MIAMI,,
C2024164858,2025033757,0000000000,BLDG,R,ALTER - EXTERIOR,DUPLEX,LEGALIZATION,BUILDING (COUNTY),FENCE,4000,2024-08-22,2025-03-26,2025-04-04,04/04/2025,3021350021880,781 NW 108 ST,MIAMI,ALVARO JOSE RODRIGUEZ JR,NOT LISTED,CGC1525056,AASAP CORP,1006 EAST CYPRESS DRIVE,POMPANO BEACH,33069,(305)834-5697
C2025080285,2025033717,2025010976,ELEC,R,ALTER - INTERIOR,SINGLE FAM RES-CLUST-ZERO LOT-TOWN HOUSE,LEGALIZE REMODELING,ELECTRICAL,,3500,2025-03-25,2025-03-26,2025-06-09,,3040171220020,2417 SW 99 CT                S,MIAMI,LILIA MARILIN LEON JIMENEZ,NOT LISTED,EC13007197,GLEZ ELECTRICAL CORP,8132 NW 68TH TERRACE,TAMARAC,33321,(305)781-6179
C2025081474,2025033716,2025010976,MECH,R,ALTER - INTERIOR,SINGLE FAM RES-CLUST-ZERO LOT-TOWN HOUSE,LEGALIZE REMODELING,MECHANICAL VENTILATION,,3500,2025-03-26,2025-03-26,2025-04-03,,3040171220020,2417 SW 99 CT              S,MIAMI,LILIA MARILIN LEON JIMENEZ,NOT LISTED,CAC056900,AIRMET A/C INC,11521 SW 40 TERR,MIAMI,33165,(305)485-9797
C2025081113,2025033604,0000000000,MECH,R,ALTER - EXTERIOR,SINGLE FAM RES-CLUST-ZERO LOT-TOWN HOUSE,LEGALIZE AC,A/C - UNLTD,HEATING,2100,2025-03-26,2025-03-26,2025-05-28,,3049230323230,4346 SW 134 PL,MIAMI,ELIZETH MURIEDAS,NOT LISTED,CMC1250129,R A A SERVICE CORP,15321 SW 36 TERR,MIAMI,33185,(305)554-4482
C2025077155,2025033703,2024043476,ELEC,R,ALTER - EXTERIOR,SINGLE FAM RES-CLUST-ZERO LOT-TOWN HOUSE,LEGALIZATION,ELECTRICAL,,7000,2025-03-19,2025-03-26,2025-12-19,,3031040050370,3650 NW 102 ST,MIAMI,MARIA ALVAREZ,NOT LISTED,EC13014440,JADE FIELD SERVICES CORP,2271 W 80 ST UNIT 7,HIALEAH,33016,(305)218-0454
C2025026232,2025033277,0000000000,BLDG,C,ALTER - INTERIOR,WAREHOUSE/STORAGE,LEGALIZE INTERIOR,GENERAL (COUNTY),,12000,2024-11-25,2025-03-25,2025-07-08,07/08/2025,3030260070210,7300 NW 41 ST,MIAMI,AMLI MIAMI LLC,NOT LISTED,CGC1524932,SOUFFRONT CONSTRUCTION INC,135 WESTON ROAD SUITE 163,WESTON,33326,(786)600-3750
C2025020384,2025033358,2024048412,ELEC,R,ALTER - EXTERIOR,SINGLE FAM RES-CLUST-ZERO LOT-TOWN HOUSE,LEGALIZE TERRACE,ELECTRICAL,,2000,2024-11-13,2025-03-25,2025-09-12,,3049340030180,7441 SW 139 AVE,MIAMI,BARBARA LYNNE KIRTON LE,NOT LISTED,EC13005489,CARIBE ELECTRICAL CONTRACTORS INC,3382 SW 152 PLACE,MIAMI,33185,(305)884-6161
C2025033656,2025033298,0000000000,BLDG,R,ADDITION - DETACHED,SINGLE FAM RES-CLUST-ZERO LOT-TOWN HOUSE,LEGALIZE SHED,BUILDING (COUNTY),,500,2024-12-11,2025-03-25,2025-06-18,06/18/2025,3050050130090,9848 SW 94 TER,MIAMI,JULIO A MORINA,NOT LISTED,,OWNER,5608 SW 97 TER,MIAMI,,
C2025018040,2025033279,0000000000,BLDG,C,ALTER - INTERIOR,WAREHOUSE/STORAGE,INT LEGALIZATION,GENERAL (COUNTY),,25000,2024-11-07,2025-03-25,2025-08-14,08/14/2025,3030060030020,10800 NW 106 ST              5/6,MIAMI,FS BUILDING 32 LLC,NOT LISTED,CGC1516322,OROZ CONTRACTOR CORP,8320 NW 7 STREET,MIAMI,33126,(305)305-9479
C2023057474,2025033177,0000000000,BLDG,C,ALTER - INTERIOR,WAREHOUSE,LEGALIZE RACK,GENERAL (COUNTY),,8000,2023-02-06,2025-03-25,,,3030230010280,4490 NW 72 AVE,MIAMI,MIAMI AIRPORT IND EQUITIES &ETALS,NOT LISTED,CGC1534616,CRR BUILDERS CONSTRUCTION INC,1825 PONCE DE LEON BLVD UNIT 165,CORAL GABLES,33134,(305)798-9572
C2025078994,2025033229,2025025613,ELEC,R,ALTER - INTERIOR,SINGLE FAM RES-CLUST-ZERO LOT-TOWN HOUSE,LEGALIZE GARAGE CON,ELECTRICAL,,35000,2025-03-21,2025-03-25,2025-04-22,,3069360031460,11927 SW 271 TER,MIAMI,LORETTA MARIE TATMAN,NOT LISTED,EC13013688,FS ELECTRICAL CONTRACTOR CORP,13982 SW 160 TERR,MIAMI,33177,(305)297-4633
C2025031221,2025033678,0000000000,BLDG,R,ADDITION - ATTACHED,SINGLE FAM RES-CLUST-ZERO LOT-TOWN HOUSE,LEGALIZE REAR ADD.,BUILDING (COUNTY),,1500,2024-12-06,2025-03-26,2026-08-27,,3079090130250,14771 SW 298 TER,MIAMI,14771 SW 298 TER LLC,NOT LISTED,CGC1514279,JR CONSTRUCTION & CONSULTANT INC,10970 SW 73 ST,MIAMI,33186,(305)951-9452
C2025072117,2025033672,0000000000,BLDG,R,ALTER - EXTERIOR,SINGLE FAM RES-CLUST-ZERO LOT-TOWN HOUSE,LEGALIZE WINDOW,BUILDING (COUNTY),WINDOWS,800,2025-03-10,2025-03-26,2025-04-01,04/01/2025,3031150180660,2331 NW 64 ST,MIAMI,SERGIO CERVANTES,NOT LISTED,,OWNER,2331 NW 64 ST,MIAMI,,
C2025042029,2025033658,0000000000,BLDG,R,ALTER - EXTERIOR,SINGLE FAM RES-CLUST-ZERO LOT-TOWN HOUSE,LEGALIZE FRONT DOOR,SINGLE ENTRANCE DOOR,,100,2025-01-06,2025-03-26,2025-04-18,,3020100050250,8351 NW 177 ST,MIAMI,ELENA S LIMA,NOT LISTED,CGC1508952,REGOSA ENGINEERING SERVICES INC,15700 NE 2 AVE,MIAMI,33162,(786)262-2964
C2025081878,2025033908,2025024603,ELEC,R,ADDITION - DETACHED,SINGLE FAM RES-CLUST-ZERO LOT-TOWN HOUSE,LEGALIZED CARPORT,ELECTRICAL,,4000,2025-03-27,2025-03-27,2025-03-28,,3031210330820,3147 NW 42 ST,MIAMI,LASONNIA M CASON,NOT LISTED,EC13007397,METPLANET ELECTRICAL CONTRACTOR INC,6231 GRANT CT,HOLLYWOOD,33024,(754)214-1695
C2025031233,2025033883,0000000000,BLDG,R,ENT REPLACEMENT,SINGLE FAM RES-CLUST-ZERO LOT-TOWN HOUSE,LEGALIZE WINDOW/DOO,WINDOWS,,1500,2024-12-06,2025-03-27,2025-07-01,,3050100200040,10701 SW 82 CT,MIAMI,DAVID T ZACHAR,NOT LISTED,,OWNER,10701 SW 82 CT,MIAMI,,
C2025074136,2025033799,0000000000,BLDG,R,ALTER - EXTERIOR,SINGLE FAM RES-CLUST-ZERO LOT-TOWN HOUSE,LEGALIZATION,BUILDING (COUNTY),,2154,2025-03-12,2025-03-27,2025-08-25,08/25/2025,3059050170690,9632 SW 158 CT,MIAMI,MARTHA N SALGADO,NOT LISTED,CGC1533874,SHUTTER BROTHERS LLC,12250 SW 129 CT STE 108,MIAMI,33186,(305)204-5531
C2025019192,2025034327,0000000000,BLDG,R,FENCE NOMASONRY,SINGLE FAM RES-CLUST-ZERO LOT-TOWN HOUSE,FENCE LEGALIZATION,FENCE,,4500,2024-11-12,2025-03-28,2025-04-25,,3040030013960,443 CENTRAL BLVD,MIAMI,DAVID NODARSE LE,NOT LISTED,CGC1518992,KRONOX CONSTRUCTION INC,3065 SW 16 ST,MIAMI,33145,(786)597-1399
C2025046822,2025033947,2024070894,PLUM,R,ALTER - INTERIOR,SINGLE FAM RES-CLUST-ZERO LOT-TOWN HOUSE,PLUM REMODELLEGALIZ,PLUMBING,,6700,2025-01-15,2025-03-27,2025-04-29,,3078020070150,29380 SW 187 AVE,MIAMI,ARTURO ORTIZ RAMIREZ,NOT LISTED,,OWNER,35 SW 114 AVE #105,MIAMI,,
C2025046962,2025033946,2024070894,MECH,R,ALTER - INTERIOR,SINGLE FAM RES-CLUST-ZERO LOT-TOWN HOUSE,INT REMODEL LEGALIZ,A/C - UNLTD,HEATING,6700,2025-01-15,2025-03-27,2025-04-08,,3078020070150,29380 SW 187 AVE,MIAMI,ARTURO ORTIZ RAMIREZ,NOT LISTED,,OWNER,15677 SW 20 ST,MIAMI,,
C2025053891,2025033539,0000000000,BLDG,R,ALTER - EXTERIOR,SINGLE FAM RES-CLUST-ZERO LOT-TOWN HOUSE,LEGALIZE IRON BARS,ORNAMENTAL IRON,,3500,2025-01-30,2025-03-26,2025-04-25,,3069120450410,20381 SW 119 AVE,MIAMI,LUCY GALLON,NOT LISTED,,OWNER,20381 SW 119 AVE,MIAMI,,
C2025082049,2025033992,0000000000,MECH,R,ALTER - EXTERIOR,SINGLE FAM RES-CLUST-ZERO LOT-TOWN HOUSE,LEGALIZE A/C,A/C - UNLTD,HEATING,3500,2025-03-27,2025-03-27,2025-03-28,,3049110311560,1484 SW 134 PL,MIAMI,RAUL MENDEZ JR,NOT LISTED,,OWNER,1484 SW 134 PL,MIAMI,,
C2024148211,2025033587,0000000000,BLDG,R,ENT REPLACEMENT,SINGLE FAM RES-CLUST-ZERO LOT-TOWN HOUSE,LEGALIZE WIND-DOORS,WINDOWS,SINGLE ENTRANCE DOOR,2000,2024-07-23,2025-03-26,,,3040140083040,7400 SW 37 ST,MIAMI,MOBLAT INVESTMENTS LLC,NOT LISTED,CGC1527371,KANTERAS CONSTRUCTION GROUP LLC,2922 SW 118 CT,MIAMI,33175,(305)506-0596
C2025063679,2025033560,2024068902,BLDG,R,ALTER - EXTERIOR,SINGLE FAM RES-CLUST-ZERO LOT-TOWN HOUSE,LEGALIZE WINDOW,WINDOWS,SINGLE ENTRANCE DOOR,30000,2025-02-20,2025-03-26,2025-07-18,,3040090320090,8972 SW 10 TER,MIAMI,JORGE ARAUJO &,NOT LISTED,,OWNER,900 BISCAYNE BLVD,MIAMI,,
C2025077973,2025033815,0000000000,ELEC,C,ALTER - EXTERIOR,5 UNITS OR MORE  - RESIDENTIAL,LEGALIZATION,ELECTRICAL,,1000,2025-03-20,2025-03-27,2025-04-15,,3022191040001,14860 NE 6 AVE,MIAMI,REFERENCE ONLY/WHITEHALL REGENCY,NOT LISTED,EC13005854,INNOVATIVE SOLUTIONS CONSTRUCTION INC,17431 NW 52 PL,MIAMI,33055,(786)280-0755
C2025081707,2025033812,0000000000,ELEC,R,REPAIR,SINGLE FAM RES-CLUST-ZERO LOT-TOWN HOUSE,LEGALIZE MOTORS,ELECTRICAL,,50,2025-03-27,2025-03-27,2025-09-02,,3050090001113,11980 SW 87 AVE,MIAMI,DIEGO ZENGIN,NOT LISTED,,OWNER,11980 SW 87 AVE,MIAMI,,
C2025083449,2025034582,2024063718,PLUM,R,NEW,SINGLE FAM RES-CLUST-ZERO LOT-TOWN HOUSE,NEW SFR LEGALIZATIO,PLUMBING,,250000,2025-03-31,2025-03-31,2025-10-20,,3068160002340,23075 SW 212 AVE,MIAMI,QIULING FENG,NOT LISTED,CFC1426987,A TEAM PLUMBING SERVICES LLC,PO BOX 901585,HOMESTEAD,33031,(305)484-4934
C2025071376,2025034095,0000000000,BLDG,C,ENT REPLACEMENT,5 UNITS OR MORE  - RESIDENTIAL,LEGALIZE WINDOW,WINDOWS,,5000,2025-03-07,2025-03-28,2025-04-03,,3049340181380,14150 SW 84 ST             108-I,MIAMI,MAYERLIN DE LA ROSA,NOT LISTED,CGC1508647,MADISON CONSULTING INC,9660 SW 72 ST,MIAMI,33173,(786)322-5884
C2025070594,2025034089,0000000000,BLDG,R,ALTER - EXTERIOR,SINGLE FAM RES-CLUST-ZERO LOT-TOWN HOUSE,FENCE LEGALIZATION,FENCE,,450,2025-03-05,2025-03-28,2025-04-03,,3060060120860,19433 SW 115 AVE,MIAMI,WILLIAM FALCON,NOT LISTED,,OWNER,19433 SW 115 AVE,MIAMI,,
C2025052686,2025034087,0000000000,BLDG,R,FENCE NOMASONRY,SINGLE FAM RES-CLUST-ZERO LOT-TOWN HOUSE,LEGALIZE FENCE,FENCE,,450,2025-01-28,2025-03-28,2025-07-02,,3079040010450,15615 SW 289 TER,MIAMI,YULIO VALVERDE ALVAREZ,NOT LISTED,,OWNER,15615 SW 289 TER,MIAMI,,
W2025081210,2025034135,2025025054,ELEC,R,ALTER - EXTERIOR,SINGLE FAM RES-CLUST-ZERO LOT-TOWN HOUSE,LEGALIZATIONO,ELECTRICAL,,300,2025-03-26,2025-03-28,2025-04-09,,3020020010510,19035 E SAINT ANDREWS DR,MIAMI,NELSON E BRANLY JR,NOT LISTED,EC13003100,AMERICAN POWER ELECTRIC CORP,1540 E 7TH CT,HIALEAH,33010,(786)223-6096
C2025070025,2025034126,0000000000,BLDG,R,FENCE NOMASONRY,SINGLE FAM RES-CLUST-ZERO LOT-TOWN HOUSE,LEGALIZE DURA FENCE,FENCE,,3000,2025-03-05,2025-03-28,2025-04-15,,3040320061400,8010 SW 97 AVE,MIAMI,ESTRELLA LEON,NOT LISTED,,OWNER,8010 SW 97 AVE,MIAMI,,
C2025081039,2025034646,2025033047,MECH,R,ALTER - INTERIOR,SINGLE FAM RES-CLUST-ZERO LOT-TOWN HOUSE,LEGALIZE/ALT INTERI,SHEET METAL,MECHANICAL VENTILATION,15000,2025-03-26,2025-03-31,2025-04-01,,3049140460020,13290 SW 40 TER,MIAMI,MILAYDIS NARDO,NOT LISTED,,OWNER,13290 SW 40 TER,MIAMI,,
C2025081006,2025034642,2025033047,ELEC,R,ALTER - INTERIOR,SINGLE FAM RES-CLUST-ZERO LOT-TOWN HOUSE,LEGALIZE/ALT INTERI,ELECTRICAL,,15000,2025-03-26,2025-03-31,2025-04-22,,3049140460020,13290 SW 40 TER,MIAMI,MILAYDIS NARDO,NOT LISTED,,OWNER,13290 SW 40 TER,MIAMI,,
C2025036561,2025034287,0000000000,BLDG,R,FENCE NOMASONRY,SINGLE FAM RES-CLUST-ZERO LOT-TOWN HOUSE,LEGALIZE DURAFENCE,FENCE,,500,2024-12-17,2025-03-28,2025-10-15,,3040110040470,1131 SW 74 AVE,MIAMI,JOSE M PEREZ,NOT LISTED,,OWNER,13616 SW 115 LANE,MIAMI,,
C2024166397,2025034356,0000000000,BLDG,R,ALTER - EXTERIOR,SINGLE FAM RES-CLUST-ZERO LOT-TOWN HOUSE,LEGALIZE FAM RM/TER,BUILDING (COUNTY),,4500,2024-08-26,2025-03-29,2026-09-17,,3049280211090,5630 SW 149 AVE,MIAMI,RAYSA HERRERA,NOT LISTED,,OWNER,5630 SW 149 AVE,MIAMI,,
C2024016565,2025034631,0000000000,BLDG,R,ADDITION - ATTACHED,SINGLE FAM RES-CLUST-ZERO LOT-TOWN HOUSE,LEGALIZE ADDITION,BUILDING (COUNTY),WINDOWS,2450,2023-11-02,2025-03-31,2025-09-18,09/18/2025,3031030240210,8990 NW 21 CT,MIAMI,DUNIA ALFONSO,NOT LISTED,,OWNER,8990 NW 21 CT,MIAMI,,
C2025068455,2025034995,0000000000,BLDG,R,RE-ROOF/REPAIR,SINGLE FAM RES-CLUST-ZERO LOT-TOWN HOUSE,RE-ROOF LEGALIZE,"GRAVEL\, SBS\, SINGLE PLY\, ETC.",ASPHALT (FIBERGLASS) SHINGLE ROOFS,750,2025-03-03,2025-04-01,2025-06-16,,3050080030520,10340 SW 110 ST,MIAMI,BERTHA DIAZ HERNANDEZ,NOT LISTED,,OWNER,10340 SW 110 ST,MIAMI,,
C2025027413,2025034978,0000000000,BLDG,R,ENT REPLACEMENT,SINGLE FAM RES-CLUST-ZERO LOT-TOWN HOUSE,LEGALIZE DOOR,WINDOWS,,200,2024-11-26,2025-04-01,2025-04-10,,3050200050260,14630 SW 106 AVE,MIAMI,RICARDO GONZALEZ,NOT LISTED,,OWNER,14630 SW 106 AVE,MIAMI,,
C2023083806,2025034851,0000000000,BLDG,R,ADDITION - DETACHED,SINGLE FAM RES-CLUST-ZERO LOT-TOWN HOUSE,LEGALIZE POOL,SWIMMING POOL,,40000,2023-03-30,2025-04-01,2025-07-09,,3069070000011,20235 SW 172 AVE,MIAMI,FRANCISCO B CAMPOS,NOT LISTED,CGC1530479,BLLAM 1 LLC DBA:BLLAM CONSTRUCTION LLC,12675 S DIXIE HWY UNIT 202,MIAMI,33156,(786)449-9071
M2025011839,2025034393,0000000000,MBLD,R,ALTER - EXTERIOR,SINGLE FAM RES-CLUST-ZERO LOT-TOWN HOUSE,LEGALIZE FENCE,MUNICIPAL SUB-GENERAL BLDR,,15000,2025-03-20,2025-03-31,,,0431170060050,851 E 8 ST,MIAMI,BRIANNA A DELGADO,NOT LISTED,,OWNER,,,,
C2025073222,2025034930,2025027611,BLDG,R,ADDITION - ATTACHED,SINGLE FAM RES-CLUST-ZERO LOT-TOWN HOUSE,LEGALIZE TERR ROOF,ASPHALT (FIBERGLASS) SHINGLE ROOFS,,650,2025-03-11,2025-04-01,,,3040210040260,4148 SW 95 AVE,MIAMI,MAYRA RODRIGUEZ,NOT LISTED,,OWNER,4148 SW 95 AVE,MIAMI,,
W2025083509,2025034568,0000000000,ELEC,C,ALTER - EXTERIOR,5 UNITS OR MORE  - RESIDENTIAL,LEGALIZE OUT GAZEBO,ELECTRICAL,,,2025-03-31,2025-03-31,,,3059050172260,15758 SW 101 ST,MIAMI,EVELIO MANSO JR,NOT LISTED,EC13012745,ENER-G ELECTRIC ELECTRICAL CONTRACTOR,15524 SW 153RD ST,MIAMI,33187,(786)593-2014
C2025072164,2025034566,0000000000,ZIPS,R,ALTER - EXTERIOR,SINGLE FAM RES-CLUST-ZERO LOT-TOWN HOUSE,LEGALIZE PERGOLA,"AWNINGS\,CANOPIES & FABRIC COVERED FRAMEWORK\, RESIDENTIAL",,1300,2025-03-10,2025-03-31,,,3022040130300,2541 NE 195 ST,MIAMI,STEEVE D ENCAOUA,NOT LISTED,,OWNER,2541 NE 195 ST,MIAMI,,
C2025083323,2025034915,0000000000,ZIPS,R,ALTER - EXTERIOR,SINGLE FAM RES-CLUST-ZERO LOT-TOWN HOUSE,LEGALIZE CANOPIES,"AWNINGS\,CANOPIES & FABRIC COVERED FRAMEWORK\, RESIDENTIAL",,3800,2025-03-31,2025-04-01,2025-04-03,,3079040010280,28900 SW 154 AVE,MIAMI,VILMA REYES,NOT LISTED,,OWNER,28900 SW 154 LN,MIAMI,,
C2025036927,2025034495,0000000000,BLDG,R,ALTER - EXTERIOR,SINGLE FAM RES-CLUST-ZERO LOT-TOWN HOUSE,LEGALIZE WNDWS/DOOR,METAL AWNG & SHUTR,WINDOWS,1500,2024-12-18,2025-03-31,2025-09-08,,3020010070460,19641 NW 57 CT,MIAMI,DOBRIAK GONZALEZ,NOT LISTED,,OWNER,19641 NW 57 CT,MIAMI,,
C2025071307,2025034551,0000000000,BLDG,R,ENT REPLACEMENT,SINGLE FAM RES-CLUST-ZERO LOT-TOWN HOUSE,LEGALIZE WINDOWS,WINDOWS,,8000,2025-03-06,2025-03-31,2025-07-29,,3049130010460,11937 SW 38 TER,MIAMI,GRISELLE IRENEM BURGOS,NOT LISTED,,OWNER,16893 SW 141 AVE,MIAMI,,
C2025022158,2025034541,0000000000,BLDG,C,ALTER - INTERIOR,WAREHOUSE,LEGALIZE PANEL RACK,GENERAL (COUNTY),,15000,2024-11-15,2025-03-31,2025-06-25,,3030150010610,7880 NW 62 ST,MIAMI,COSTEX CORP,NOT LISTED,CGC1531909,"HOME ARCHITECTURE\, LLC",5301 SW 74 AVE,MIAMI,33166,(407)969-1348
C2025075181,2025035134,0000000000,BLDG,R,FENCE NOMASONRY,SINGLE FAM RES-CLUST-ZERO LOT-TOWN HOUSE,LEGALIZE DURA FENCE,FENCE,,3500,2025-03-14,2025-04-02,2025-04-09,,3020120030720,17353 NW 62 PL,MIAMI,SHENILLE LYNNE LUCY,NOT LISTED,,OWNER,17353 NW 62 PL,MIAMI,,
C2024143334,2025034800,0000000000,ZIPS,R,ALTER - EXTERIOR,SINGLE FAM RES-CLUST-ZERO LOT-TOWN HOUSE,LEGALIZE TIKI HUT,CHICKEE HUTS CONSTRUCTED BY MICCOUSSUKEE AND SEMINOLE,,2500,2024-07-12,2025-04-01,2025-06-24,,3068250000461,17750 SW 256 ST,MIAMI,MARIA PONCE CONTRERAS,NOT LISTED,,OWNER,,MIAMI,,
C2025076735,2025034787,2025031032,PLUM,R,ADDITION - ATTACHED,SINGLE FAM RES-CLUST-ZERO LOT-TOWN HOUSE,LEGALIZE TERRACE,PLUMBING,,5100,2025-03-18,2025-04-01,2025-05-28,,3041080210230,4344 SW 13 ST,MIAMI,MARIEL GERALDINE LEMA,NOT LISTED,CFC1427281,NAVARRO PLUMBING & MECHANICAL CONTRACT,15236 NW 87 PLACE,MIAMI LAKES,33018,(305)244-5832
C2024169488,2025035215,0000000000,BLDG,R,ALTER - EXTERIOR,SINGLE FAM RES-CLUST-ZERO LOT-TOWN HOUSE,LEGALIZE CARPORT,BUILDING (COUNTY),,15000,2024-08-30,2025-04-02,2026-08-20,,3021060090700,5030 NW 199 ST,MIAMI,MERCEDES RODRIGUEZ,NOT LISTED,,OWNER,5030 NW 199 ST,MIAMI,,
C2025080042,2025034730,0000000000,BLDG,R,ENT REPLACEMENT,SINGLE FAM RES-CLUST-ZERO LOT-TOWN HOUSE,LEGALIZE FRONT DOOR,WINDOWS,,1000,2025-03-25,2025-04-01,2025-04-11,,3049220290630,14650 SW 49 ST,MIAMI,MARIO JORGE MALAGON HERNANDEZ,NOT LISTED,,OWNER,14650 SW 49 ST,MIAMI,,
C2025071099,2025034781,2025057719,BLDG,R,ENT REPLACEMENT,SINGLE FAM RES-CLUST-ZERO LOT-TOWN HOUSE,LEGALIZATION,WINDOWS,,1000,2025-03-06,2025-04-01,,,3050190017390,14010 VAN BUREN ST,MIAMI,LAZARO YENSY LANDRIAN MARQUEZ,NOT LISTED,,OWNER,14010 VAN BUREN STREET,MIAMI,,
C2025084815,2025035202,0000000000,MECH,C,ALTER - EXTERIOR,5 UNITS OR MORE  - RESIDENTIAL,LEGALIZE AC CHG OUT,A/C - UNLTD,HEATING,2400,2025-04-02,2025-04-02,2025-04-04,,3050070330080,11435 SW 109 RD            46-A,MIAMI,FRANCISCO J SANTOS,NOT LISTED,CAC1818279,EC COOL AIR CONDITIONING INC,11900 SW 181 STREET,MIAMI,33177,(786)514-6098
C2025056639,2025035368,0000000000,BLDG,R,ADDITION - ATTACHED,SINGLE FAM RES-CLUST-ZERO LOT-TOWN HOUSE,LEGALIZE TERR ATTCH,BUILDING (COUNTY),,1000,2025-02-05,2025-04-03,2026-05-26,05/26/2026,3040030360910,271 NW 85 PL,MIAMI,GEOVANNY JOSE ALMENDAREZ,NOT LISTED,,OWNER,271 NW 85 PL,MIAMI,,
C2025085660,2025035678,2024038407,MECH,R,ADDITION - ATTACHED,SINGLE FAM RES-CLUST-ZERO LOT-TOWN HOUSE,LEGALIZATION,MECHANICAL VENTILATION,,30000,2025-04-03,2025-04-03,2025-04-29,,3079040120120,29505 SW 155 CT,MIAMI,DIANA RODRIGUEZ,NOT LISTED,CAC1814442,NEW SERVICE COMPANY,501 SW 1 ST #302,MIAMI,33130,(305)798-7383
C2025055013,2025035413,2020036228,BLDG,R,ADDITION - DETACHED,SINGLE FAM RES-CLUST-ZERO LOT-TOWN HOUSE,LEGALIZE,METAL AWNG & SHUTR,,7200,2025-01-31,2025-04-03,2025-04-10,,3040150090210,7836 SW 35 TER,MIAMI,YUDIT CABALLERO,ARSHAD,,OWNER,10511 SW 88 ST C 203,MIAMI,,
C2022163884,2025035671,0000000000,BLDG,R,ALTER - EXTERIOR,SINGLE FAM RES-CLUST-ZERO LOT-TOWN HOUSE,LEGALIZATION,BUILDING (COUNTY),,1000,2022-08-09,2025-04-03,2026-07-17,,3050290280130,15733 FAIRWAY HEIGHTS BLVD,MIAMI,ENRIQUE BARREDA TOLEDO/MISLEYDI,NOT LISTED,,OWNER,15325 SW 297 ST,MIAMI,,
C2025073465,2025035611,0000000000,BLDG,R,ENT REPLACEMENT,SINGLE FAM RES-CLUST-ZERO LOT-TOWN HOUSE,LEGALIZE DOOR,WINDOWS,,800,2025-03-12,2025-04-03,2025-08-18,,3088030040040,19998 SW 380 ST,MIAMI,JOSE MIRABAL,NOT LISTED,,OWNER,19998 SW 380 ST,MIAMI,,
C2025086407,2025035940,2025010491,ELEC,C,ENCLOSE,5 UNITS OR MORE  - RESIDENTIAL,LEGALIZE BALCONY,ELECTRICAL,,4500,2025-04-04,2025-04-04,2025-05-01,,3030550891480,10249 NW 9 STREET CIR        1018,MIAMI,ISORA LAZO LE,NOT LISTED,EC13007551,KEBOS ELECTRICAL UNLIMITED INC,5629 SW 5 TER,MIAMI,33134,(786)280-0358
W2025070726,2025035607,0000000000,BLDG,R,RE-ROOF/REPAIR,SINGLE FAM RES-CLUST-ZERO LOT-TOWN HOUSE,LEGALIZATION,"GRAVEL\, SBS\, SINGLE PLY\, ETC.",ASPHALT (FIBERGLASS) SHINGLE ROOFS,,2025-03-06,2025-04-03,2025-08-22,,3031110370260,8233 NW 14 CT,MIAMI,DNT INVESTMENTS LLC,NOT LISTED,CCC1334710,UNIFIELD BUILDING SOLUTIONS LLC,2980 NW 66TH ST,MIAMI,33147,(786)326-3652
C2025073892,2025035931,0000000000,BLDG,R,ENCLOSE,SINGLE FAM RES-CLUST-ZERO LOT-TOWN HOUSE,LEGALIZATION,METAL AWNG & SHUTR,,3500,2025-03-12,2025-04-04,2025-10-15,,3049110410280,13409 SW 17 TERRACE CI N,MIAMI,JOSE ANTONIO SILBERBERG JR,NOT LISTED,CGC1516861,XPERT GC LLC,2922 SW 118 CT,MIAMI,33175,(786)477-0464
C2025028273,2025035580,0000000000,BLDG,R,ALTER - INTERIOR,SINGLE FAM RES-CLUST-ZERO LOT-TOWN HOUSE,LEGALIZE KITCHEN RE,BUILDING (COUNTY),,4000,2024-12-02,2025-04-03,,,3059230201930,13219 SW 143 TER,MIAMI,FOCION OCAMPO &W,NOT LISTED,,OWNER,,MIAMI,,
C2025086152,2025035967,0000000000,ELEC,R,ALTER - EXTERIOR,SINGLE FAM RES-CLUST-ZERO LOT-TOWN HOUSE,LEGALIZING FIXTURES,ELECTRICAL,,390,2025-04-04,2025-04-04,2025-04-24,,3049290180260,6523 SW 162 PATH,MIAMI,ROBERTO VALDES ALONSO JTRS,NOT LISTED,EC13004540,FIRST QUALITY ELECTRIC CORP,12740 COUNTRY SIDE TERR,COOPER CITY,33330,(786)357-6081
C2025038484,2025036211,0000000000,BLDG,R,ENCLOSE,SINGLE FAM RES-CLUST-ZERO LOT-TOWN HOUSE,LEGALIZE TERRACE,METAL AWNG & SHUTR,,1500,2024-12-20,2025-04-07,2025-04-23,,3069120530150,20390 SW 119 AVE,MIAMI,MANUEL LOPEZ PEREZ,NOT LISTED,,OWNER,,MIAMI,,
C2025053385,2025035707,0000000000,BLDG,R,ENT REPLACEMENT,DUPLEX,LEGALIZE WINDOW,WINDOWS,,4010,2025-01-29,2025-04-04,2025-06-03,,3031220230340,4139 NW 23 AVE,MIAMI,4139 NW 23 AVE LLC,NOT LISTED,CGC1521716,L CORTES CONSTRUCTION SERVICE LLC,18786 NW 79 WAY,HIALEAH,33015,(305)454-3894
C2025082039,2025035832,0000000000,BLDG,R,REPAIR,SINGLE FAM RES-CLUST-ZERO LOT-TOWN HOUSE,LEGALIZE DEMO SHED,DEMOLITION,,750,2025-03-27,2025-04-04,2026-05-13,,3059340183330,17830 SW 143 CT,MIAMI,YENNEY CRUZ REDONDO,NOT LISTED,CGC1516430,ARIES LINKS LLC,253 NW 45 AVE,MIAMI,33126,(786)206-5775
C2025086141,2025035898,2025033799,ELEC,R,ALTER - EXTERIOR,SINGLE FAM RES-CLUST-ZERO LOT-TOWN HOUSE,LEGALIZATION,ELECTRICAL,,2154,2025-04-04,2025-04-04,2025-04-11,,3059050170690,9632 SW 158 CT,MIAMI,MARTHA N SALGADO,NOT LISTED,,OWNER,12250 SW 129TH COURT #108,MIAMI,,
C2025047472,2025035830,0000000000,BLDG,R,FENCE NOMASONRY,SINGLE FAM RES-CLUST-ZERO LOT-TOWN HOUSE,LEGALIZE DURA-FENCE,FENCE,,4624,2025-01-16,2025-04-04,2025-06-20,,3020140280300,16880 NW 69 PL,MIAMI,JULIO C SARAGOZA ACOSTA,NOT LISTED,,OWNER,16880 NW 69 PL,MIAMI,,
C2025086510,2025036035,2025009010,ELEC,R,ALTER - EXTERIOR,SINGLE FAM RES-CLUST-ZERO LOT-TOWN HOUSE,LAUNDRY LEGALIZATIO,ELECTRICAL,,1200,2025-04-04,2025-04-06,,,3031150430170,2511 NW 65 ST,MIAMI,2905 NW 65TH ST LLC,NOT LISTED,EC13007927,FREEMAN'S CONSTRUCTION & ENGINEERING G,10610 SW 146 PL,MIAMI,33186,(786)337-0665
C2025086493,2025036034,2025009010,MECH,R,ALTER - EXTERIOR,SINGLE FAM RES-CLUST-ZERO LOT-TOWN HOUSE,LAUNDRY LEGALIZATIO,MECHANICAL VENTILATION,,1200,2025-04-04,2025-04-06,2025-04-11,,3031150430170,2511 NW 65 ST,MIAMI,2905 NW 65TH ST LLC,NOT LISTED,CAC057226,AA MASTERS MECHANICAL AIR MOVING AND E,500 NW 94 ST,MIAMI,33150,(305)244-0667
C2025086480,2025036033,2025009010,PLUM,R,ALTER - EXTERIOR,SINGLE FAM RES-CLUST-ZERO LOT-TOWN HOUSE,LAUNDRY LEGALIZATIO,PLUMBING,,1200,2025-04-04,2025-04-06,2025-04-11,,3031150430170,2511 NW 65 ST,MIAMI,2905 NW 65TH ST LLC,NOT LISTED,CFC1426169,AA MASTERS MECHANICAL AIR MOVING & ENG,500 NW 49TH ST,MIAMI,33150,(305)559-7004
C2025081760,2025036298,2025033047,PLUM,R,ALTER - INTERIOR,SINGLE FAM RES-CLUST-ZERO LOT-TOWN HOUSE,LEGALIZE/ALT INTERI,PLUMBING,,15000,2025-03-27,2025-04-07,2025-05-16,,3049140460020,13290 SW 40 TER,MIAMI,MILAYDIS NARDO,NOT LISTED,,OWNER,,MIAMI,,
C2023162386,2025035777,0000000000,BLDG,R,ALTER - EXTERIOR,SINGLE FAM RES-CLUST-ZERO LOT-TOWN HOUSE,GAZEBO LEGALIZATION,BUILDING (COUNTY),,1500,2023-08-29,2025-04-04,2026-01-14,01/14/2026,3049150140010,14211 SW 37 ST,MIAMI,WILFREDO O GONZALEZ TRS,CALC ENGINEERING,CGC1520118,NEW AGE CONTRACTING CORP,7530 SW 28 TERR,MIAMI,33155,(786)253-8803
C2025046341,2025035892,0000000000,MECH,R,ALTER - EXTERIOR,SINGLE FAM RES-CLUST-ZERO LOT-TOWN HOUSE,LEGALIZE MINI SPLIT,A/C - UNLTD,HEATING,450,2025-01-14,2025-04-04,2025-06-27,,3040090052520,8851 SW 17 ST,MIAMI,ANGEL SILOT LE,NOT LISTED,,OWNER,8851 SW 17 ST,MIAMI,,
C2023162111,2025035773,0000000000,BLDG,R,ALTER - EXTERIOR,SINGLE FAM RES-CLUST-ZERO LOT-TOWN HOUSE,LEGALIZATION,BUILDING (COUNTY),,400,2023-08-28,2025-04-04,2025-09-25,09/25/2025,3049150140010,14211 SW 37 ST,MIAMI,WILFREDO O GONZALEZ TRS,NOT LISTED,CGC1520118,NEW AGE CONTRACTING CORP,7530 SW 28 TERR,MIAMI,33155,(786)253-8803
C2025084223,2025035869,2025028521,ELEC,R,ADDITION - ATTACHED,SINGLE FAM RES-CLUST-ZERO LOT-TOWN HOUSE,LEGALIZATIONS,ELECTRICAL,,30000,2025-04-01,2025-04-04,2025-08-12,,3050320000910,17880 SW 102 AVE,MIAMI,BRIAN E DOMINECK,NOT LISTED,EC13007637,BJ BURNS INCORPORATED,1411 SAWGRASS CORPORATE PARKWAY,SUNRISE,33323,(786)286-3584
C2025086709,2025036054,0000000000,ELEC,R,ALTER - EXTERIOR,SINGLE FAM RES-CLUST-ZERO LOT-TOWN HOUSE,LEGALIZE LIGHTS OUT,ELECTRICAL,,150,2025-04-07,2025-04-07,2025-05-29,,3049220321350,5110 SW 142 PL,MIAMI,GIBERT GONZALEZ,NOT LISTED,,OWNER,,MIAMI,,
C2024154176,2025036510,0000000000,BLDG,R,ADDITION - DETACHED,SINGLE FAM RES-CLUST-ZERO LOT-TOWN HOUSE,LEGALIZATION SHED,BUILDING (COUNTY),,4500,2024-08-02,2025-04-08,,,3049130010940,11883 SW 37 TER,MIAMI,ANA JENNIFER ORELLANA FUNES,NOT LISTED,,OWNER,11883 SW 37 TER,MIAMI,,
C2024154196,2025036503,0000000000,BLDG,R,ADDITION - ATTACHED,SINGLE FAM RES-CLUST-ZERO LOT-TOWN HOUSE,LEGALIZE TERRACE,BUILDING (COUNTY),,4800,2024-08-02,2025-04-08,2025-04-30,,3049130010940,11883 SW 37 TER,MIAMI,ANA JENNIFER ORELLANA FUNES,NOT LISTED,,OWNER,11883 SW 37 TER,MIAMI,,
C2025064902,2025036474,0000000000,BLDG,R,ENT REPLACEMENT,SINGLE FAM RES-CLUST-ZERO LOT-TOWN HOUSE,DOOR LEGALIZE,WINDOWS,,500,2025-02-21,2025-04-08,2025-04-09,,3049290070230,15801 SW 60 TER,MIAMI,YELBA DAVILA,NOT LISTED,,OWNER,9751 MARLIN RD,MIAMI,,
C2024111180,2025036472,0000000000,BLDG,R,ALTER - EXTERIOR,SINGLE FAM RES-CLUST-ZERO LOT-TOWN HOUSE,LEGALIZATION SHED,BUILDING (COUNTY),,550,2024-05-16,2025-04-08,2025-07-02,07/02/2025,3049140680010,3190 SW 133 PL,MIAMI,ISLEYDI GARCIA,NOT LISTED,,OWNER,3190 SW 133 PL,MIAMI,,
C2025086674,2025036625,2024037972,BLDG,R,ADDITION - DETACHED,SINGLE FAM RES-CLUST-ZERO LOT-TOWN HOUSE,LEGALIZATION,METAL AWNG & SHUTR,,1800,2025-04-07,2025-04-08,2025-04-18,,3031100090190,8349 NW 21 AVE,MIAMI,OMAR E CORDERO JANE,NOT LISTED,,OWNER,2015 W FLAGLER ST,MIAMI,,
C2025048838,2025036146,2024075970,ELEC,R,ALTER - INTERIOR,SINGLE FAM RES-CLUST-ZERO LOT-TOWN HOUSE,INT LEGALIZE REMODE,ELECTRICAL,,10000,2025-01-21,2025-04-07,2026-06-09,,3040340100180,7201 SW 84 CT,MIAMI,ROCK COMMERCIAL HOLDINGS LLC,NOT LISTED,EC13010175,"PRECISION SOURCE\, INC",1055 NW 128 CT,MIAMI,33182,(786)226-7800
C2025057443,2025036145,2024075970,LPGX,R,ALTER - INTERIOR,SINGLE FAM RES-CLUST-ZERO LOT-TOWN HOUSE,INT LEGALIZE REMODE,LIQUID PETRO GAS INSTL,,10000,2025-02-06,2025-04-07,2026-06-26,,3040340100180,7201 SW 84 CT,MIAMI,ROCK COMMERCIAL HOLDINGS LLC,NOT LISTED,CFC1429584,GENEREVE CONSTRUCTION LLC,18851 NE 29 AVE STE 700 PMB127,MIAMI,33179,(305)504-6823
C2025082332,2025036674,0000000000,BLDG,R,ENT REPLACEMENT,SINGLE FAM RES-CLUST-ZERO LOT-TOWN HOUSE,LEGALIZE WIND/DOOR,WINDOWS,,1100,2025-03-28,2025-04-08,2025-04-25,,3069120340550,12421 SW 203 ST,MIAMI,HUGO MASARYK PARRA LUIS,NOT LISTED,,OWNER,12421 SW 203 ST,MIAMI,,
C2023085680,2025036796,0000000000,BLDG,R,ALTER - EXTERIOR,SINGLE FAM RES-CLUST-ZERO LOT-TOWN HOUSE,LEGALIZA ADDITION,BUILDING (COUNTY),WINDOWS,19319,2023-04-04,2025-04-09,2025-08-07,,3031160020320,7099 NW 30 AVE,MIAMI,WILFREDO DELEON,NOT LISTED,,OWNER,488 PALM AVE,MIAMI,,
C2025085964,2025036761,0000000000,PLUM,C,ALTER - EXTERIOR,5 UNITS OR MORE  - RESIDENTIAL,LEGALIZE POOL FEEDE,POOL MAINT UNLTD,,1444,2025-04-04,2025-04-09,2025-05-21,,3030550470001,10129 NW 9 ST,MIAMI,REF ONLY MARLENE INFANTE,NOT LISTED,CPC1460741,POOLS BY QUALITY BUILDERS LLC,14261 SW 42 ST,MIAMI,33175,(305)223-2727
C2025087201,2025036407,2025035580,PLUM,R,ALTER - INTERIOR,SINGLE FAM RES-CLUST-ZERO LOT-TOWN HOUSE,LEGALIZE KITCHEN RE,PLUMBING,,4000,2025-04-07,2025-04-08,,,3059230201930,13219 SW 143 TER,MIAMI,FOCION OCAMPO &W,NOT LISTED,,OWNER,,MIAMI,,
C2025087200,2025036406,2025035580,ELEC,R,ALTER - INTERIOR,SINGLE FAM RES-CLUST-ZERO LOT-TOWN HOUSE,LEGALIZE KITCHEN RE,ELECTRICAL,,4000,2025-04-07,2025-04-08,,,3059230201930,13219 SW 143 TER,MIAMI,FOCION OCAMPO &W,NOT LISTED,,OWNER,,MIAMI,,
C2025075697,2025036385,0000000000,BLDG,R,ENT REPLACEMENT,SINGLE FAM RES-CLUST-ZERO LOT-TOWN HOUSE,LEGALIZE WINDOWS,WINDOWS,,500,2025-03-17,2025-04-08,2025-04-22,,3049090130170,15262 SW 11 ST,MIAMI,LUIS RODRIGUEZ,NOT LISTED,,OWNER,15262 SW 11 ST,MIAMI,,
C2025067853,2025036443,0000000000,BLDG,R,FENCE NOMASONRY,SINGLE FAM RES-CLUST-ZERO LOT-TOWN HOUSE,LEGALIZE DURAFENCE,FENCE,,1500,2025-02-28,2025-04-08,2025-08-25,,3040170270020,2815 SW 105 CT,MIAMI,IDELSYS ALFONSO,NOT LISTED,,OWNER,2815 SW 105 CT,MIAMI,,
M2025010355,2025036822,0000000000,MBLD,R,ADDITION - DETACHED,SINGLE FAM RES-CLUST-ZERO LOT-TOWN HOUSE,POOL LEGALIZATION,MUNICIPAL SWIMMING POOL,,15000,2025-02-27,2025-04-09,,,3660040042210,20131 CORAL SEA RD,MIAMI,CONSTANTINO R SUAREZ HERNANDEZ,NOT LISTED,CGC1504340,AMERIBUILT DEVELOPMENT CORPORATION,PO BOX 165023,MIAMI,33116,(305)567-1306
W2025089694,2025037703,2025028684,ELEC,R,ALTER - INTERIOR,SINGLE FAM RES-CLUST-ZERO LOT-TOWN HOUSE,LEGALIZE GARAGE-GYM,ELECTRICAL,,19000,2025-04-10,2025-04-11,2025-09-26,,3059200100720,15834 SW 147 ST,MIAMI,MAUREEN L RAMIREZ,NOT LISTED,EC13005942,"CARLY ELECTRICAL SERVICE\, INC",680 FLAGAMI BLVD,MIAMI,33144,(305)261-8077
C2025027264,2025037675,0000000000,BLDG,R,ADDITION - DETACHED,SINGLE FAM RES-CLUST-ZERO LOT-TOWN HOUSE,GAZEEBO LEGALIZE,BUILDING (COUNTY),,6000,2024-11-26,2025-04-11,,,3069020280800,18983 SW 135 AVE,MIAMI,SANDRA IVELISSE ROBLES,NOT LISTED,,OWNER,949 SW 122 AVE,MIAMI,,
C2025085056,2025037230,0000000000,BLDG,R,FENCE NOMASONRY,SINGLE FAM RES-CLUST-ZERO LOT-TOWN HOUSE,LEGALIZE GATE,FENCE,,350,2025-04-02,2025-04-10,2025-04-14,,3049280270190,15149 SW 59 ST,MIAMI,MARLENE SIERRA,NOT LISTED,,OWNER,15149 SW 59 ST,MIAMI,,
C2025085250,2025037225,0000000000,BLDG,R,ENCLOSE,SINGLE FAM RES-CLUST-ZERO LOT-TOWN HOUSE,LEGALIZATION TERRAC,METAL AWNG & SHUTR,,200,2025-04-03,2025-04-10,2025-05-06,,3040110150730,7158 SW 13 ST,MIAMI,VERONICA GARLOBO,NOT LISTED,CGC1511721,ANA I ALZATE STUDIO INC,915 NW 1 AVE #H2110,MIAMI,33136,(954)599-8434
C2025077329,2025037136,0000000000,BLDG,R,ALTER - EXTERIOR,SINGLE FAM RES-CLUST-ZERO LOT-TOWN HOUSE,LEGALIZE SHED,BUILDING (COUNTY),,1200,2025-03-19,2025-04-10,2025-05-19,05/19/2025,3031020071050,1172 NW 100 ST,MIAMI,MICHAEL ESCANDELL LLEDO,NOT LISTED,CGC1514279,JR CONSTRUCTION & CONSULTANT INC,10970 SW 73 ST,MIAMI,33186,(305)951-9452
C2025089110,2025037148,0000000000,MECH,R,ALTER - EXTERIOR,SINGLE FAM RES-CLUST-ZERO LOT-TOWN HOUSE,LEGALIZE AC/RELOCAT,A/C - UNLTD,HEATING,1500,2025-04-10,2025-04-10,2025-07-31,,3040160181350,9510 SW 26 DR,MIAMI,SERGIO FRANCISCO MORENO,NOT LISTED,,OWNER,,MIAMI,,
C2025067513,2025037318,0000000000,BLDG,R,FENCE NOMASONRY,SINGLE FAM RES-CLUST-ZERO LOT-TOWN HOUSE,LEGALIZE FENCE/GATE,FENCE,,500,2025-02-27,2025-04-10,2025-04-14,,3040080070280,1725 SW 97 PL,MIAMI,ALBERTO SUAREZ FERNANDEZ,NOT LISTED,,OWNER,1725 SW 97 PL,MIAMI,,
C2025084845,2025037517,0000000000,BLDG,R,FENCE NOMASONRY,SINGLE FAM RES-CLUST-ZERO LOT-TOWN HOUSE,FENCE LEGALIZATION,FENCE,,500,2025-04-02,2025-04-11,2025-06-13,,3069260220450,13201 SW 251 LN,MIAMI,SRP SUB LLC,NOT LISTED,CGC1505716,DMS CONTRACTORS LLC,19340 NE 18 COURT,MIAMI,33179,(786)256-1316
M2025012186,2025038053,0000000000,MBLD,R,ALTER - EXTERIOR,SINGLE FAM RES-CLUST-ZERO LOT-TOWN HOUSE,LEGALIZE PORCH,MUNICIPAL SUB-GENERAL BLDR,,3500,2025-03-26,2025-04-14,,,3421080102550,17220 NW 43 AVE,MIAMI,MAIKEL RODRIGUEZ HERNANDEZ,NOT LISTED,,OWNER,21701 SW 131 CT,MIAMI,,
C2025090948,2025038012,0000000000,ELEC,R,REPAIR,SINGLE FAM RES-CLUST-ZERO LOT-TOWN HOUSE,LEGALIZE FIXTURES,ELECTRICAL,,130,2025-04-14,2025-04-14,,,3078110230050,30604 SW 195 AVE,MIAMI,MARIA DEL CARMEN BEJERANO,NOT LISTED,,OWNER,30604 SW 195 AVE,MIAMI,,
C2025088873,2025037620,0000000000,BLDG,R,ALTER - EXTERIOR,SINGLE FAM RES-CLUST-ZERO LOT-TOWN HOUSE,LEGALIZE GARAGE DOR,GARAGE & INDUS DOOR,,2200,2025-04-09,2025-04-11,2025-04-15,,3059280050100,15385 SW 152 TER,MIAMI,CESAR F RIVERO &W MIRIAM,NOT LISTED,13BS00180,GARAGE DOOR SOLUTIONS CORP,10843 NW 29TH ST,DORAL,33172,(786)546-2879
C2025067937,2025037567,0000000000,BLDG,R,ALTER - EXTERIOR,SINGLE FAM RES-CLUST-ZERO LOT-TOWN HOUSE,GATE LEGALIZATION,FENCE,,850,2025-02-28,2025-04-11,2025-04-30,,3059100370190,14692 SW 113 ST,MIAMI,LYDDA JIMENEZ,NOT LISTED,,OWNER,14692 SW 113 ST,MIAMI,,
C2024090532,2025037597,0000000000,BLDG,R,ALTER - EXTERIOR,SINGLE FAM RES-CLUST-ZERO LOT-TOWN HOUSE,SHED LEGALIZATION,BUILDING (COUNTY),,4000,2024-04-08,2025-04-11,2025-06-12,06/12/2025,3050150030600,8540 SW 125 TER,MIAMI,SUNILDA HERERRA CASAS,NOT LISTED,,OWNER,6755 SW 53 ST,MIAMI,,
C2025051431,2025037581,0000000000,ZIPS,R,ALTER - EXTERIOR,SINGLE FAM RES-CLUST-ZERO LOT-TOWN HOUSE,AWNING LEGALIZATION,"AWNINGS\,CANOPIES & FABRIC COVERED FRAMEWORK\, RESIDENTIAL",,450,2025-01-24,2025-04-11,2025-05-14,,3069020250330,13183 SW 195 ST,MIAMI,MARIA EUGENIA OROZCO,NOT LISTED,,OWNER,13183 SW 195 ST,MIAMI,,
C2025090794,2025037979,2025034541,ELEC,C,ALTER - INTERIOR,WAREHOUSE,LEGALIZE PANEL RACK,ELECTRICAL,,15000,2025-04-14,2025-04-14,2025-04-30,,3030150010610,7880 NW 62 ST,MIAMI,COSTEX CORP,NOT LISTED,EC13008467,COMPLEX CIRCUIT ELECTRICAL SERVICES IN,13214 SW 40 TERRACE,MIAMI,33175,(305)226-8266
C2025083631,2025037541,0000000000,BLDG,R,ALTER - EXTERIOR,SINGLE FAM RES-CLUST-ZERO LOT-TOWN HOUSE,LEGALIZE WOOD DECK,BUILDING (COUNTY),,7000,2025-03-31,2025-04-11,2026-06-11,06/11/2026,3040230400130,4921 SW 71 PL,MIAMI,COREY DANIEL BLANCO,NOT LISTED,CGC1522313,CGP GROUP LLC,14350 SW 36 ST,MIAMI,33175,(305)987-2208
C2025039463,2025037627,0000000000,BLDG,R,ADDITION - DETACHED,SINGLE FAM RES-CLUST-ZERO LOT-TOWN HOUSE,LEGALIZE ADD/PORCH,BUILDING (COUNTY),WINDOWS,3000,2024-12-24,2025-04-11,2025-10-21,10/21/2025,3012320050560,1280 NE 208 TER,MIAMI,FERNANDO J VASQUEZ,NOT LISTED,,OWNER,1280 NE 208 TER,MIAMI,,
C2025045566,2025037797,0000000000,BLDG,C,ALTER - INTERIOR,5 UNITS OR MORE  - RESIDENTIAL,LEGALIZE REMODEL,GENERAL (COUNTY),,2000,2025-01-13,2025-04-14,2025-06-02,06/02/2025,3049270350190,6315 SW 138 CT             6315-5,MIAMI,MARIA K CHAVEZ,NOT LISTED,CGC1523480,DIRECT BUILDERS OF SOUTH FLORIDA INC,13330 SW 99 TER,MIAMI,33186,(786)301-2475
C2025080841,2025037905,2025032939,MECH,C,ALTER - EXTERIOR,INDUSTRIAL USES,LEGALIZE COMPRESOR,PRES/PROCESS/PIPE,U.F. PRESSURE VESSEL,2500,2025-03-26,2025-04-14,2025-08-04,,3040230120461,7350 SW 42 ST,MIAMI,GASTON V RODRIGUEZ TR,NOT LISTED,CMC1250914,GEO GENERAL CONTRACTOR INC,10784 SW 244TH TERRACE,HOMESTEAD,33032,(786)486-5816
C2025006268,2025038294,0000000000,BLDG,R,FENCE NOMASONRY,SINGLE FAM RES-CLUST-ZERO LOT-TOWN HOUSE,DURA FENCE LEGALIZE,FENCE,,1200,2024-10-16,2025-04-15,2025-05-27,,3079040040130,29100 ALABAMA RD,MIAMI,CHIMI GROUP INVESTMENT LLC J SOSA,NOT LISTED,CGC1528440,MTC GENERAL CONTRACTORS LLC,8305 WEST ATLANTIC BLVD,CORAL SRPINGS,33071,(708)278-3100
C2025062439,2025038292,0000000000,BLDG,R,ADDITION - DETACHED,SINGLE FAM RES-CLUST-ZERO LOT-TOWN HOUSE,SHED LEGALIZE,BUILDING (COUNTY),,1400,2025-02-18,2025-04-15,2025-09-08,09/08/2025,3079040040130,29100 ALABAMA RD,MIAMI,CHIMI GROUP INVESTMENT LLC,NOT LISTED,CGC1528440,MTC GENERAL CONTRACTORS LLC,8305 WEST ATLANTIC BLVD,CORAL SRPINGS,33071,(708)278-3100
C2025088335,2025038369,0000000000,ZIPS,R,ALTER - EXTERIOR,SINGLE FAM RES-CLUST-ZERO LOT-TOWN HOUSE,LEGALIZE PICKET FEN,"PICKET FENCES\, IRON AND OTHER NON-WIND RESISTANT FENCES",,2000,2025-04-09,2025-04-15,2025-05-13,,3050320041310,10066 W FERN ST,MIAMI,MARIO MIGUEL URIA GONZALEZ,NOT LISTED,,OWNER,16704 SW 99 CT,MIAMI,,
C2024081503,2025038147,0000000000,BLDG,C,ALTER - INTERIOR,WAREHOUSE,LEGALIZE VIOLATION,GENERAL (COUNTY),,40000,2024-03-20,2025-04-15,2026-03-30,,3031160096200,2747 NW 54 ST,MIAMI,2747 INVEST LLC,NOT LISTED,CGC058449,D N CONSTRUCTION COMPANY INC,669 W 14 ST,HIALEAH,33010,(305)888-3119
C2023169600,2025037829,0000000000,BLDG,R,ALTER - INTERIOR,SINGLE FAM RES-CLUST-ZERO LOT-TOWN HOUSE,LEGALIZATION/FENCE,BUILDING (COUNTY),FENCE,20000,2023-09-01,2025-04-14,2026-01-05,01/05/2026,3069010370040,12350 SW 193 ST,MIAMI,VICTOR M RODRIGUEZ,NOT LISTED,CGC1528172,PEREIRA QUALITY SERVICES INC,2455 W 72 PL,HIALEAH,33016,(786)281-1485
C2025087033,2025037901,0000000000,ZIPS,R,ALTER - EXTERIOR,SINGLE FAM RES-CLUST-ZERO LOT-TOWN HOUSE,LEGALIZE AWNING,"AWNINGS\,CANOPIES & FABRIC COVERED FRAMEWORK\, RESIDENTIAL",,1900,2025-04-07,2025-04-14,2025-04-15,,3040040780140,8733 SW 2 TER,MIAMI,LUIS A DIAZ &W ESLEEN,NOT LISTED,,OWNER,8733 SW 2 TER,MIAMI,,
C2025091120,2025038143,2024048639,PLUM,R,ADDITION - DETACHED,ADU/GUESTHOUSE,LEGALIZING ADU,PLUMBING,,5000,2025-04-15,2025-04-15,2026-04-08,,3031090060950,8430 NW 32 AVE,MIAMI,LESTER GONZALEZ &W ZULMA T RUIZ,NOT LISTED,,OWNER,2015 W FLAGLER ST,MIAMI,,
C2025042768,2025038133,0000000000,BLDG,R,FENCE NOMASONRY,SINGLE FAM RES-CLUST-ZERO LOT-TOWN HOUSE,LEGALIZE FENCE/GATE,FENCE,,2400,2025-01-07,2025-04-15,2025-08-22,,3022200022330,1490 NE 147 ST,MIAMI,JEAN DIEUDONNE ESTHER,NOT LISTED,CGC1509941,SOLUTIONS CAPITAL GROUP INC,666 NE 125 ST STE 243,NORTH MIAMI,33161,(786)449-9005
C2025076523,2025038346,0000000000,BLDG,R,ENCLOSE,SINGLE FAM RES-CLUST-ZERO LOT-TOWN HOUSE,LEGALIZE ALUM TERR,METAL AWNG & SHUTR,,1200,2025-03-18,2025-04-15,2025-06-27,,3079020180170,28103 SW 132 AVE,MIAMI,RAFAEL VIDAL GARCIA ALVAREZ,NOT LISTED,,OWNER,28103 SW 132 AVE,MIAMI,,
C2025087453,2025037892,0000000000,BLDG,R,ENT REPLACEMENT,SINGLE FAM RES-CLUST-ZERO LOT-TOWN HOUSE,WINDOW LEGALIZATION,WINDOWS,,1500,2025-04-08,2025-04-14,,,3049320110360,15918 SW 81 TER,MIAMI,MILITZA VAZQUEZ RODRIGUEZ,NOT LISTED,,OWNER,35 SW 114 AVE #105,MIAMI,,
C2025084747,2025037890,0000000000,BLDG,R,ENCLOSE,SINGLE FAM RES-CLUST-ZERO LOT-TOWN HOUSE,LEGALIZE TERRACE,METAL AWNG & SHUTR,,750,2025-04-02,2025-04-14,2025-07-28,,3059340180130,17708 SW 146 CT,MIAMI,OSVALDO HERNANDEZ/MAIDELYS DIAZ,NOT LISTED,,OWNER,17708 SW 146 CT,MIAMI,,
C2025050270,2025038104,0000000000,BLDG,R,ENT REPLACEMENT,SINGLE FAM RES-CLUST-ZERO LOT-TOWN HOUSE,LEGALIZATION,WINDOWS,SINGLE ENTRANCE DOOR,3000,2025-01-23,2025-04-15,2025-04-18,,3021070080550,4970 NW 170 ST,MIAMI,MADELIN TEY,NOT LISTED,,OWNER,4970 NW 170 ST,MIAMI,,
C2025092973,2025038961,0000000000,MECH,R,ALTER - EXTERIOR,SINGLE FAM RES-CLUST-ZERO LOT-TOWN HOUSE,LEGALIZE A/C,A/C - UNLTD,HEATING,7500,2025-04-17,2025-04-17,2025-04-24,,3050190014900,14401 LINCOLN BLVD,MIAMI,PEDRO SAINZ POLI,NOT LISTED,CAC1815906,UNIVERSAL GROUP INC,7228 NW 56 ST,MIAMI,33166,(305)887-5514
C2025093094,2025038948,2023028577,ELEC,R,ALTER - EXTERIOR,SINGLE FAM RES-CLUST-ZERO LOT-TOWN HOUSE,LEGALIZE GUEST HOUS,ELECTRICAL,,57000,2025-04-17,2025-04-17,2025-04-18,,3059300001560,16600 SW 174 AVE,MIAMI,ALBERTO RODRIGUEZ &W JUANA,NOT LISTED,,OWNER,16600 SW 174 AVE,MIAMI,,
C2025091754,2025038568,2025037627,MECH,R,ADDITION - DETACHED,SINGLE FAM RES-CLUST-ZERO LOT-TOWN HOUSE,LEGALIZE ADD  MECH,A/C - UNLTD,HEATING,3000,2025-04-15,2025-04-16,2025-08-19,,3012320050560,1280 NE 208 TER,MIAMI,FERNANDO J VASQUEZ,NOT LISTED,,OWNER,1280 NE 208 TER,MIAMI,,
C2025091598,2025038566,2025037627,PLUM,R,ADDITION - DETACHED,SINGLE FAM RES-CLUST-ZERO LOT-TOWN HOUSE,LEGALIZE ADD/PORCH,PLUMBING,,3000,2025-04-15,2025-04-16,2025-09-02,,3012320050560,1280 NE 208 TER,MIAMI,FERNANDO J VASQUEZ,NOT LISTED,,OWNER,1280 NE 208 TER,MIAMI,,
C2025090588,2025038408,2025022528,PLUM,R,ALTER - EXTERIOR,SINGLE FAM RES-CLUST-ZERO LOT-TOWN HOUSE,LEGALIZATION,PLUMBING,,10000,2025-04-14,2025-04-16,2025-04-18,,3021240051170,240 NW 148 ST,MIAMI,ARC 901 NE 127 ST VENTURE LLC,NOT LISTED,CFC1431166,TICK TOCK PLUMBING INC,17281 NW 53 CT,MIAMI,33055,(305)771-7900
C2025087438,2025038089,0000000000,BLDG,R,FENCE NOMASONRY,SINGLE FAM RES-CLUST-ZERO LOT-TOWN HOUSE,LEGALIZE DURAFENCE,FENCE,,4800,2025-04-08,2025-04-15,2026-06-01,,3059280290470,14805 SW 163 ST,MIAMI,ROBERT SCOTT FLEITES,NOT LISTED,,OWNER,14805 SW 163 ST,MIAMI,,
C2025056832,2025038666,0000000000,ELEC,C,REPAIR,5 UNITS OR MORE  - RESIDENTIAL,LEGALIZATION ELEC.,ELECTRICAL,,850,2025-02-05,2025-04-16,2025-09-03,,3049350180001,8520 SW 133 AVE RD,MIAMI,MARTHA RODRIGUEZ,NOT LISTED,17E000436,GO ELECTRICAL CONTRACTOR CORP,1218 SW 139 PL,MIAMI,33184,(786)280-0975
C2025071936,2025038083,0000000000,BLDG,R,ADDITION - DETACHED,SINGLE FAM RES-CLUST-ZERO LOT-TOWN HOUSE,LEGALIZATION SHED,BUILDING (COUNTY),,600,2025-03-07,2025-04-15,2025-08-23,08/25/2025,3068030000331,20005 SW 190 ST,MIAMI,NANCY J O BRIEN,NOT LISTED,,OWNER,20005 SW 190 ST,MIAMI,,
C2025085421,2025038558,0000000000,MECH,R,ALTER - INTERIOR,SINGLE FAM RES-CLUST-ZERO LOT-TOWN HOUSE,AC LEGALIZATION,A/C - UNLTD,HEATING,3500,2025-04-03,2025-04-16,2025-04-25,,3049220010270,13770 SW 53 TER,MIAMI,MAGDA CASTANO,NOT LISTED,,OWNER,13770 SW 53 TER,MIAMI,,
C2025086723,2025038496,0000000000,BLDG,R,ENT REPLACEMENT,SINGLE FAM RES-CLUST-ZERO LOT-TOWN HOUSE,WINDOW LEGALIZATION,WINDOWS,,1500,2025-04-07,2025-04-16,2025-11-17,,3040330060950,8741 SW 85 ST,MIAMI,JIMMY PROANO,NOT LISTED,,OWNER,35 SW 114 AVE #105,MIAMI,,
C2025068500,2025038557,0000000000,BLDG,R,FENCE NOMASONRY,SINGLE FAM RES-CLUST-ZERO LOT-TOWN HOUSE,FENCE LEGALIZATION,FENCE,,3500,2025-03-03,2025-04-16,2025-04-29,,3049220010270,13770 SW 53 TER,MIAMI,MAGDA CASTANO,NOT LISTED,,OWNER,13770 SW 53 TER,MIAMI,,
C2024034187,2025038431,0000000000,BLDG,R,ALTER - INTERIOR,SINGLE FAM RES-CLUST-ZERO LOT-TOWN HOUSE,LEGALIZATION,BUILDING (COUNTY),FENCE,5400,2023-12-12,2025-04-16,2026-05-05,,3020360060950,6262 NW 110 TER,MIAMI,EDUARDO E OTERO,NOT LISTED,CGC1524602,FCF CONSTRUCTION CORP,5370 PALM AVE SUITE 2,HIALEAH,33012,(305)820-9771
C2025091108,2025038422,2024048639,MECH,R,ADDITION - DETACHED,ADU/GUESTHOUSE,LEGALIZING ADU,A/C - UNLTD,HEATING,5000,2025-04-15,2025-04-16,2025-09-26,,3031090060950,8430 NW 32 AVE,MIAMI,LESTER GONZALEZ &W ZULMA T RUIZ,NOT LISTED,,OWNER,2015 W FLAGLER ST,MIAMI,,
C2025046138,2025038546,0000000000,BLDG,R,FENCE NOMASONRY,SINGLE FAM RES-CLUST-ZERO LOT-TOWN HOUSE,LEGALIZE DURA FENCE,FENCE,,1500,2025-01-14,2025-04-16,2026-01-29,,3050190020060,15111 POLK ST,MIAMI,ANA SERRANO PEREZ,NOT LISTED,,OWNER,35 SW 114 AVE # 105,MIAMI,,
C2025038435,2025038632,0000000000,BLDG,R,ADDITION - DETACHED,SINGLE FAM RES-CLUST-ZERO LOT-TOWN HOUSE,LEGALIZATION/SHED,BUILDING (COUNTY),,350,2024-12-20,2025-04-16,2025-07-08,07/08/2025,3079030011300,14470 SW 291 ST,MIAMI,LIANET SOSA,NOT LISTED,,OWNER,14470 SW 291ST STREET,MIAMI,,
C2025074023,2025038518,2024002814,BLDG,R,ADDITION - ATTACHED,SINGLE FAM RES-CLUST-ZERO LOT-TOWN HOUSE,LEGALIZE ADDITION,WINDOWS,,3500,2025-03-12,2025-04-16,2025-04-25,,3079070350110,16731 SW 298 TER,MIAMI,ACHIEL ALSINA,NOT LISTED,CGC1519125,TOP NOTCH GENERAL CONTRACTORS INC,21305 SW 238 ST,HOMESTEAD,33031,(786)487-0704
C2025091027,2025039216,0000000000,BLDG,R,ENT REPLACEMENT,SINGLE FAM RES-CLUST-ZERO LOT-TOWN HOUSE,LEGALIZE WIND/DOORS,WINDOWS,,1200,2025-04-14,2025-04-18,2025-05-08,,3059110090500,10909 SW 134 CT,MIAMI,SUSANA MARTIN,NOT LISTED,,OWNER,10909 SW 134 CT,MIAMI,,
C2025093788,2025039201,2025039144,ELEC,R,ALTER - INTERIOR,SINGLE FAM RES-CLUST-ZERO LOT-TOWN HOUSE,LEGALIZATIONS,ELECTRICAL,,1500,2025-04-18,2025-04-18,2025-05-23,,3050300000111,11270 SW 163 ST,MIAMI,ROLANDO MORALES,NOT LISTED,,OWNER,7818 NW 114 PATH,MIAMI,,
C2025089605,2025038835,0000000000,PLUM,R,ALTER - EXTERIOR,SINGLE FAM RES-CLUST-ZERO LOT-TOWN HOUSE,LEGALIZATION,POOL PIPING,,1500,2025-04-10,2025-04-17,2026-03-30,,3050090030010,11395 SW 88 AVE,MIAMI,11395 DEVELOPMENT GROUP LLC,NOT LISTED,CFC1431548,INFINITY AT YOUR SERVICE LLC,13233 SW 13 ST,MIAMI,33184,(786)443-9590
C2025081626,2025038834,0000000000,BLDG,R,ADDITION - DETACHED,SINGLE FAM RES-CLUST-ZERO LOT-TOWN HOUSE,LEGALIZE GAZEBO,BUILDING (COUNTY),,500,2025-03-27,2025-04-17,2025-05-30,05/30/2025,3049200420280,15962 SW 44 ST,MIAMI,DANILO PORTELLES GOENAGA,NOT LISTED,,OWNER,15962 SW 44 ST,MIAMI,,
C2025092570,2025038828,2025018045,ELEC,R,ALTER - EXTERIOR,SINGLE FAM RES-CLUST-ZERO LOT-TOWN HOUSE,LEGALIZATION,ELECTRICAL,,7900,2025-04-17,2025-04-17,2025-04-22,,3040110011370,7385 SW 19 STREET RD,MIAMI,YAIMAS ZAYAS,NOT LISTED,24E000147,PH QUALITY POWER INC,9983 SW 155TH ST,MIAMI,33157,(786)315-3067
C2025054587,2025039085,0000000000,BLDG,R,FENCE NOMASONRY,SINGLE FAM RES-CLUST-ZERO LOT-TOWN HOUSE,LEGALIZE 2 GATES,FENCE,,500,2025-01-31,2025-04-18,2025-06-10,,3069120231000,20150 SW 123 DR,MIAMI,OSMEL URRA ALVAREZ,NOT LISTED,,OWNER,20150 SW 123 DR,MIAMI,,
C2025076981,2025039062,0000000000,BLDG,R,ENT REPLACEMENT,SINGLE FAM RES-CLUST-ZERO LOT-TOWN HOUSE,LEGALIZE FRONT DOOR,WINDOWS,,1000,2025-03-18,2025-04-18,2025-04-22,,3049230310310,13360 SW 50 ST,MIAMI,DINIA VASQUEZ,NOT LISTED,,OWNER,13360 SW 50 ST,MIAMI,,
C2025080530,2025039197,2025010976,PLUM,R,ALTER - INTERIOR,SINGLE FAM RES-CLUST-ZERO LOT-TOWN HOUSE,LEGALIZE REMODELING,PLUMBING,,3500,2025-03-25,2025-04-18,2025-05-27,,3040171220020,2417 SW 99 CT              S,MIAMI,LILIA MARILIN LEON JIMENEZ,NOT LISTED,CFC1431166,TICK TOCK PLUMBING INC,17281 NW 53 CT,MIAMI,33055,(305)771-7900
C2025093106,2025038925,2023028578,ELEC,R,ALTER - EXTERIOR,SINGLE FAM RES-CLUST-ZERO LOT-TOWN HOUSE,LEGALIZE PORTICO,ELECTRICAL,,1900,2025-04-17,2025-04-17,2025-04-18,,3059300001560,16600 SW 174 AVE,MIAMI,ALBERTO RODRIGUEZ &W JUANA,NOT LISTED,,OWNER,16600 SW 174 AVE,MIAMI,,
C2025090501,2025038921,0000000000,ZIPS,R,ALTER - EXTERIOR,SINGLE FAM RES-CLUST-ZERO LOT-TOWN HOUSE,LEGALIZE FENCE,"PICKET FENCES\, IRON AND OTHER NON-WIND RESISTANT FENCES",,130,2025-04-14,2025-04-17,2025-04-18,,3031110410050,8135 NW 15 AVE,MIAMI,FRANK ERNESTO VALMANA,NOT LISTED,,OWNER,8135 NW 15 AVE,MIAMI,,
C2025073219,2025039134,0000000000,BLDG,R,ENCLOSE,SINGLE FAM RES-CLUST-ZERO LOT-TOWN HOUSE,LEGALIZE TERRACE,METAL AWNG & SHUTR,,4000,2025-03-11,2025-04-18,2025-06-04,,3069350250090,13272 SW 266 TER,MIAMI,ELDA MEDINA ESTRADA,NOT LISTED,,OWNER,13272 SW 266 TER,MIAMI,,
C2024093565,2025039185,0000000000,BLDG,R,ALTER - EXTERIOR,SINGLE FAM RES-CLUST-ZERO LOT-TOWN HOUSE,LEGALIZE TERRACE,BUILDING (COUNTY),,3200,2024-04-12,2025-04-18,2025-08-29,,3049040031210,1101 SW 155 AVE,MIAMI,HUMBERTO GUERRA,NOT LISTED,CGC1514279,JR CONSTRUCTION & CONSULTANT INC,10970 SW 73 ST,MIAMI,33186,(305)951-9452
C2025073202,2025039130,0000000000,BLDG,R,FENCE NOMASONRY,SINGLE FAM RES-CLUST-ZERO LOT-TOWN HOUSE,LEGALIZE  FENCE,FENCE,,4000,2025-03-11,2025-04-18,2025-06-04,,3069350250090,13272 SW 266 TER,MIAMI,ELDA MEDINA ESTRADA,NOT LISTED,,OWNER,13272 SW 266 TER,MIAMI,,
C2025022478,2025039117,0000000000,BLDG,R,ALTER - INTERIOR,SINGLE FAM RES-CLUST-ZERO LOT-TOWN HOUSE,LEGALIZATION,BUILDING (COUNTY),SINGLE ENTRANCE DOOR,12000,2024-11-18,2025-04-18,2026-01-30,01/30/2026,3049340090470,7313 SW 144 AVE,MIAMI,YUSIMY NUNEZ,NOT LISTED,,OWNER,13369 SW 42ND STREET,MIAMI,,
C2025091103,2025038888,2024048639,ELEC,R,ADDITION - DETACHED,ADU/GUESTHOUSE,LEGALIZING ADU,ELECTRICAL,,5000,2025-04-15,2025-04-17,2026-01-13,,3031090060950,8430 NW 32 AVE,MIAMI,LESTER GONZALEZ &W ZULMA T RUIZ,NOT LISTED,,OWNER,2015 W FLAGLER ST,MIAMI,,
C2025089931,2025039148,0000000000,BLDG,R,ENCLOSE,SINGLE FAM RES-CLUST-ZERO LOT-TOWN HOUSE,CARPORT LEGALIZAT,METAL AWNG & SHUTR,,1500,2025-04-11,2025-04-18,2025-08-26,,3031100590090,1750 NW 83 TER,MIAMI,MARIA ROSA TOBARES,NOT LISTED,,OWNER,133 NE 24 AVE,MIAMI,,
C2025025542,2025039144,0000000000,BLDG,R,ALTER - INTERIOR,SINGLE FAM RES-CLUST-ZERO LOT-TOWN HOUSE,LEGALIZATIONS,BUILDING (COUNTY),,1500,2024-11-22,2025-04-18,2025-05-28,05/28/2025,3050300000111,11270 SW 163 ST,MIAMI,ROLANDO MORALES,NOT LISTED,,OWNER,7818 NW 114 PATH,MIAMI,,
M2025011410,2025039280,0000000000,MBLD,C,ALTER - INTERIOR,APT BUILDING 3-4 UNITS,REMODEL LEGALIZE,MUNICIPAL GENERAL BUILDING,,222600,2025-03-13,2025-04-21,,,0141150121281,1856 SW 22 TER,MIAMI,22 TERRACE REALLY LLC,NOT LISTED,,OWNER,,,,
C2025092231,2025039923,2024063135,BLDG,R,ALTER - EXTERIOR,SINGLE FAM RES-CLUST-ZERO LOT-TOWN HOUSE,LEGALIZING ADDITION,"GRAVEL\, SBS\, SINGLE PLY\, ETC.",,5000,2025-04-16,2025-04-22,2025-04-24,,3040090082140,1000 SW 93 AVE,MIAMI,SONIA TILVES MORENO,NOT LISTED,,OWNER,1000 SW 93 AVE,MIAMI,,
C2025065957,2025039330,0000000000,BLDG,C,ALTER - EXTERIOR,5 UNITS OR MORE  - RESIDENTIAL,LEGALIZE DOOR/SHTTR,GENERAL (COUNTY),METAL AWNG & SHUTR,2500,2025-02-25,2025-04-21,2025-06-04,06/04/2025,3030550890530,10237 NW 9 STREET CIR      211-4,MIAMI,JORGE ALEJAND QUINTELA FERNANDEZ,NOT LISTED,CGC1532722,G PLUS G CONSTRUCTION LLC,1446 W 43 PL,HIALEAH,33012,(786)875-0843
C2025060958,2025039316,0000000000,BLDG,R,ENCLOSE,DUPLEX,LEGALIZE TERRACE,BUILDING (COUNTY),,5000,2025-02-13,2025-04-21,2025-10-06,10/06/2025,3040160022870,3920 SW 91 AVE,MIAMI,ERICK VALLE,NOT LISTED,,OWNER,3922 SW 91 AVE,MIAMI,,
C2025094019,2025039306,2025028322,ELEC,R,ALTER - INTERIOR,SINGLE FAM RES-CLUST-ZERO LOT-TOWN HOUSE,LEGALIZATION,ELECTRICAL,,8500,2025-04-21,2025-04-21,2025-05-07,,3049090042740,2066 SW 156 AVE,MIAMI,LAZARO BORMEY & MARIA M OLIVA,NOT LISTED,23E000255,PREI ELECTRIC & SECURITY SERVICES LLC,617 SW 95 CT,MIAMI,33174,(786)805-0779
C2024183192,2025039304,0000000000,BLDG,R,ALTER - INTERIOR,SINGLE FAM RES-CLUST-ZERO LOT-TOWN HOUSE,LEGALIZATION,BUILDING (COUNTY),WINDOWS,8500,2024-09-30,2025-04-21,2025-11-12,,3040320100490,8431 SW 102 CT,MIAMI,FRANKLIN HERNANDEZ,NOT LISTED,,OWNER,8431 SW 102 CT,MIAMI,,
C2025089050,2025039454,0000000000,BLDG,R,FENCE NOMASONRY,SINGLE FAM RES-CLUST-ZERO LOT-TOWN HOUSE,LEGALIZE FENCE/GATE,FENCE,,800,2025-04-10,2025-04-21,2025-04-23,,3059040650330,9576 SW 156 PL,MIAMI,MARY CEDANO LE,NOT LISTED,,OWNER,9576 SW 156 PL,MIAMI,,
M2025013392,2025039494,0000000000,MBLD,R,ALTER - EXTERIOR,SINGLE FAM RES-CLUST-ZERO LOT-TOWN HOUSE,LEGALIZE GARAGE,MUNICIPAL SUB-GENERAL BLDR,,40000,2025-04-11,2025-04-21,,,0420360112420,5355 W 8 AVE,MIAMI,AMAURY CASTILLO,NOT LISTED,,OWNER,,,,
C2025078748,2025039448,2025032093,ELEC,R,ADDITION - DETACHED,SINGLE FAM RES-CLUST-ZERO LOT-TOWN HOUSE,LEGALIZE SHED,ELECTRICAL,,1200,2025-03-21,2025-04-21,,,3021270120650,12540 NW 22 CT,MIAMI,JAVIER GONZALEZ,NOT LISTED,,OWNER,12540 NW 22 CT,MIAMI,,
C2025094272,2025039446,2025033015,ELEC,C,ALTER - EXTERIOR,APT BUILDING 3-4 UNITS,LEGALIZATION/DEMO,ELECTRICAL,,1200,2025-04-21,2025-04-21,2025-05-21,,3040020080840,407 GRAND CANAL DR,MIAMI,WALTER MACIAS TRS,NOT LISTED,EC13006292,OSCAR ELECTRIC COMPANY,4614 SW 134TH CT,MIAMI,33175,(305)207-4440
C2023115149,2025039421,0000000000,BLDG,R,ADDITION - ATTACHED,SINGLE FAM RES-CLUST-ZERO LOT-TOWN HOUSE,LEGALIZE TERRACE,BUILDING (COUNTY),,2100,2023-06-02,2025-04-21,2025-12-31,12/31/2025,3031040000140,2731 NW 93 ST,MIAMI,LEONIDA HERNANDEZ SOTO,NOT LISTED,,OWNER,2731 NW 93 ST,MIAMI,,
C2025092841,2025039417,0000000000,BLDG,R,ENCLOSE,SINGLE FAM RES-CLUST-ZERO LOT-TOWN HOUSE,TERRACE LEGALIZE,METAL AWNG & SHUTR,,550,2025-04-17,2025-04-21,2025-05-22,,3079040040130,29100 ALABAMA RD,MIAMI,CHIMI GROUP INVESTMENT LLC,NOT LISTED,CGC1528440,MTC GENERAL CONTRACTORS LLC,8305 WEST ATLANTIC BLVD,CORAL SRPINGS,33071,(708)278-3100
C2024040816,2025039403,0000000000,BLDG,R,ALTER - EXTERIOR,SINGLE FAM RES-CLUST-ZERO LOT-TOWN HOUSE,LEGALIZE CONVERSION,BUILDING (COUNTY),FENCE,20000,2023-12-27,2025-04-21,2026-03-23,03/23/2026,3031030142630,2433 NW 97 ST,MIAMI,FELIPE ORTEGA,NOT LISTED,,OWNER,2433 NW 97 ST,MIAMI,,
C2025088048,2025039593,0000000000,BLDG,R,ENT REPLACEMENT,SINGLE FAM RES-CLUST-ZERO LOT-TOWN HOUSE,LEGALIZE WINDOWS,WINDOWS,,3500,2025-04-08,2025-04-21,2025-05-19,,3049270230160,13909 SW 57 LN,MIAMI,EUGENIO BERMUDEZ GARCIA,NOT LISTED,,OWNER,13909 SW 57 LN,MIAMI,,
C2025020696,2025039352,0000000000,BLDG,R,ALTER - INTERIOR,SINGLE FAM RES-CLUST-ZERO LOT-TOWN HOUSE,LEGALIZATION,BUILDING (COUNTY),,75000,2024-11-14,2025-04-21,2026-08-20,08/20/2026,3040130183200,3929 SW 60 CT,MIAMI,60TH CT LLC,NOT LISTED,CGC1524940,SELECT GROUP CONTRACTOR LLC,1800 NW 135 AVE,MIAMI,33182,(786)272-5930
C2025080287,2025040119,0000000000,BLDG,R,ENCLOSE,SINGLE FAM RES-CLUST-ZERO LOT-TOWN HOUSE,LEGALIZE ALUM TERRC,METAL AWNG & SHUTR,,1500,2025-03-25,2025-04-23,2025-08-21,,3020010034730,5730 NW 200 ST,MIAMI,DANNY LLANES ALONSO,NOT LISTED,,OWNER,5730 NW 200 ST,MIAMI,,
C2025088972,2025040114,0000000000,BLDG,R,ENT REPLACEMENT,SINGLE FAM RES-CLUST-ZERO LOT-TOWN HOUSE,WINDOW LEGALIZATION,WINDOWS,,4000,2025-04-10,2025-04-23,2025-08-12,,3049140210100,13231 SW 27 ST,MIAMI,YORGEN ROJAS LE,NOT LISTED,CGC1536807,WAMVY CONSTRUCTION GROUP LLC,11530 SW 139 TER,MIAMI,33176,(786)554-7667
C2025095023,2025039741,2025038835,ELEC,R,ALTER - EXTERIOR,SINGLE FAM RES-CLUST-ZERO LOT-TOWN HOUSE,LEGALIZATION,SWIMMING POOLS,,1500,2025-04-22,2025-04-22,2026-01-21,,3050090030010,11395 SW 88 AVE,MIAMI,11395 DEVELOPMENT GROUP LLC,NOT LISTED,EC13011220,ALL ELECTRIC AP INC,3191 NW 18 ST,MIAMI,33125,(786)406-2980
C2024103139,2025039703,0000000000,ELEC,C,ALTER - EXTERIOR,WAREHOUSE,EXT OUTLET LEGALIZA,ELECTRICAL,,3000,2024-05-01,2025-04-22,2025-10-31,,3030230010131,5375 NW 74 AVE,MIAMI,AFE AIRPORT WEST LLC,NOT LISTED,EC13009281,FRANCAR ELECTRICAL CORPORATION,16012 SW 79 TERR,MIAMI,33193,(305)300-0462
C2025027124,2025039683,0000000000,BLDG,R,ALTER - INTERIOR,SINGLE FAM RES-CLUST-ZERO LOT-TOWN HOUSE,LEGALIZATION,BUILDING (COUNTY),FENCE,5000,2024-11-26,2025-04-22,2025-08-26,08/26/2025,3020090031480,8702 NW 170 TER,MIAMI,NOREHELIA CASTRO,NOT LISTED,,OWNER,8702 NW 170 TER,MIAMI,,
C2025076023,2025039668,0000000000,BLDG,R,FENCE NOMASONRY,SINGLE FAM RES-CLUST-ZERO LOT-TOWN HOUSE,LEGALIZED DURA FENC,FENCE,,3000,2025-03-17,2025-04-22,2025-07-29,,3031220230302,2253 NW 41 ST,MIAMI,2253 INVESTMENT LLC,NOT LISTED,CGC1528815,INFINITY AT YOUR SERVICE LLC,6955 NORTHWEST 77TH AVENUE STE310,MIAMI,33166,(954)330-2514
C2025094792,2025039641,2025013572,ELEC,R,ALTER - EXTERIOR,SINGLE FAM RES-CLUST-ZERO LOT-TOWN HOUSE,LEGALIZE DOOR,ELECTRICAL,,500,2025-04-22,2025-04-22,2025-05-06,,3068120000169,18295 SW 204 ST,MIAMI,HAROLD F SILVA,NOT LISTED,000011238,SCORPIO ELECTRIC INC,6855 SW 42 ST,MIAMI,331550000,(305)448-5856
C2025018084,2025040217,0000000000,BLDG,R,FENCE NOMASONRY,SINGLE FAM RES-CLUST-ZERO LOT-TOWN HOUSE,LEGALIZE DURAFENCE,FENCE,,2000,2024-11-07,2025-04-23,2025-05-28,,3050290320110,15443 SW 102 PL,MIAMI,GIOVANNI GUZMAN,NOT LISTED,,OWNER,15443 SW 102 PL,MIAMI,,
C2025019096,2025039778,0000000000,BLDG,R,FENCE NOMASONRY,DUPLEX,LEGALIZE DURA FENCE,FENCE,,1200,2024-11-12,2025-04-22,2026-02-27,,3031040038120,3051 NW 102 ST,MIAMI,MARIO A PINERO ZALDIVAR,NOT LISTED,,OWNER,3051 NW 102 ST,MIAMI,,
C2025067976,2025039775,2019061110,BLDG,R,RE-ROOF/REPAIR,SINGLE FAM RES-CLUST-ZERO LOT-TOWN HOUSE,SHINGLES LEGALIZE,ASPHALT (FIBERGLASS) SHINGLE ROOFS,,850,2025-02-28,2025-04-22,2025-10-08,,3022190000230,14840 NE 8 AVE,MIAMI,14840 NE 8TH AVE LLC,NOT LISTED,CCC1334537,USA ROOFING AND CONSTRUCTION INC,5900 STIRLING RD BAY 1,HOLLYWOOD,33021,(954)898-2550
C2025093816,2025039888,2025039185,BLDG,R,ALTER - EXTERIOR,SINGLE FAM RES-CLUST-ZERO LOT-TOWN HOUSE,LEGALIZE TERRACE,"GRAVEL\, SBS\, SINGLE PLY\, ETC.",,3200,2025-04-18,2025-04-22,2025-08-29,,3049040031210,1101 SW 155 AVE,MIAMI,HUMBERTO GUERRA,NOT LISTED,CGC1514279,JR CONSTRUCTION & CONSULTANT INC,10970 SW 73 ST,MIAMI,33186,(305)951-9452
C2025088109,2025040172,2025033678,ELEC,R,ADDITION - ATTACHED,SINGLE FAM RES-CLUST-ZERO LOT-TOWN HOUSE,LEGALIZE REAR ADD.,ELECTRICAL,,1500,2025-04-08,2025-04-23,2026-08-27,,3079090130250,14771 SW 298 TER,MIAMI,14771 SW 298 TER LLC,NOT LISTED,EC13005807,SUNSHINE ELECTRICAL CONTRACTORS CORP,1300 SW 85 ST,MIAMI,33144,(305)265-4958
C2023051115,2025040227,0000000000,BLDG,R,ALTER - EXTERIOR,SINGLE FAM RES-CLUST-ZERO LOT-TOWN HOUSE,REMODEL/LEGALIZE AD,BUILDING (COUNTY),FENCE,85000,2023-01-24,2025-04-23,,,3050150031290,12515 SW 85 AVENUE RD,MIAMI,12515 SW INVESTMENT LLC,NOT LISTED,CGC1505208,ONE STOP CONSTRUCTION INC,4214 SW 2 TERRACE,MIAMI,33134,(305)442-2799
C2025078976,2025040218,0000000000,BLDG,R,ADDITION - DETACHED,SINGLE FAM RES-CLUST-ZERO LOT-TOWN HOUSE,SHED LEGALIZATION,BUILDING (COUNTY),,1000,2025-03-21,2025-04-23,2025-05-06,05/06/2025,3050290320110,15443 SW 102 PL,MIAMI,GIOVANNI GUZMAN,NOT LISTED,,OWNER,15443 SW 102 PL,MIAMI,,
C2025092884,2025039941,0000000000,BLDG,R,ENT REPLACEMENT,SINGLE FAM RES-CLUST-ZERO LOT-TOWN HOUSE,WINDOWS LEGALIZE,WINDOWS,,300,2025-04-17,2025-04-23,2025-04-24,,3049210270390,14758 SW 43 WAY,MIAMI,MARIA TERESA GANDARA,NOT LISTED,,OWNER,14758 SW 43 WAY,MIAMI,,
C2024173459,2025039940,0000000000,BLDG,R,ENT REPLACEMENT,SINGLE FAM RES-CLUST-ZERO LOT-TOWN HOUSE,LEGALIZE WIND/DOOR,WINDOWS,STORM PANELS,1000,2024-09-10,2025-04-23,2025-06-17,,3021360290840,530 NW 116 ST,MIAMI,ORLANDO JOSE ARCE,NOT LISTED,,OWNER,530 NW 116 ST,MIAMI,,
C2025036510,2025039936,0000000000,BLDG,R,ADDITION - ATTACHED,SINGLE FAM RES-CLUST-ZERO LOT-TOWN HOUSE,LEGALIZE ADDITION,BUILDING (COUNTY),GARAGE & INDUS DOOR,12500,2024-12-17,2025-04-23,2026-02-03,,3050180142220,13338 SW 115 CT,MIAMI,RAYMEL CADAVID CHACON,NOT LISTED,,OWNER,13338 SW 115 CT,MIAMI,,
W2025096902,2025040542,2025032667,ELEC,R,ALTER - INTERIOR,DUPLEX,LEGALIZAR GARAGEAGE,ELECTRICAL,,8000,2025-04-24,2025-04-24,2025-05-16,,3069020300770,13612 SW 184 LN,MIAMI,BARBARA M RODRIGUEZ CHINEA,NOT LISTED,EC13014612,AMPE SERVICES AND REPAIRS INC DBA:AMPE,13110 NW 22 AVE,MIAMI,33167,(786)234-3278
C2025090911,2025040531,0000000000,BLDG,R,FENCE NOMASONRY,SINGLE FAM RES-CLUST-ZERO LOT-TOWN HOUSE,FENCE LEGALIZE,FENCE,,2500,2025-04-14,2025-04-24,2025-05-22,,3060060431440,17811 SW 115 AVE,MIAMI,MARIA VEGA,NOT LISTED,CGC1514279,JR CONSTRUCTION & CONSULTANT INC,10970 SW 73 ST,MIAMI,33186,(305)951-9452
C2024160487,2025040528,0000000000,BLDG,R,ADDITION - ATTACHED,SINGLE FAM RES-CLUST-ZERO LOT-TOWN HOUSE,LEGALIZE ADDITION,BUILDING (COUNTY),,7000,2024-08-13,2025-04-24,2026-08-13,,3040100130130,7845 SW 18 TER,MIAMI,GLADYS HERNANDEZ,NOT LISTED,,OWNER,7845 SW 18 TER,MIAMI,,
C2025086866,2025040391,0000000000,BLDG,R,ADDITION - DETACHED,SINGLE FAM RES-CLUST-ZERO LOT-TOWN HOUSE,SHED LEGALIZATION,BUILDING (COUNTY),,1000,2025-04-07,2025-04-24,2025-06-03,06/03/2025,3050320160840,10361 SW 184 ST,MIAMI,EMILIA R MOLINA,NOT LISTED,,OWNER,10361 SW 184 ST,MIAMI,,
C2025080680,2025040356,0000000000,BLDG,R,ADDITION - ATTACHED,SINGLE FAM RES-CLUST-ZERO LOT-TOWN HOUSE,LEGALIZE PORCH/TERR,BUILDING (COUNTY),,8500,2025-03-25,2025-04-24,2026-05-20,05/20/2026,3040150270020,8270 SW 39 ST,MIAMI,RAUL RAMIREZ APAULAZA,NOT LISTED,CGC1516770,"D CONSTRUCTION GROUP\, INC",4239 SW 157 CT,MIAMI,33185,(305)498-3930
C2025095694,2025040038,2025039134,ELEC,R,ENCLOSE,SINGLE FAM RES-CLUST-ZERO LOT-TOWN HOUSE,LEGALIZE TERRACE,ELECTRICAL,,4000,2025-04-23,2025-04-23,2025-06-03,,3069350250090,13272 SW 266 TER,MIAMI,ELDA MEDINA ESTRADA,NOT LISTED,,OWNER,13272 SW 266 TER,MIAMI,,
C2025095247,2025040093,0000000000,ELEC,R,ALTER - INTERIOR,SINGLE FAM RES-CLUST-ZERO LOT-TOWN HOUSE,ELEC LEGALIZATION,ELECTRICAL,,900,2025-04-22,2025-04-23,2025-10-10,,3040280050073,8930 SW 68 ST,MIAMI,POSADA HOMES LLC JOSE G. POSADA,NOT LISTED,97E000003,ELECTRICAL MASTERS INC,8962 SW 209 TERR,CUTLER BAY,33189,(786)387-8296
M2025012327,2025040009,0000000000,MBLD,R,ALTER - INTERIOR,DUPLEX,DUPLEX LEGALIZATION,MUNICIPAL SUB-GENERAL BLDR,,45000,2025-03-28,2025-04-23,,,0141100310140,1892 SW 16 ST,MIAMI,1892 SW 16TH ST LLC,NOT LISTED,CGC1516181,SERGE'S HOME INSPECTION INC,2040 NE 1 AVE,POMPANO BEACH,33060,(754)235-2020
C2025093118,2025041185,0000000000,BLDG,R,ENT REPLACEMENT,SINGLE FAM RES-CLUST-ZERO LOT-TOWN HOUSE,WINDOW LEGALIZATION,WINDOWS,,7500,2025-04-17,2025-04-28,2025-08-29,,3020010070480,19621 NW 57 CT,MIAMI,JESUS J SANTOS,NOT LISTED,,OWNER,19621 NW 57 CT,MIAMI,,
C2025079405,2025040867,0000000000,ZIPS,R,ALTER - EXTERIOR,SINGLE FAM RES-CLUST-ZERO LOT-TOWN HOUSE,LEGALIZE CANOPY,"AWNINGS\,CANOPIES & FABRIC COVERED FRAMEWORK\, RESIDENTIAL",,800,2025-03-24,2025-04-27,2025-05-07,,3049230070260,5004 SW 131 AVE,MIAMI,YANADELIS CRUZ & JUAN C LUGO,NOT LISTED,,OWNER,5004 SW 131 AVE,MIAMI,,
C2025008138,2025040788,0000000000,BLDG,R,FENCE NOMASONRY,SINGLE FAM RES-CLUST-ZERO LOT-TOWN HOUSE,LEGALIZE DURAFENCE,FENCE,,7500,2024-10-18,2025-04-25,2026-06-30,,3031160097171,2780 NW 60 ST,MIAMI,BIENVENIDO AVILA,NOT LISTED,,OWNER,13369 SW 42 ST,MIAMI,,
C2024152517,2025040803,0000000000,BLDG,R,ENCLOSE,SINGLE FAM RES-CLUST-ZERO LOT-TOWN HOUSE,LEGALIZE TERRACE,METAL AWNG & SHUTR,,1000,2024-07-31,2025-04-25,2025-08-15,,3050290090210,9991 SW 157 TER,MIAMI,YOSDANY GONZALEZ,NOT LISTED,,OWNER,9991 SW 157 TER,MIAMI,,
C2025088991,2025040292,0000000000,BLDG,R,FENCE NOMASONRY,SINGLE FAM RES-CLUST-ZERO LOT-TOWN HOUSE,FENCE LEGALIZE,FENCE,,5500,2025-04-10,2025-04-24,2025-05-16,,3040170170260,3341 SW 105 AVE,MIAMI,GRIZELLE RAMIREZ,NOT LISTED,,OWNER,3341 SW 105 AVE,MIAMI,,
C2025090434,2025040283,0000000000,BLDG,R,FENCE NOMASONRY,SINGLE FAM RES-CLUST-ZERO LOT-TOWN HOUSE,LEGALIZE FENCES,FENCE,,3000,2025-04-14,2025-04-24,2026-01-26,,3021340110370,1803 NW 114 ST,MIAMI,ORLANDO PEREDA &W,NOT LISTED,,OWNER,,MIAMI,,
C2025096971,2025040661,0000000000,ELEC,R,ALTER - EXTERIOR,SINGLE FAM RES-CLUST-ZERO LOT-TOWN HOUSE,LEGALIZATION,ELECTRICAL,,1600,2025-04-25,2025-04-25,2025-08-01,,3069260250160,13427 SW 261 LN,MIAMI,ORESTE MESA GONZALEZ,NOT LISTED,EC13009241,UNITED ELECTRICAL SERVICES INC,26453 SW 135 CT,HOMESTEAD,33032,(786)797-2188
M2025006203,2025040256,0000000000,MBLD,R,ADDITION - ATTACHED,SINGLE FAM RES-CLUST-ZERO LOT-TOWN HOUSE,LEGALIZE ADDITION,MUNICIPAL SUB-GENERAL BLDR,,118377,2024-12-27,2025-04-24,,,0141020065350,1370 SW 5 ST,MIAMI,JULIEN HARO,NOT LISTED,,OWNER,,,,
C2024183482,2025041409,0000000000,BLDG,C,ALTER - INTERIOR,WAREHOUSE/STORAGE,LEGALIZE GAS KILN,GENERAL (COUNTY),,4500,2024-09-30,2025-04-29,2026-01-06,01/06/2026,3030260070080,7301 NW 41 ST,MIAMI,ASU HOLDINGS LLC,NOT LISTED,CGC1512538,2 SCALE INC,9775 NW 49TH TERRACE,DORAL,33178,(786)200-7653
C2025072581,2025041373,0000000000,BLDG,R,ADDITION - DETACHED,SINGLE FAM RES-CLUST-ZERO LOT-TOWN HOUSE,LEGALIZE SHED,BUILDING (COUNTY),,2500,2025-03-10,2025-04-29,2025-07-16,07/16/2025,3079060050580,17001 SW 281 ST,MIAMI,ANGEL P REYES,NOT LISTED,,OWNER,11865 SW 26 ST,MIAMI,,
M2025001413,2025041140,0000000000,MBLD,C,ALTER - INTERIOR,WAREHOUSE,LEGALIZE REMODEL,MUNICIPAL GENERAL BUILDING,,15000,2024-10-22,2025-04-28,,,2230030540010,8200 NW 93 ST                5,MIAMI,SOUTH RIVER INDUSTRIAL LLC,NOT LISTED,,OWNER,,,,
C2025095482,2025041109,0000000000,ELEC,R,REPAIR,SINGLE FAM RES-CLUST-ZERO LOT-TOWN HOUSE,LEGALIZATION,ELECTRICAL,,300,2025-04-23,2025-04-28,,,3021270081080,12601 NW 19 AVE,MIAMI,JORGE L BELTRAN HUERTA,NOT LISTED,,OWNER,12601 NW 19 AVE,MIAMI,,
C2025022306,2025040983,0000000000,BLDG,R,FENCE NOMASONRY,SINGLE FAM RES-CLUST-ZERO LOT-TOWN HOUSE,FENCE LEGALIZATION,FENCE,,7200,2024-11-18,2025-04-28,2026-01-08,,3031210261880,2901 NW 43 TER,MIAMI,JOSE R PERES MENDOSA,NOT LISTED,CGC1526948,C4 ORION ENTERPRISES LLC,9369 FONTAINBLEAU BLVD,MIAMI,33172,(305)606-7619
C2025055798,2025041076,0000000000,BLDG,R,ENCLOSE,SINGLE FAM RES-CLUST-ZERO LOT-TOWN HOUSE,LEGALIZATION,METAL AWNG & SHUTR,,550,2025-02-03,2025-04-28,2025-05-12,,3050200190730,10371 SW 146 ST,MIAMI,ARMANDO PEREZ ALVAREZ,NOT LISTED,,OWNER,10371 SW 146TH STREET,MIAMI,,
