role,name,license,address,phone,legalization_jobs,top_scopes,permit_types,cities,first_issued,last_issued,examples
architect,FAUSTO GUERRERO,,,,10,addition 6; other 1; plumbing 1; electrical 1,BLDG 4; ELEC 2; MECH 2; PLUM 2,MIAMI,2025-01-29,2026-05-21,C2024147104 10901 SW 53 DR - LEGALIZE ADDITION | C2025053868 10901 SW 53 DR - LEGALIZE ADDITION | C2025053863 10901 SW 53 DR - LEGALIZE ADDITION
architect,ARSHAD VIQAR,,,,7,addition 5; other 1; windows/doors 1,BLDG 4; PLUM 1; ELEC 1; MECH 1,MIAMI,2025-10-06,2026-02-24,C2024038849 5501 SW 97 AVE - LEGALIZE ADDITION | C2026002860 5501 SW 97 AVE - LEGALIZE ADDITION | C2026002871 5501 SW 97 AVE - LEGALIZE ADDITION
architect,JULIO A CASTILLO P. E.,,,,5,addition 5,BLDG 1; MECH 1; ELEC 1; PLUM 1,MIAMI,2025-07-22,2026-02-02,C2024088560 19889 SW 236 ST - LEGALIZEINLAW QUART | C2026000699 19889 SW 236 ST - LEGALIZEINLAW QUART | C2026015206 19889 SW 236 ST - ELEC LEGALIZATIONRT
architect,MASOOD HAJALI,,,,4,roof 3; interior 1,BLDG 2; ELEC 1; MECH 1,MIAMI,2024-12-27,2026-01-26,C2024038512 2701 SW 142 AVE              53 - LEGALIZE ALUM ROOF | C2025040951 2701 SW 142 AVE              53 - LEGALIZE ALUM ROOF | C2025040950 2701 SW 142 AVE              53 - LEGALIZE ALUM ROOF
architect,CARLOS TILLAN,,,,4,addition 4,BLDG 3; ELEC 1,MIAMI,2025-05-12,2026-10-02,C2025094802 15322 SW 108 PL - LEGALIZE ADDITION | C2025108732 15322 SW 108 PL - LEGALIZE ADDITION | C2026128451 11840 SW 220 ST - LEGALIZE ADDITION
architect,MANUELA A VEGA,,,,4,interior 2; plumbing 1; electrical 1,BLDG 1; PLUM 1; ELEC 1; MECH 1,MIAMI,2026-05-11,2026-06-01,C2026044604 13935 SW 140 ST            326 - LEGALIZATION | C2026110870 13935 SW 140 ST            326 - LEGALIZATION | C2026110473 13935 SW 140 ST            326 - LEGALIZATION
architect,EDWARD SILVA,,,,4,interior 1; mechanical/AC 1; plumbing 1; electrical 1,BLDG 1; MECH 1; PLUM 1; ELEC 1,MIAMI,2026-05-14,2026-06-24,C2026064460 14540 SW 74 ST - LEGALIZATIONS | C2026126365 14540 SW 74 ST - LEGALIZATIONS | C2026126362 14540 SW 74 ST - LEGALIZATIONS
architect,JUAN C DAVID,,,,3,fence/wall 1; interior 1; electrical 1,BLDG 2; ELEC 1,MIAMI,2024-12-26,2026-03-22,C2025007552 15833 SW 60 TER - DURA FENCE LEGALIZE | C2025000817 5635 NW 74 AVE               5635 - LEGALIZATION DRYWAL | W2026079010 5635 NW 74 AVE               5635 - LEGALIZATION DRYWAL
architect,JUAN J FARACH,,,,3,other 2; addition 1,MBLD 2; BLDG 1,MIAMI,2025-03-04,2026-03-11,M2025007682 2040 SERVICE RD - LEGALIZATION | C2025081702 14310 SW 232 ST - LEGALIZE TERR/WINDW | M2026010190 11339 SW 6 ST - LEGALIZE ALTERATION
architect,CARL G FORBES,,,,3,windows/doors 3,BLDG 1; ELEC 1; MECH 1,MIAMI,2025-11-10,2025-12-16,C2025176467 160 NE 171 TER - LEGALIZE WIN/DOOR | C2026033421 160 NE 171 TER - LEGALIZE WIN/DOOR | C2026033414 160 NE 171 TER - LEGALIZE WIN/DOOR
architect,MARK BRAXTON,,,,3,electrical 1; other 1; mechanical/AC 1,ELEC 1; BLDG 1; MECH 1,MIAMI,2026-06-26,2026-06-26,C2026127765 20372 SW 130 CT - LEGALIZATION | C2026079234 20372 SW 130 CT - LEGALIZATION | C2026127608 20372 SW 130 CT - LEGALIZATION
architect,CHASE H GOODWIN,,,,3,interior 1; plumbing 1; mechanical/AC 1,BLDG 1; PLUM 1; MECH 1,MIAMI,2026-08-31,2026-09-04,C2026106118 10412 SW 138 PL - LEGALIZATIONS | C2026163089 10412 SW 138 PL - LEGALIZATIONS | C2026163078 10412 SW 138 PL - LEGALIZATIONS
architect,CARLOS FILLAN,,,,2,other 1; electrical 1,BLDG 1; ELEC 1,MIAMI,2025-07-02,2026-07-07,C2025100585 31480 SW 200 AVE - LEGALIZATION | C2026131221 31480 SW 200 AVE - LEGALIZATION
architect,5,,,,2,enclosure 2,BLDG 2,MIAMI,2025-08-12,2025-08-12,C2025148227 14104 SW 163 ST - LEGALIZE TERRACE | C2025148223 14104 SW 163 ST - LEGALIZE PERGOLA
architect,6,,,,2,other 1; electrical 1,BLDG 1; ELEC 1,MIAMI,2025-12-18,2026-04-21,C2025161182 14720 NW 15 DR - LEGALIZATION | C2026069494 14720 NW 15 DR - LEGALIZATION
architect,ALFREDO JULIEN,,,,2,fence/wall 2,BLDG 2,MIAMI,2025-12-22,2026-03-19,C2026000539 13635 JEFFERSON ST - LEGALIZE FENCE/GATE | C2026040187 425 NE 162 ST - LEGALIZE FENCE/GATE
architect,TOMAS HERNANDEZ,,,,2,other 1; electrical 1,BLDG 1; ELEC 1,MIAMI,2026-04-08,2026-09-28,C2022157865 8001 NW 14 PL - LEGALIZATION OF SFR | C2026169132 8001 NW 14 PL - LEGALIZATION OF SFR
architect,CONCEPT DESIGN STUDIO LLC,,,,2,enclosure 2,BLDG 1; ELEC 1,MIAMI,2026-04-14,2026-09-29,C2025073423 112 NW 158 ST - LEGALIZE GARAGE CON | C2026170400 112 NW 158 ST - LEGALIZE GARAGE CON
architect,"PGAL\, INC",,,,2,carport/canopy 2,BLDG 1; ELEC 1,MIAMI,2026-05-21,2026-06-04,C2026085567 2301 NW 37 AVE - DEMO UNSAFE CANOPY | W2026116963 2301 NW 37 AVE - DEMO UNSAFE CANOPY
architect,ROBERTO C TOTH,,,,2,addition 2,ELEC 1; PLUM 1,MIAMI,2025-08-26,2025-08-26,C2025162200 12895 SW 58 LN - ADDITION DETACHED | C2025161356 12895 SW 58 LN - PLUM AS PER PLANS
architect,CARLOS ALLAN,,,,1,windows/doors 1,ELEC 1,MIAMI,2024-10-16,2024-10-16,C2025006271 14520 SW 270 ST - EXT DOOR LEGALIZE
architect,GREGORY NEVILLE,,,,1,interior 1,MECH 1,MIAMI,2024-12-11,2024-12-11,C2025025465 7755 NW 178 ST - LEGALIZE INT ALT
architect,ARMANDO PEREZ,,,,1,fence/wall 1,BLDG 1,MIAMI,2025-01-14,2025-01-14,C2025009168 2744 NW 55 ST - LEGALIZE FENCE
architect,FELIX DAYAN GUERRA,,,,1,fence/wall 1,BLDG 1,MIAMI,2025-03-13,2025-03-13,C2025055360 27338 SW 121 AVE - LEGALIZE FENCE
architect,ARSHAD,,,,1,addition 1,BLDG 1,MIAMI,2025-04-03,2025-04-03,C2025055013 7836 SW 35 TER - LEGALIZE
architect,RODOLPHO TUCUNDUVA ASSAD,,,,1,other 1,BLDG 1,MIAMI,2025-06-04,2025-06-04,C2025068423 13612 NW 10 TER - LEGALIZATION
architect,JOSE A DOMINGUEZ,,,,1,addition 1,MBLD 1,MIAMI,2025-07-08,2025-07-08,M2025018357 4531 NW 196 ST - LEGALIZE ADDITION
architect,DETACHED SIGN-FOREST LAKES,,,,1,other 1,BLDG 1,MIAMI,2025-11-11,2025-11-11,C2025159947 16800 SW 88 ST - REPAIRS/LEGALIZATON
architect,DENNY CURBELO,,,,1,windows/doors 1,BLDG 1,MIAMI,2025-12-08,2025-12-08,C2026029295 8121 SW 104 ST - LEGALIZE WINDOWS/DR
architect,ANDRES NAVAS,,,,1,addition 1,BLDG 1,MIAMI,2025-12-29,2025-12-29,C2025017732 7365 NW 35 ST - LEGALIZE MEZZANINE
architect,8,,,,1,fence/wall 1,BLDG 1,MIAMI,2026-03-11,2026-03-11,C2026068229 14722 SW 143 TER - LEGALIZE DURA FENCE
architect,4,,,,1,mechanical/AC 1,MECH 1,MIAMI,2026-03-24,2026-03-24,C2026081501 800 NE 155 TER - AC CHANGE LEGALIZE
architect,MAYLER S PORRO,,,,1,windows/doors 1,BLDG 1,MIAMI,2026-04-15,2026-04-15,C2026089384 9302 SW 163 CT - WINDOW LEGALIZATION
architect,GULBERTO SUAREZ,,,,1,other 1,BLDG 1,MIAMI,2026-05-12,2026-05-12,C2025176017 3019 NW 87 ST - LEGALIZATIONS
architect,MAYLER S. PORRO VAZQUEZ,,,,1,interior 1,BLDG 1,MIAMI,2026-05-18,2026-05-18,C2026093625 9302 SW 163 CT - LEGALIZE MINI SPLIT
architect,JOSE MARTINEZ,,,,1,enclosure 1,BLDG 1,MIAMI,2026-06-22,2026-06-22,C2026100459 25051 SW 189 AVE - LEGALIZE ALUM ROOF
architect,CHLOE KEIDAISH,,,,1,interior 1,MBLD 1,MIAMI,2026-07-07,2026-07-07,M2026013601 8260 NW 27 ST                404 - LEGALIZATION
architect,JOSE A. MARANTE/AGENT,,,,1,fence/wall 1,BLDG 1,MIAMI,2026-09-17,2026-09-17,C2026153360 14860 NE 11 AVE - FENCE LEGALIZATION
engineer,ARCON ENGINEERING,,,,8,interior 2; plumbing 2; mechanical/AC 2; electrical 2,BLDG 2; PLUM 2; MECH 2; ELEC 2,MIAMI,2026-04-21,2026-05-19,C2025090958 512 NW 96 ST - INT REMODEL/LEGALIZ | C2025097680 512 NW 96 ST - LEGALIZATION 2ND BL | C2026106575 512 NW 96 ST - INT REMODEL/LEGALIZ
engineer,CALC ENGINEERING,,,,7,other 3; electrical 2; roof 2,BLDG 3; ELEC 2; MBLD 1; LPGX 1,HOMESTEAD; MIAMI,2025-04-04,2026-07-15,C2023162386 14211 SW 37 ST - GAZEBO LEGALIZATION | C2025118560 14211 SW 37 ST - GAZEBO LEGALIZATION | M2025013960 194 SW 2 ST - LEGALIZE CANVASROOF
engineer,ARSHAD VIQAR PE,,,,4,other 1; electrical 1; mechanical/AC 1; plumbing 1,BLDG 1; ELEC 1; MECH 1; PLUM 1,MIAMI,2024-11-06,2025-03-04,C2024079362 1160 NE 169 TER - LEGALIZE/CRPT ENCL | C2025069652 1160 NE 169 TER - LEGALIZE/CRPT ENCL | C2025069079 1160 NE 169 TER - LEGALIZE/CRPT ENCL
engineer,CALC ENGINEERING LLC,,,,3,other 1; electrical 1; fence/wall 1,BLDG 1; ELEC 1; MBLD 1,MIAMI,2024-12-18,2026-04-30,C2024149972 10233 NW 9 STREET CIR      205-1 - LEGALIZE BALCONY | C2025042772 10233 NW 9 STREET CIR        2051 - LEGALIZE BALCONY | M2026013789 10201 NW 58 ST               303 - INT. WALL LEGALIZE
engineer,CARLOS LOPEZ REYES PE,,,,1,fence/wall 1,BLDG 1,MIAMI,2024-12-27,2024-12-27,C2025035617 16420 SW 78 TER - LEGALIZE GATES
engineer,FINE LINE ENGINEERING INC,,,,1,interior 1,MMEC 1,MIAMI,2025-10-01,2025-10-01,M2025025175 133 W 23 ST - LEGALIZE EXHAUST
contractor,JR CONSTRUCTION & CONSULTANT INC,CGC1514279,10970 SW 73 ST MIAMI 33186,(305)951-9452,35,windows/doors 9; fence/wall 7; shed/accessory 6; other 5,BLDG 30; ZIPS 3; MBLD 2,MIAMI,2024-10-09,2026-09-24,C2024178084 13265 SW 53 ST - LEGALIZE FENCE | C2024166936 12220 SW 3 TER - LEGALIZE FENCE | C2024045989 12220 SW 3 TER - LEGALIZE CAR PORTS
contractor,INFINITY AT YOUR SERVICE LLC,CGC1528815,6955 NORTHWEST 77TH AVENUE STE310 MIAMI 33166,(954)330-2514,23,plumbing 7; fence/wall 5; addition 3; enclosure 2,PLUM 12; BLDG 10; MBLD 1,MIAMI,2024-10-15,2026-10-01,C2024124819 2253 NW 41 ST - LEGALIZE DURAFENCE | C2024141213 10253 NW 9 STREET CIR      106-6 - ENCLOSURE LEGALIZE | C2024181782 11730 NW 3 AVE - ADDITION LEGALIZE
contractor,COCHO INC,CCC1332892,8600 NW 36 AVE MIAMI 33147,(954)249-5536,21,roof 13; fence/wall 5; enclosure 2; other 1,BLDG 21,MIAMI,2024-12-23,2025-11-25,C2024098984 10229 NW 9 STREET CIR      210-2 - LEGALIZATION | C2026018074 10229 NW 9 STREET CIR      210-2 - LEGALIZATION | C2025029528 540 W PARK DR - DECK REPAIRS
contractor,SUNSHINE ELECTRICAL CONTRACTORS CORP,EC13005807,1300 SW 85 ST MIAMI 33144,(305)265-4958,20,electrical 14; addition 4; fence/wall 1; enclosure 1,ELEC 20,MIAMI,2024-11-12,2026-09-30,C2025018223 1710 SW 154 PATH - LEGALIZE CONVERSION | C2025017181 12480 NW 25 ST               115 - LEGALIZE ELEC PANEL | C2025032250 10461 SW 42 ST - LEGALIZE MINI SPLIT
contractor,MTC GENERAL CONTRACTORS LLC,CGC1528440,8305 WEST ATLANTIC BLVD CORAL SRPINGS 33071,(708)278-3100,19,fence/wall 6; roof 5; shed/accessory 3; addition 2,BLDG 18; ZIPS 1,MIAMI,2024-11-06,2026-09-14,C2024176102 7483 SW 82 ST              A301 - INTERIOR LEGALIZATI | C2024160651 2238 NW 93 TER - LEGALIZE DURAFENCE | C2025006268 29100 ALABAMA RD - DURA FENCE LEGALIZE
contractor,ENGINEERED SYSTEMS SOLUTIONS LLC,CGC1506880,7352 SW 41 ST MIAMI 33155,(305)986-2217,19,plumbing 4; electrical 3; mechanical/AC 3; windows/doors 2,BLDG 7; PLUM 5; ELEC 4; MECH 3,MIAMI,2025-01-13,2026-06-19,C2025015846 5925 SW 24 ST - INTERIOR AS BUILT | C2025078097 10972 NW 14 AVE            A 013 - LEGALIZATION INT | C2025078093 10972 NW 14 AVE            A 013 - LEGALIZATION INT
contractor,MULTITECH CORP,CGC1521915,10240 SW 56 ST 112A MIAMI 33165,(305)275-1229,17,windows/doors 11; addition 3; interior 1; pool/deck 1,BLDG 16; ZIPS 1,MIAMI,2024-11-08,2026-10-06,C2025016438 15925 SW 105 CT - LEGALIZE FRONT DOOR | C2024174461 30241 SW 156 AVE - EXT. DOOR LEGALIZE | C2025032184 6511 SW 109 CT - LEGALIZE TERRACE
contractor,BUILD PRO CONSTRUCTION INC,CGC1518469,960 N 73RD WAY HOLLYWOOD 33024,(786)740-2549,16,interior 4; mechanical/AC 3; addition 2; pool/deck 1,BLDG 7; PLUM 4; MECH 4; MBLD 1,MIAMI,2024-12-06,2026-09-15,C2024120511 18280 W DIXIE HWY - LEGALIZATION | C2025146649 29302 SW 193 CT - LEGALIZE WORK | C2025074984 19531 NE 22 AVE - LEGALIZE BALCONY
contractor,MPP GROUP CORP,CAC1820913,13233 SW 13 STREET MIAMI 33184,(786)443-9590,15,mechanical/AC 10; addition 3; other 1; enclosure 1,MECH 15,MIAMI,2024-11-12,2026-08-12,C2025013359 1710 SW 154 PATH - LEGALIZE CONVERSION | C2024166411 22538 SW 177 AVE - LEGALIZE A/C & MINI | C2025045050 3384 NW 52 ST - AC LEGALIZATIONLING
contractor,LEE GOLDSTEIN CONSTRUCTION INC,CBC052111,12325 SW 132 CT MIAMI 33186,(305)251-1500,15,fence/wall 13; other 2,BLDG 15,MIAMI,2026-05-22,2026-10-05,C2026085028 10755 SW 113 PL - LEGALIZE FENCE | C2026084186 11533 SW 109 RD - FENCE LEGALIZE | C2026084780 11541 SW 109 RD - LEGALIZE FENCE
contractor,CGP GROUP LLC,CGC1522313,14350 SW 36 ST MIAMI 33175,(305)987-2208,12,other 10; addition 1; fence/wall 1,BLDG 11; ZIPS 1,MIAMI,2024-10-29,2025-08-21,C2024172752 7060 SW 48 LN - LEGALIZE WOOD DECK | C2024165462 7023 SW 53 LN - LEGALIZE WOOD DECK | C2025008557 5215 SW 71 PL - LEGALIZE WOOD DECK
contractor,KEEP INVESTING LLC,CGC1533022,8820 SW 49 PL COOPER CITY 33328,(754)214-3336,12,addition 3; other 3; windows/doors 3; fence/wall 2,BLDG 11; ZIPS 1,MIAMI,2024-10-30,2026-04-29,C2024154318 14521 SW 291 ST - LEGALIZE SHED | C2023110124 3519 SW 113 PL - LEGALIZE BEDROOM | C2025011714 14324 SW 176 TER - LEGALIZE TERRACE
contractor,INNOVATIVE SOLUTIONS CONSTRUCTION INC,EC13005854,17431 NW 52 PL MIAMI 33055,(786)280-0755,12,electrical 7; interior 4; other 1,ELEC 7; BLDG 5,MIAMI,2025-03-27,2025-08-25,C2025077973 14860 NE 6 AVE - LEGALIZATION | C2025101868 781 NW 107 ST - LEGALIZE HVAC | C2025016260 15354 SW 115 TER - LEGALIZE CONV/GYM
contractor,J & J TELECOM & ELECTRIC INC,EC13006062,3325 GRIFFIN RD #194 FORT LAUDERDALE 33312,(954)864-9591,11,electrical 9; pool/deck 1; enclosure 1,ELEC 11,MIAMI,2024-10-28,2026-07-14,C2025012426 4180 NW 32 AVE - LEGALIZATION | C2025060549 18280 W DIXIE HWY - LEGALIZATION | C2025146654 29302 SW 193 CT - LEGALIZE WORK
contractor,REGOSA ENGINEERING SERVICES INC,CFC1427292,515 NE 139 ST MIAMI 33127,(786)262-2964,10,interior 3; windows/doors 2; plumbing 2; mechanical/AC 2,BLDG 5; PLUM 2; MECH 2; MBLD 1,MIAMI,2024-12-19,2026-09-18,C2024177616 13049 NW 9 TER - LEGALIZATION | C2025041686 8351 NW 177 ST - LEGALIZE GATE | C2025042029 8351 NW 177 ST - LEGALIZE FRONT DOOR
contractor,GEO GENERAL CONTRACTOR INC,CGC1528757,10784 SW 244 TER HOMESTEAD 33032,(786)486-5816,10,roof 3; other 3; mechanical/AC 1; plumbing 1,BLDG 6; MECH 3; PLUM 1,MIAMI,2024-12-27,2026-08-24,C2024038512 2701 SW 142 AVE              53 - LEGALIZE ALUM ROOF | C2025040950 2701 SW 142 AVE              53 - LEGALIZE ALUM ROOF | C2024181067 10241 NW 9 STREET CIR      206-5 - LEGALIZE BALCONY
contractor,JORDANY CONSTRUCTION CORP,CGC1530822,13990 SW 259 WAY HOMESTEAD 33032,(786)597-4758,9,other 3; fence/wall 2; windows/doors 1; shed/accessory 1,BLDG 7; MECH 1; MBLD 1,MIAMI,2025-02-14,2026-08-16,C2025059780 10951 SW 153 ST - LEGALIZATION | C2025059781 10951 SW 153 ST - LEGALIZATION | C2025130057 11747 SW 18 ST             3-33 - LEGALIZE FENCE
contractor,FIRST QUALITY ELECTRIC CORP,EC13004540,12740 COUNTRY SIDE TERR COOPER CITY 33330,(786)357-6081,8,electrical 4; addition 2; enclosure 1; carport/canopy 1,ELEC 8,MIAMI,2025-04-04,2026-07-22,C2025086152 6523 SW 162 PATH - LEGALIZING FIXTURES | C2025149902 18303 SW 143 PL - LEGALIZE LIGHT/OUTL | C2026011304 10045 SW 51 TER - LEGALIZE ADDITION
contractor,ACON BUILDERS GROUP LLC,CGC1516359,11173 NW 7 ST #102 MIAMI 33172,(305)335-6129,8,windows/doors 3; fence/wall 3; interior 1; other 1,BLDG 7; MBLD 1,MIAMI,2025-04-30,2026-05-22,M2025013563 990 SE 4 ST - LEGALIZATION | C2025125121 11741 SW 18 ST               6 - LEGALIZE FRENCHDOOR | C2026042317 1595 SW 122 AVE            4-11 - LEGALIZE DURA FENCE
contractor,AMERIBUILT DEVELOPMENT CORPORATION,CGC1504340,PO BOX 165023 MIAMI 33116,(305)567-1306,7,enclosure 2; windows/doors 1; other 1; pool/deck 1,BLDG 6; MBLD 1,MIAMI,2024-10-16,2026-05-18,C2024121696 10245 NW 9 STREET CIR      103-9 - LEGALIZE BALCONY | C2025021201 5206 SW 141 PL - LEGALIZE WINDOWS | C2024111236 15035 JACKSON ST - LEGALIZATIONS
contractor,PC DESIGN & CONSULTING INC,CGC1526889,2145 SW 89 PL MIAMI 33165,(954)646-6264,7,windows/doors 3; fence/wall 3; roof 1,BLDG 7,MIAMI,2024-12-10,2026-06-09,C2025032115 20050 SW 123 DR - LEGALIZATION | C2025036453 20104 SW 123 DR - LEGALIZATION | C2025042391 20101 SW 123 DR - LEGALIZATION ROOF
contractor,KEBOS ELECTRICAL UNLIMITED INC,EC13007551,5629 SW 5 TER MIAMI 33134,(786)280-0358,7,electrical 4; enclosure 2; addition 1,ELEC 7,MIAMI,2024-12-09,2026-03-18,C2025032015 14720 SW 107 TER - LEGALIZE WNDW/DRS/F | C2025056753 10249 NW 9 STREET CIR        1088 - LEGALIZE BALCO ENCL | C2025086407 10249 NW 9 STREET CIR        1018 - LEGALIZE BALCONY
contractor,FREELAND CONSTRUCTION GROUP INC,CGC058914,13500 SW 194 ST MIAMI 33177,(305)220-7891,7,fence/wall 3; windows/doors 2; shed/accessory 2,BLDG 7,MIAMI,2025-02-10,2026-08-24,C2025047887 16145 149 AVE - LEGALIZE DURE FENCE | C2025129488 18001 NW 47 CT - LEGALIZE DURA FENCE | C2025137221 18001 NW 47 CT - LEGALIZE WINDOWS
contractor,PRACTICALITY INC,CMC1250145,4921 NW 48 TH AVENUE COCONUT CREEK 33063,(954)369-8014,7,mechanical/AC 3; plumbing 3; electrical 1,MECH 3; PLUM 3; ELEC 1,MIAMI,2025-03-04,2026-05-19,C2025069652 1160 NE 169 TER - LEGALIZE/CRPT ENCL | C2025069079 1160 NE 169 TER - LEGALIZE/CRPT ENCL | C2025069291 1160 NE 169 TER - LEGALIZE/CRPT ENCL
contractor,SUNNY COAST BUILDERS INC,CGC1533142,1421 SW 107TH AVE 107 MIAMI 33171,(786)343-2059,7,fence/wall 3; addition 2; plumbing 1; interior 1,BLDG 4; PLUM 3,MIAMI,2025-03-06,2026-08-14,C2025070539 3519 SW 113 PL - LEGALIZE BEDROOM | C2026008706 13640 SW 34 ST - LEGALIZE GUESTHOUSE | C2026019068 5861 SW 152 CT - LEGALIZATION
contractor,ARIES LINKS LLC,CGC1516430,253 NW 45 AVE MIAMI 33126,(786)206-5775,7,fence/wall 2; other 2; shed/accessory 1; carport/canopy 1,BLDG 6; ZIPS 1,MIAMI,2025-04-04,2026-09-09,C2025082039 17830 SW 143 CT - LEGALIZE DEMO SHED | C2025093328 17931 NW 47 CT - LEGALIZE CARPORT | C2025131651 14517 SW 98 TER - LEGALIZATION
contractor,UNIVERSAL GROUP INC,CGC1517453,7228 NW 56TH ST MIAMI 33166,(305)887-5514,7,fence/wall 2; mechanical/AC 1; roof 1; enclosure 1,BLDG 5; MECH 1; MBLD 1,MIAMI,2025-04-17,2026-07-01,C2025092973 14401 LINCOLN BLVD - LEGALIZE A/C | C2024174193 2211 SW 122 CT - LEGALIZE FENCE | C2026029716 11600 SW 181 TER - LEGALIZE ROOF
contractor,ALARTECH INC,CGC053450,4050 SW 94 AVE MIAMI 33165,(305)986-3676,7,windows/doors 3; fence/wall 3; enclosure 1,BLDG 7,MIAMI,2025-07-12,2026-05-28,C2024122783 9842 SW 145 PL - LEGALIZE DOOR | C2025150512 2386 NW 96 ST - FENCE LEGALIZATION | C2026003645 2386 NW 96 ST - WINDOWS LEGALIZE
contractor,MARTIN L. DEVELOPMENT LLC,CBC1267747,226 CULTURAL PARK BLVD N CAPE CORAL 33909,(786)878-2978,7,fence/wall 3; windows/doors 2; interior 1; shed/accessory 1,BLDG 7,MIAMI,2025-08-08,2026-08-20,C2025120574 840 NW 106 AVE               4 - LEGALIZE FENCE | C2025116180 750 NW 106 AVE             8B5-1 - LEGALIZE FENCE | C2025099229 14195 SW 87 ST               B101 - WINDOW LEGALIZATION
contractor,MASTER REBUILDER OF FLORIDA INC,CCC1334870,8004 NW 154 ST UNIT 203 MIAMI LAKES 33016,(786)452-5627,6,fence/wall 3; other 1; interior 1; roof 1,BLDG 6,MIAMI,2024-10-18,2026-04-10,C2024156488 11932 SW 180 ST - LEGALIZE FENCE | C2024025165 2935 SW 102 AVE - LEGALIZATION | C2025086650 11775 SW 18 ST             4-36 - LEGALIZE DURA FENCE
contractor,KANTERAS CONSTRUCTION GROUP LLC,CGC1527371,2922 SW 118 CT MIAMI 33175,(305)506-0596,6,windows/doors 3; fence/wall 2; pool/deck 1,BLDG 5; ZIPS 1,MIAMI,2024-10-21,2025-03-26,C2024151329 10530 SW 177 ST - LEGALIZE CHAIN FENC | C2024151357 10530 SW 177 ST - LEGALIZE DURAFENCE | C2024173900 29100 ALABAMA RD - LEGALIZE WINDOWS
contractor,ARCHITECTURE PROJECT SOLUTIONS LLC,CGC1534315,7641 NW 115 CT MEDLEY 33178,(786)870-2480,6,enclosure 2; interior 2; fence/wall 1; other 1,BLDG 6,MIAMI,2024-10-22,2026-06-15,C2025003572 14630 S BISCAYNE RIVER DR - LEGALIZE ALUM ROOF | C2025003558 14630 S BISCAYNE RIVER DR - LEGALIZE GATE | C2025003776 18825 NW 48 PL - LEGALIZE ALUM ROOF
contractor,OROZ CONTRACTOR CORP,CGC1516322,8320 NW 7 STREET MIAMI 33126,(305)305-9479,6,fence/wall 4; interior 1; windows/doors 1,BLDG 6,MIAMI,2024-11-04,2025-11-17,C2024146216 10760 SW 63 ST - LEGALIZE FENCE/GATE | C2025060980 16813 SW 107 PL - LEGALIZ.METAL FENCE | C2025018040 10800 NW 106 ST              5/6 - INT LEGALIZATION
contractor,AMPEREZ ELECTRIC CORP,EC13013489,2233 CALAIS DR 41 E MIAMI BEACH 33141,(786)803-0003,6,electrical 5; roof 1,ELEC 6,MIAMI,2024-12-31,2025-10-01,C2025040951 2701 SW 142 AVE              53 - LEGALIZE ALUM ROOF | C2025042772 10233 NW 9 STREET CIR        2051 - LEGALIZE BALCONY | C2025053914 10241 NW 9 STREET CIR      206-5 - LEGALIZE BALCONY
contractor,ELECTRICAL MASTERS INC,97E000003,8962 SW 209 TERR CUTLER BAY 33189,(786)387-8296,6,electrical 5; pool/deck 1,ELEC 6,MIAMI,2025-04-23,2026-03-03,C2025095247 8930 SW 68 ST - ELEC LEGALIZATION | C2025093724 11901 SW 35 TER - LEGALIZE MINISPLIT | C2025128091 1950 NW 70 AVE - ELEC LEGALIZATION
contractor,AP WELDING AND STEEL MANUFACTURE CORP,CGC1516255,2330 W 80 ST BAY#7 HIALEAH 33016,(305)490-4168,6,fence/wall 4; other 1; interior 1,BLDG 6,MIAMI,2025-06-18,2026-07-23,C2025090025 3200 NW 49 ST - LEGALIZE FENCE | C2025101469 15782 SW 91 ST - LEGALIZE TERRACE | C2025168379 10690 NW 7 AVE - FENCE LEGALIZATION
contractor,ENVIROTECH ROOFING GROUP INC,CCC1328704,745 SW 98 PL CIR MIAMI 33174,(305)207-4993,6,roof 2; fence/wall 2; other 1; windows/doors 1,BLDG 5; ZIPS 1,MIAMI,2025-07-15,2026-08-14,C2025130067 800 NW 106 AVE - TILE ROOF LEGALIZE | C2026000183 21523 SW 124 PL - LEGALIZE DURA FENCE | C2026052530 16250 SW 109 AVE - LEGALIZE TRELLIS
contractor,A PLUS FLASH COOLING LLC,CGC1534197,17424 NW 63 CT HIALEAH 33015,(786)399-5113,6,mechanical/AC 3; other 2; fence/wall 1,BLDG 3; MECH 3,MIAMI,2025-11-26,2026-07-01,C2023149609 16000 NE 8 AVE - LEGALIZATION | C2026010318 9025 NW 12 AVE - LEGALIZE MINI SPLIT | C2026046556 16000 NE 8 AVE - LEGALIZATION
contractor,FARADAY ELECTRICAL CONTRACTOR INC,EC13007114,10640 LAGO WELLEBY DRIVE SUNRISE 33351,(954)980-6128,6,electrical 5; windows/doors 1,ELEC 6,MIAMI,2025-12-09,2026-06-23,C2026033421 160 NE 171 TER - LEGALIZE WIN/DOOR | C2026051683 20201 NE 15 AVE - LEGALIZE EXTREMODEL | C2026105431 512 NW 96 ST - INT REMODEL/LEGALIZ
contractor,RUDGE WOOD FLOORING INC,CGC1506495,2334 NW 78 ST MIAMI 33147,(786)346-4374,5,interior 2; shed/accessory 1; addition 1; other 1,BLDG 5,MIAMI,2024-12-06,2026-06-25,C2024122124 8145 NW 34 AVE - LEGALIZE SHED | C2024183345 8145 NW 34 AVE - LEGALIZE BATHROOM | C2025092364 9401 NW 33 AVE - LEGALIZE ADDITION
contractor,A & M ADVANCE GROUP INC,CGC1520420,2205 WEST 80 STREET BAY 2 HIALEAH 33016,(305)819-5555,5,fence/wall 2; shed/accessory 1; enclosure 1; windows/doors 1,BLDG 5,MIAMI,2024-12-10,2026-10-05,C2024149825 15165 SW 28 ST - LEGALIZE DURAFENCE | C2025070630 14825 SW 104 PL - SHED LEGALIZATION | C2026099262 8010 NW 172 ST - LEGALIZE GATES
contractor,CAIBAI CONSTRUCTION LLC,CGC058065,10876 SW 24 TERR MIAMI 33165,(786)229-2770,5,windows/doors 2; other 1; addition 1; fence/wall 1,BLDG 5,MIAMI,2025-01-31,2026-07-13,C2023181818 240 NW 148 ST - LEGALIZATION | C2022028510 8735 SW 118 ST - LEGALIZE GUEST HOUS | C2026013023 240 NW 148 ST - LEGALIZATION
contractor,UNITED STATES ASSOCIATION OF CDC INC,CGC1519528,1150 WILSHIRE CIR W PEMBROKE PINES 33027,(954)608-5677,5,other 1; interior 1; enclosure 1; addition 1,BLDG 5,MIAMI,2025-02-05,2026-09-02,C2024106245 27824 SW 129 PL - LEGALIZATION | C2025065320 1771 NE 146 ST - LEGALIZE VIOLATION | C2025179286 12451 SW 264 ST - LEGALIZE GARAGE CON
contractor,MADISON CONSULTING INC,CGC1508647,9660 SW 72 ST MIAMI 33173,(786)322-5884,5,windows/doors 5,BLDG 5,MIAMI,2025-03-06,2025-10-14,C2025068780 14185 SW 87 ST               A201 - LEGALIZE WIND-DOORS | C2025068815 14165 SW 87 ST               D205 - LEGALIZE WINDOWS | C2025071376 14150 SW 84 ST             108-I - LEGALIZE WINDOW
contractor,G PLUS G CONSTRUCTION LLC,CGC1532722,1446 W 43 PL HIALEAH 33012,(786)875-0843,5,windows/doors 2; interior 1; enclosure 1; other 1,BLDG 5,MIAMI,2025-03-06,2026-01-21,C2025063129 15465 SW 86 TER            102 - FLOOR LEGALIZATION | C2025065957 10237 NW 9 STREET CIR      211-4 - LEGALIZE DOOR/SHTTR | C2025121990 2951 NW 65 ST - LEGALIZE DOOR
contractor,J'S CONSTRUCTION & MANAGEMENT INC,CGC1530174,1745 E HALLANDALE HALLANDALE 33009,(786)984-2129,5,windows/doors 2; fence/wall 2; interior 1,BLDG 5,MIAMI,2025-06-26,2026-06-24,C2024073492 7741 SW 21 ST - LEGALIZATION | C2026032748 8949 NW 173 TER - LEGALIZE FRONT DOOR | C2026028663 14970 NW 10 PL - GATE LEGALIZE
contractor,OPJ CONSTRUCTIONS CORP,CGC1522532,3120 SW 124 CT MIAMI 33175,(786)356-7184,5,plumbing 2; other 1; interior 1; addition 1,BLDG 2; PLUM 2; MBLD 1,MIAMI,2025-08-01,2026-05-27,C2025116155 16271 SW 306 ST - LEGALIZATION | C2025099706 10465 SW 158 PL - LEGALIZATION | C2026079923 4750 SW 156 PL - LEGALIZATION
contractor,YLG CONSTRUCTION LLC,CFC1433384,10431 NW 35 PLACE MIAMI 33147,(305)457-7193,5,addition 2; interior 1; plumbing 1; other 1,BLDG 3; PLUM 2,MIAMI,2025-09-17,2026-04-11,C2024026275 30137 SW 158 PL - LEGALIZE INTERIOR | C2026023790 30137 SW 158 PL - LEGALIZE INTERIOR | C2026022830 30137 SW 158 PL - LEGALIZATION
contractor,PLP CONSTRUCTION GROUP INC,CGC1513035,18710 SW 107 AVE UNIT 30 MIAMI 33157,(786)351-0576,5,windows/doors 2; fence/wall 2; pool/deck 1,BLDG 5,MIAMI,2026-02-09,2026-05-18,C2026054158 14560 FILLMORE ST - LEGALIZE WINDOWS | C2026050716 14560 FILLMORE ST - LEGALIZE FENCE | C2025136920 20600 SAN SIMEON WAY - LEGALIZE POOL EQUIP
contractor,DESIGN PLUS CONSTRUCTION LLC,CGC1527715,5351 SW 4 ST CORAL GABLES 33134,(786)440-1333,4,enclosure 2; shed/accessory 1; fence/wall 1,BLDG 4,MIAMI,2024-10-17,2025-02-04,C2025000592 16140 SW 108 CT - LEGALIZE SHED | C2025000863 16140 SW 108 CT - LEGALIZE FENCE | C2025015533 14246 SW 164 TER - LEGALIZE TERR
contractor,ELTEC CONSTRUCTION & INVESTMENT LIQUID,CGC1517589,2400 NW 98 ST MIAMI 33147,(305)694-1080,4,other 1; windows/doors 1; shed/accessory 1; interior 1,BLDG 4,MIAMI,2024-10-30,2026-03-13,C2024091089 901 NW 116 ST - REMODELLEGALIZATION | C2025129300 901 NW 116 ST - LEGALIZED WINDOWS | C2025149404 10940 SW 47 TER - SHED LEGALIZE
contractor,CITY CONNECTION AIR CONDITIONING REFRI,CAC1816558,10304 SW 130 CT MIAMI 33186,(305)380-7217,4,mechanical/AC 4,MECH 4,MIAMI,2024-11-04,2025-01-29,C2025015596 9121 SW 88 ST - LEGALIZE | C2025047257 10237 NW 9 STREET CIR      107-4 - LEGALIZE AC | C2025052839 10233 NW 9 STREET CIR   106-1 - LEGALIZE AC CHANGE
contractor,METRO ELECTRIC SERVICE INC,EC13002723,15050 NE 20 AVE MIAMI 33181,(305)725-2989,4,electrical 2; pool/deck 1; enclosure 1,ELEC 4,MIAMI,2024-11-06,2026-08-05,C2025015503 10461 SW 42 ST - LEGALIZE POOL | C2025111034 10461 SW 42 ST - LEGALIZE ALUM TERR | C2025114521 12059 SW 117 CT - LEGALIZE LINEAR FEE
contractor,ANA I ALZATE STUDIO INC,CGC1511721,915 NW 1 AVE #H2110 MIAMI 33136,(954)599-8434,4,windows/doors 1; interior 1; other 1; enclosure 1,BLDG 4,MIAMI,2024-12-17,2025-04-10,C2025008371 15841 SW 60 TER - LEGALIZE DOOR | C2024172330 536 NW 95 ST - LEGALIZATION | C2024170795 407 GRAND CANAL DR - LEGALIZATION
contractor,CPS ELECTRIC INC,EC13005401,1600 NW 28TH AVE MIAMI 33125,(305)962-9742,4,electrical 3; addition 1,ELEC 4,MIAMI,2025-01-03,2025-09-26,C2025041654 2114 SW 98 AVE - LEGALIZE AC SPLIT | W2025044669 11270 SW 40 ST - LEGALIZE ADDITION | W2025138080 11270 SW 40 ST - LEGALIZE GAZEBO
contractor,BLLAM 1 LLC DBA:BLLAM CONSTRUCTION LLC,CGC1530479,12675 S DIXIE HWY UNIT 202 MIAMI 33156,(786)449-9071,4,addition 1; fence/wall 1; pool/deck 1; shed/accessory 1,BLDG 4,MIAMI,2025-01-03,2025-12-04,C2024009555 19800 SW 180 AVE 275 - LEGALIZATION | C2025017290 8260 NW 13 AVE - LEGALIZE FENCE | C2023083806 20235 SW 172 AVE - LEGALIZE POOL
contractor,G.M.L. CONSTRUCTION INC,CGC1527901,1000 NORTHWEST 30TH COURT MIAMI 33125,(786)704-4198,4,mechanical/AC 1; addition 1; interior 1; fence/wall 1,MECH 1; PLUM 1; MBLD 1; BLDG 1,MIAMI,2025-01-07,2025-09-23,C2025043156 14720 SW 107 TER - LEGALIZE WNDW/DRS/F | C2025120266 7949 NW 196 TER - LEGALIZE TERRACE | M2025018978 3821 NW 208 ST - LEGALIZATION
contractor,YANMART CONSTRUCTION CORP,CGC1514427,1311 W 34TH ST HIALEAH 33012,(786)247-1182,4,other 3; fence/wall 1,BLDG 3; LPGX 1,MIAMI,2025-01-07,2026-04-08,C2025042750 4229 SW 138 CT - LEGALIZATION | C2024147510 5305 SW 137 CT - LEGALIZATION | C2026064132 6505 SW 107 AVE - LEGALIZATION
contractor,SOUFFRONT CONSTRUCTION INC,CGC1524932,135 WESTON ROAD SUITE 163 WESTON 33326,(786)600-3750,4,addition 1; fence/wall 1; interior 1; other 1,BLDG 4,MIAMI,2025-01-23,2025-05-16,C2025031880 11010 SW 142 PL - LEGALIZE TERRACE | C2025025512 11010 SW 142 PL - LEGALIZE METAL FENC | C2025026232 7300 NW 41 ST - LEGALIZE INTERIOR
contractor,AA MASTERS MECHANICAL AIR MOVING AND E,CAC057226,500 NW 94 ST MIAMI 33150,(305)244-0667,4,mechanical/AC 3; interior 1,MECH 4,MIAMI,2025-02-06,2026-05-22,C2025057102 13985 SW 20 ST - LEGALIZATION | C2025086493 2511 NW 65 ST - LAUNDRY LEGALIZATIO | C2025104850 11871 SW 18 ST               1-28 - LEGALIZE AC
contractor,GENEREVE CONSTRUCTION LLC,CMC1251090,2980 NE 207 ST STE 300 AVENTURA 33680,(305)504-6823,4,interior 2; mechanical/AC 1; addition 1,MECH 3; LPGX 1,MIAMI,2025-02-06,2026-08-10,C2025030691 7201 SW 84 CT - INT LEGALIZE REMODE | C2025057443 7201 SW 84 CT - INT LEGALIZE REMODE | C2025162980 10265 SW 175 ST - LEGALIZATION
contractor,HOME SERVICE BUILDERS CORP,CGC1530522,20100 SW 114 CT MIAMI 33189,(786)612-6202,4,other 3; windows/doors 1,BLDG 4,MIAMI,2025-02-19,2026-07-08,C2025029649 15540 SW 115 TER - LEGALIZE WINDOWS/D | C2025176017 3019 NW 87 ST - LEGALIZATIONS | C2024168419 6801 SW 81 ST - LEGALIZATION
contractor,CABALLEIRO'S CORP,CGC1515142,13500 SW 250TH ST HOMESTEAD 33092,(786)443-3548,4,pool/deck 3; windows/doors 1,PLUM 3; BLDG 1,MIAMI,2025-03-14,2025-12-17,C2024049776 9055 SW 73 CT - LEGALIZE POOL EQUIP | C2025021791 9065 S DADELAND BLVD - LEGALIZE POOL EQUIP | C2025021793 9065 S DADELAND BLVD - LEGALIZE POOL EQUIP
contractor,GLEZ ELECTRICAL CORP,EC13007197,8132 NW 68TH TERRACE TAMARAC 33321,(305)781-6179,4,electrical 2; pool/deck 2,ELEC 4,MIAMI,2025-03-26,2026-07-30,C2025080285 2417 SW 99 CT                S - LEGALIZE REMODELING | C2025164776 22300 SW 162 AVE - SPA EQUIP LEGALIZAT | C2026075882 11350 SW 250 TER - LEGALIZATION
contractor,PEREIRA QUALITY SERVICES INC,CGC1528172,2455 W 72 PL HIALEAH 33016,(786)281-1485,4,fence/wall 2; addition 1; interior 1,BLDG 3; MBLD 1,MIAMI,2025-04-14,2026-04-13,C2023169600 12350 SW 193 ST - LEGALIZATION/FENCE | M2025015570 7910 NW 25 ST                100A - LEGALIZE WALL PARTI | C2024041995 2701 SW 142 AVE        2717  2753 - LEGALIZE ALUM ROOF
contractor,SOLUTIONS CAPITAL GROUP INC,CGC1509941,666 NE 125 ST STE 243 NORTH MIAMI 33161,(786)449-9005,4,interior 3; fence/wall 1,BLDG 4,MIAMI,2025-04-15,2026-04-21,C2025042768 1490 NE 147 ST - LEGALIZE FENCE/GATE | C2025111723 11675 NW 7 AVE - LEGALIZE INTERIOR | C2025090958 512 NW 96 ST - INT REMODEL/LEGALIZ
contractor,CHICO'S CONTRACTORS INC,CFC1432271,25145 SW 144 AVE PRINCETON 33032,(786)853-5897,4,windows/doors 1; interior 1; fence/wall 1; plumbing 1,BLDG 3; PLUM 1,MIAMI,2025-05-09,2026-05-01,C2025059763 2421 NE 183 ST - LEGALIZATION | C2026002224 2470 NW 131 ST - LEGALIZE KITCHEN | C2025112367 1405 SW 122 AVE              1313 - LEGALIZED FENCE
contractor,SLAZAR CONSTRUCTION INC,CFC1427198,10381 SW 138 COURT MIAMI 33173,(305)412-6355,4,windows/doors 1; addition 1; interior 1; plumbing 1,PLUM 2; BLDG 1; MBLD 1,MIAMI,2025-05-29,2026-03-04,C2025095517 14150 SW 84 ST               406I - LEGALIZE WINDOWS | C2026055493 335 NE 114 ST - LEGALIZE ADDIATION | M2026008383 1110 NW 50 ST - CONVERSION/ LEGALIZ
contractor,AP WELDING AND STEEL MANUFACTURER CORP,CFC1429441,2330 WEST 80TH STREET BAY #7 HIALEAH 33012,(305)825-3314,4,plumbing 3; pool/deck 1,PLUM 4,MIAMI,2025-06-13,2026-08-24,C2025121678 12221 SW 191 TER - LEGALIZATION | C2026109433 6940 NW 74 ST              6940 - LEGALIZATIONS | C2026144122 16352 SW 62 TER - POOL EQUIP LEGALIZE
contractor,D AIR CONDITIONING COMPANY,CMC1250391,990 NW 126TH PATH MIAMI 33182,(786)390-1532,4,mechanical/AC 3; addition 1,MECH 4,MIAMI,2025-06-30,2026-06-01,C2025126084 6995 NW 43 ST - LEGALIZATION | C2025176781 10227 NW 9 ST CIR            3 - LEGALIZATION | C2025175774 10253 NW 9 ST CIR            6 - LEGALIZATION
contractor,DDI MANAGEMENT CONSTRUCTION & ENGINEER,CFC1429567,4718 SW 74 AVE MIAMI 33155,(305)567-9004,4,plumbing 4,PLUM 4,MIAMI,2025-07-08,2025-08-04,C2025122803 14870 NE 6 AVE             6F - LEGALIZATION | C2025133530 14860 NE 6 AVE             2A - LEGALIZATION | C2025150813 14870 NE 6 AVE               1F - LEGALIZATION
contractor,BETTER INVESTMENTS LLC,CGC1534893,5900 SW 85 AVE MIAMI 33143,(305)206-2434,4,fence/wall 2; addition 1; other 1,BLDG 4,MIAMI,2025-07-31,2026-02-26,C2025141644 7240 SW 58 ST - FENCE LEGALIZATION | C2025155763 12903 SW 51 ST - LEGALIZE FENCE | C2026015943 12903 SW 51 ST - ADD LEGALIZE
contractor,M V ELECTRICAL SERVICES INC,EC13005608,18311 NW  82 CT MIAMI 33015,(305)216-0677,4,electrical 4,ELEC 4,MIAMI,2025-09-18,2026-09-18,C2025174096 13049 NW 9 TER - LEGALIZATION | C2026000948 4840 NW 183 ST               110 - LEGALIZATIONS | C2026154073 9411 NW 22 AVE - LEGALIZE ALT INT
contractor,AMBUCON INC,CFC1427116,10440 SW 170 STREET MIAMI 33157,(786)222-6711,4,other 1; fence/wall 1; mechanical/AC 1; plumbing 1,BLDG 2; MECH 1; PLUM 1,MIAMI,2025-10-08,2026-07-06,C2025030519 1735 SW 87 PL - LEGALIZE EXT WORK | C2025138892 3021 NW 30 ST - LEGALIZE ALUM PICKT | C2026099583 1735 SW 87 PL - LEGALIZE EXT WORK
contractor,LUKE & SONS CONSTRUCTION INC,CGC027758,5895 SW 32 ST MIAMI 33155,(305)360-2836,4,windows/doors 2; fence/wall 1; carport/canopy 1,BLDG 4,MIAMI,2025-12-15,2026-09-30,C2026027103 30332 SW 152 PL - LEGALIZE FENCE | C2026056101 12905 SW 49 ST - LEGALIZE WINDOWS | C2026092825 5282 NW 72 AVE               2 - LEGALIZE CANOPY
contractor,SKYPE ELECTRIC INC,EC13007279,5355 WEST 8TH AVENUE HIALEAH 33012,(305)557-2521,4,interior 3; electrical 1,ELEC 4,MIAMI,2026-03-04,2026-08-27,C2026061473 650 NE 185 ST - LEGALIZATIONS | C2026101138 650 NE 185 ST - LEGALIZATIONS | C2026138488 650 NE 185 ST - LEGALIZATIONS
contractor,"ROYALTY'S CHOICE CONTRACTOR\, INC",CGC1538414,7851 NW 174 TER HIALEAH 33015,(305)619-9949,4,enclosure 2; windows/doors 1; fence/wall 1,BLDG 4,MIAMI,2026-04-16,2026-09-21,C2026085353 8037 NW 11 AVE - LEGALIZ.WIND-DOORS | C2026085582 10545 NW 34 AVE - LEGALIZE PERGOLA | C2026145859 10000 NW 5 LN              10000 - LEGALIZE GATES
contractor,M & M ELECTRICAL CONTRACTOR INC,CGC1539262,11401 SW 53 TERR MIAMI 33165,(786)263-1667,4,other 2; electrical 1; enclosure 1,BLDG 3; ELEC 1,MIAMI,2026-04-17,2026-07-13,C2026004068 6262 NW 110 TER - LEGALIZATION | C2026076226 6241 SW 148 CT - LEGALIZATION | C2026073999 6241 SW 148 CT - SCUPPER LEGALIZA
contractor,MIAMI BEACH CONSTRUCTION SERVICES LLC,CGC1536959,910 JEFFERSON AVE 5E MIAMI BEACH 33139,(786)543-6604,4,windows/doors 2; fence/wall 1; shed/accessory 1,BLDG 4,MIAMI,2026-04-29,2026-07-16,C2026094658 19852 NW 78 AVE - LEGALIZE WINDOWS/DR | C2026092974 19833 NW 78 AVE - LEGALIZE ENTR DOOR | C2026093896 19852 NW 78 AVE - LEGALIZE FENCE
contractor,ALES GROUP INC,CGC1522537,994 SW 69 AVE MIAMI 33144,(305)262-1388,3,interior 3,MBLD 3,MIAMI,2024-10-11,2024-10-30,M2024005637 7735 NW 64 ST                2B - LEGALIZATION | M2024005643 7735 NW 64 ST              1B - LEGALIZATION IDUST | M2024005635 7735 NW 64 ST              3B - LEGALIZATION
contractor,AA MASTERS CONSTRUCTION DEVELOPMENT AN,CCC1332215,500 NW 94TH STREET MIAMI 33150,(305)244-0667,3,other 2; roof 1,BLDG 3,MIAMI,2024-11-14,2025-10-03,C2024151463 2511 NW 65 ST - LAUNDRY LEGALIZATIO | C2025101179 12830 NW MIAMI CT - RE ROOF-LEGALIZE | C2025146608 2511 NW 65 ST - LAUNDRY LEGALIZATIO
contractor,XTREME APPLIANCES AIR CONDITIONING & H,CAC1818635,6615 W 22 LANE HIALEAH 33016,(305)776-0001,3,mechanical/AC 3,MECH 3,MIAMI,2024-11-18,2025-06-26,C2025021795 20104 SW 123 DR - LEGALIZE | C2025106482 11881 SW 18 ST             4-27 - LEGALIZE HVAC | C2025127260 1625 SW 122 AVE              11-1 - LEGALIZE AC
contractor,GENERAL CONSTRUCTION MASTER CORP,CGC1518558,3340 NW 102 ST MIAMI 33147,(305)216-5617,3,electrical 2; interior 1,ELEC 2; BLDG 1,MIAMI,2024-11-21,2026-09-01,C2025025099 10249 NW 9 STREET CIR      208-8 - LEGALIZATION | C2025068233 11989 SW 56 ST - LEGALIZE SUB PANEL | C2026114740 10521 SW 180 ST - LEGALIZATION
contractor,"MR. COOL GUY\, LLC",CAC1822094,12308 NW 11TH LN MIAMI 33182,(305)586-0585,3,interior 3,MECH 3,MIAMI,2025-01-07,2026-09-23,C2025006861 6965 NW 43 ST              5 - LEGALIZE COMPRESSOR | C2025047892 6965 NW 43 ST              5 - LEGALIZE COMPRESSOR | C2026166937 8282 NW 64 ST - LEGALIZE LIFTS
contractor,COMPLEX CIRCUIT ELECTRICAL SERVICES IN,EC13008467,13214 SW 40 TERRACE MIAMI 33175,(305)226-8266,3,electrical 2; windows/doors 1,ELEC 3,MIAMI,2025-01-09,2026-01-13,C2025044095 11868 SW 248 TER - LEGALIZE NEW DOOR | C2025090794 7880 NW 62 ST - LEGALIZE PANEL RACK | C2026047398 3430 SW 112 AVE            1-2 - LEGALIZATION ELEC
contractor,ASHER CONTRACTOR CORP,CGC1512218,8540 NW 188 TERR #2404 MIAMI 33015,(786)208-3777,3,windows/doors 2; fence/wall 1,BLDG 3,MIAMI,2025-02-06,2025-08-05,C2025031712 2196 SW 152 PL - LEGALIZE WINDOWS | C2025130126 11811 SW 18 ST             5-24 - LEGALIZE DOOR | C2025128419 11811 SW 18 ST               6 - WOOD FENCE LEGALIZE
contractor,ONLY ELECTRIC COMPANY INC,EC13002313,348 NW 102 TERR PLANTATION 33324,(305)785-6059,3,electrical 2; other 1,ELEC 3,MIAMI,2025-02-10,2026-08-05,C2025058939 901 NW 116 ST - REMODELLEGALIZATION | C2026138637 12630 NW 22 AVE - LEGALIZE/REPAIR | C2026143409 12630 NW 22 AVE - LEGALIZE/REPAIR
contractor,CONSTRUCTION & CONSULTING CONTRACTORS,CGC061549,7434 SW 48 ST STE B MIAMI 33155,(786)236-5755,3,other 1; addition 1; windows/doors 1,MBLD 2; BLDG 1,MIAMI,2025-03-04,2025-08-13,M2025007682 2040 SERVICE RD - LEGALIZATION | M2025018357 4531 NW 196 ST - LEGALIZE ADDITION | C2025148618 10249 NW 9 STREET CIR      205-8 - LEGALIZATION
contractor,MIAMI REMODELING & ADDITIONS INC,000016401,9641 SW 163RD AVE MIAMI 33196,(786)380-3567,3,roof 1; interior 1; enclosure 1,BLDG 3,MIAMI,2025-03-09,2025-09-09,C2025065793 1935 NW 84 ST - LEGALIZE RE-ROOF | C2025125904 8416 SW 103 AVE - LEGALIZATION | C2025013207 13226 SW 44 LN - LEGALIZE PERGOLA
contractor,PALMANOVA USA CORPORATION,CGC1521658,2000 N BAYSHORE DR #328 MIAMI 33137,(786)444-9696,3,addition 1; other 1; fence/wall 1,BLDG 3,MIAMI,2025-03-13,2026-02-09,C2023115814 4344 SW 13 ST - LEGALIZE TERRACE | C2025034076 10381 SW 32 ST - LEGALIZATION | C2026053711 10381 SW 32 ST - FENCE LEGALIZATION
contractor,JAMEK CONSTRUCTION LLC,CGC1528534,10100 SAMPLE RD STE 327 CORAL SPRINGS 33065,(786)340-4030,3,interior 3,BLDG 3,MIAMI,2025-03-19,2025-03-19,C2025011552 10972 NW 14 AVE              026 - LEGALIZATION INT. | C2025011542 10972 NW 14 AVE              043 - LEGALIZATION INT. | C2025011536 10972 NW 14 AVE            A 013 - LEGALIZATION INT
contractor,NAVARRO PLUMBING & MECHANICAL CONTRACT,CFC1427281,15236 NW 87 PLACE MIAMI LAKES 33018,(305)244-5832,3,addition 1; mechanical/AC 1; plumbing 1,PLUM 2; MECH 1,MIAMI,2025-04-01,2025-12-11,C2025076735 4344 SW 13 ST - LEGALIZE TERRACE | C2026013674 10381 SW 32 ST - LEGALIZATION | C2026034523 11310 SW 52 TER - LEGALIZE TERRACE
contractor,FREEMAN'S CONSTRUCTION & ENGINEERING G,EC13007927,10610 SW 146 PL MIAMI 33186,(786)337-0665,3,electrical 2; other 1,ELEC 3,MIAMI,2025-04-06,2026-06-26,C2025086510 2511 NW 65 ST - LAUNDRY LEGALIZATIO | C2025118073 11871 SW 18 ST               1-28 - LEGALIZE AC ELEC | C2026102782 690 SW 120 AVE - LEGALIZE WATERHEATE
contractor,NEW AGE CONTRACTING CORP,CGC1520118,7530 SW 28 TERR MIAMI 33155,(786)253-8803,3,other 2; fence/wall 1,BLDG 3,MIAMI,2025-04-04,2026-04-17,C2023162386 14211 SW 37 ST - GAZEBO LEGALIZATION | C2023162111 14211 SW 37 ST - LEGALIZATION | C2026090803 14821 SW 104 CT - LEGALIZE FENCE
contractor,"PRECISION SOURCE\, INC",EC13010175,1055 NW 128 CT MIAMI 33182,(786)226-7800,3,electrical 2; addition 1,ELEC 3,MIAMI,2025-04-07,2026-03-16,C2025048838 7201 SW 84 CT - INT LEGALIZE REMODE | C2025178921 650 NE 185 ST - LEGALIZATIONS | C2025175965 8231 NW 181 ST - LEGALIZE ADDITION
contractor,POOLS BY QUALITY BUILDERS LLC,CPC1460741,14261 SW 42 ST MIAMI 33175,(305)223-2727,3,pool/deck 3,PLUM 3,MIAMI,2025-04-09,2026-01-08,C2025085964 10129 NW 9 ST - LEGALIZE POOL FEEDE | C2025132507 14201 SW 66 ST - LEGALIZE POOL FILTR | C2026005661 8055 SW 107 AVE - LEGALIZE POOL FILTE
contractor,DMS CONTRACTORS LLC,CGC1505716,19340 NE 18 COURT MIAMI 33179,(786)256-1316,3,fence/wall 2; enclosure 1,BLDG 3,MIAMI,2025-04-11,2026-10-05,C2025084845 13201 SW 251 LN - FENCE LEGALIZATION | C2026077629 13660 SW 253 ST - LEGALIZE FENCE | C2026173954 13254 NW 10 ST - LEGALIZATION
contractor,SERGE'S HOME INSPECTION INC,EC13005366,2040 NE 1ST AVE POMPANO BEACH 33060,(954)317-2545,3,interior 2; electrical 1,MBLD 2; ELEC 1,MIAMI,2025-04-23,2026-08-18,M2025012327 1892 SW 16 ST - DUPLEX LEGALIZATION | M2025012323 1937 SW 16 AVE - SFR LEGALIZATION | C2026153112 2365 NW 70 AVE      C      15 BLD - LEGALIZATION
contractor,FELIPEZ ELECTRIC LLC,EC13012914,7291 W 24 AVE APT 165 HIALEAH 33016,(786)537-3274,3,electrical 2; addition 1,ELEC 3,MIAMI,2025-06-12,2025-11-18,C2025120534 5414 NW 72 AVE - WAL LEGALIZATION | C2026014937 14517 SW 98 TER - LEGALIZATION | C2026022688 5404 NW 72 AVE - LEGALIZATION
contractor,BEE'S POOL SERVICES INC,CPC1459526,6860 WINGED FOOT DR HIALEAH 33015,(305)621-2675,3,pool/deck 3,PLUM 3,MIAMI,2025-06-25,2026-02-12,C2025103302 22300 SW 162 AVE - SPA EQUIP LEGALIZAT | C2026008113 11350 SW 250 TER - LEGALIZATION | C2025055549 399 NW 72 AVE - LEGALIZATION
contractor,PICOS PLUMBING & AIR LLC,CAC1824442,1920 BAHAMA DR MIRAMAR 33023,(786)663-6821,3,plumbing 1; other 1; mechanical/AC 1,PLUM 2; MECH 1,MIAMI,2025-07-28,2026-05-21,C2025135966 230 NW 148 ST - LEGALIZE OPENINGS | C2025137979 15733 FAIRWAY HEIGHTS BLVD - LEGALIZATION | C2026044656 230 NW 148 ST - LEGALIZE OPENINGS
contractor,JLP ELECTRICAL SERVICES INC.,EC13009774,8925 SW 21 TERRACE MIAMI 33165,(786)942-4192,3,electrical 2; other 1,ELEC 3,MIAMI,2025-08-04,2026-03-03,C2025150768 3665 NW 48 ST - LEGALIZATION | C2025170314 3665 NW 48 ST - LEGALIZATION | C2026069517 1445 SW 122 AVE            5-14 - A/C LEGALIZATION
contractor,A G CONTRACTORS & DESIGN CORP,CGC1525813,1866 NE 174 ST NORTH MIAMI BEACH 33162,(786)238-4601,3,other 1; enclosure 1; interior 1,MBLD 2; BLDG 1,MIAMI,2025-08-12,2026-08-25,M2025021886 3940 NE 168 ST - LEGALIZATION | C2025162186 3061 NW 87 TER - LEGALIZE ALUM.ROOF | M2026019401 7791 NW 46 ST                321 - LEGALIZATION
contractor,FLORIDA BUILDING BEST LLC,CGC1522218,709 SW 21 AVE MIAMI 33135,(786)445-2691,3,shed/accessory 1; windows/doors 1; fence/wall 1,BLDG 3,MIAMI,2025-08-14,2025-09-18,C2025128973 5981 SW 19 ST - LEGALIZE SHED | C2025150525 5981 SW 19 ST - LEGALIZE WINDW/DOOR | C2025150321 5981 SW 19 ST - LEGALIZE FENCE
contractor,KINA CONSTRUCTION INC,CGC1524329,9970 NW 9 ST CIR APT 106 MIAMI 33172,(305)903-9365,3,interior 2; windows/doors 1,BLDG 3,MIAMI,2025-09-02,2025-12-15,C2025141175 10229 NW 9 STREET CIR      211-2 - LEGALIZE/GLASS DOOR | C2025179577 10229 NW 9 STREET CIR      114-2 - LEGALIZATION | C2025179571 10257 NW 9 STREET CIR     10610 - LEGALIZE SLIDING DR
contractor,KD DEVELOPMENT LLC,24B000452,2150 N BAYSHORE DR APT 1011 MIAMI 33137,(786)424-4307,3,fence/wall 3,BLDG 3,MIAMI,2025-09-04,2026-02-14,C2025162209 15484 HARRISON DR - FENCE LEGALIZATION | C2025174985 265 NW 106 ST - FENCE LEGALIZATION | C2026044867 720 NE 163 ST - FENCE LEGALIZATION
contractor,BEENE CONSTRUCTION LLC,CBC1257167,8430 SW 8 ST #504 MIAMI 33144,(305)907-4807,3,interior 1; roof 1; enclosure 1,BLDG 3,MIAMI,2025-09-30,2026-07-23,C2025120535 12545 SW 32 TER - LEGALIZE INT ALT | C2026045875 3850 SW 108 AVE            4 - ALUM ROOF LEGALIZE | C2026128731 1730 NW 62 TER - LEGALIZATION
contractor,COLPANI CONSTRUCTION INC,CBC1265334,12325 NATALIES COVE RD COOPER CITY 33330,(954)444-0469,3,enclosure 1; addition 1; interior 1,BLDG 3,MIAMI,2025-10-16,2026-03-31,C2025015822 8522 SW 133 AVE - LEGALIZE ALUM PORT | C2025045593 11265 SW 47 ST - LEGALIZE ADDITION | C2025015871 8522 SW 133 AVE - LEGALIZE WIND/BLOCK
contractor,CARVAJAL A/C MECHANICAL CORP,CAC1819739,1219 NW 20TH TERRACE CAPE CORAL 33993,(786)718-7116,3,mechanical/AC 3,MECH 3,MIAMI,2025-10-21,2026-04-13,C2026007884 11443 SW 109 RD            45A - LEGALIZE AC | C2026026823 11546 SW 109 RD              33W - LEGALIZATION | C2026091358 10233 NW 9 STREET CIR        1041 - LEGALIZATION
contractor,TOWER ELECTRIC OF PALM BEACH INC,EC13005580,200 MULBERRY GROVE RD ROYAL PALM BEACH 33411,(561)540-4233,3,electrical 3,ELEC 3,MIAMI,2026-02-05,2026-06-15,C2026044479 16000 NE 8 AVE - LEGALIZATION | C2026061776 12002 SW 102 ST - GAZEBO LEGALIZATION | C2026110492 5041 NW 198 ST - LEGALIZE ADDTNS&NEW
contractor,UNIT PLUMBING SOLUTIONS CORP,CFC1429948,6240 E 4 AVE HIALEAH 33013,(786)333-4364,3,pool/deck 2; plumbing 1,PLUM 3,MIAMI,2026-03-19,2026-03-26,C2026071636 11840 SW 172 ST - LEGALIZE VIOLATION | C2025134615 20614 NE 7 CT - POOL EQUIP LEGALIZT | C2026077971 20600 SAN SIMEON WAY - LEGALIZE POOL EQUIP
contractor,GLOBAL BUILDERS GROUP INC,CGC1519597,18724 NW 47 PL MIAMI 33055,(786)314-4774,3,other 3,ZIPS 3,MIAMI,2026-03-19,2026-05-12,C2026063044 16801 NE 14 AVE - LEGALIZE ASPHALT | C2026063033 1400 NE 169 ST - LEGALIZE ASPHALT | C2026097852 16800 NE 15 AVE - LEGALIZATION
contractor,SPARK ELECTRIC INC,EC13006743,10357 SW 26 ST MIAMI 33165,(786)546-1109,3,electrical 1; fence/wall 1; enclosure 1,ELEC 3,MIAMI,2026-03-20,2026-09-30,C2026026870 14290 SW 122 AVE - LEGALIZE ELEC HTR | C2026175119 13384 SW 252 LN - FENCE LEGALIZE | C2026175200 13384 SW 252 LN - ALUM ROOF LEGALIZE
contractor,SKAFD CONSTRUCTION INC,CFC1433252,410 SW 132 AVE MIAMI 33184,(786)393-1959,3,interior 1; mechanical/AC 1; plumbing 1,BLDG 1; MECH 1; PLUM 1,MIAMI,2026-03-30,2026-05-26,C2026025523 15060 SW 42 TER - INT WORKS LEGALIZAT | C2026096513 15060 SW 42 TER - INT WORKS LEGALIZAT | C2026099567 15060 SW 42 TER - INT WORKS LEGALIZAT
contractor,SERGIO A CACERES LLC,CGC1508950,11000 SW 104 ST #1210 MIAMI 33116,(786)481-9011,3,fence/wall 3; addition 1,BLDG 4,MIAMI,2026-04-21,2026-08-21,C2026094563 10911 SW 42 ST - LEGALIZATION FLAT | C2026058579 2775 NW 60 ST - LEGALIZE TERR/FENCE | C2026143983 1160 NE 213 TER - GALTE LEGALIZATION
contractor,CASTELLAR CONSTRUCTION INC,CGC1515580,5775 SW 149 PL MIAMI 33193,(786)286-0694,3,addition 3,BLDG 2; PLUM 1,MIAMI,2026-06-04,2026-09-14,C2025132005 5430 NW 181 TER - LEGALIZE ADDITION | C2026128084 5430 NW 181 TER - LEGALIZE ADDITION | C2026165780 5430 NW 181 TER - LEGALIZE ADDITION
contractor,APOLLO ELECTRIC GROUP INCORPORATED,EC13005796,328 CRANDON BLVD STE 227 KEY BISCAYNE 33149,(305)361-8188,3,electrical 2; pool/deck 1,ELEC 3,MIAMI,2026-07-14,2026-09-02,C2026103054 14294 SW 142 AVE - LEGALIZE EXIST LIGH | C2026138158 8020 SW 17 TER - LEGALIZE W/H  W/H | C2026162011 16352 SW 62 TER - POOL EQUIP LEGALIZE
contractor,AAA - ON TIME ELECTRIC INC,EC13002896,651 NW 100 TERR MIAMI 33150,(305)308-7333,3,electrical 2; other 1,ELEC 3,MIAMI,2026-07-21,2026-09-16,C2026126781 3082 NW 62 ST - LEGALIZE 32 CCTV | C2026141014 1140 NW 111 ST - LEGALIZATION | C2026167051 3082 NW 62 ST - LEGALIZE 32 CCTV
contractor,BREAKTHRU CONSTRUCTION CORP,CGC1525958,6839 MAIN ST MIAMI LAKES 33014,(305)557-5345,3,interior 1; windows/doors 1; pool/deck 1,BLDG 3,MIAMI,2025-10-18,2025-11-26,C2025170617 3721 SW 132 AVE - REMODELING | C2026016580 3721 SW 132 AVE - WNDW/EXT DOOR | C2025177571 3721 SW 132 AVE - POOL AND SPA REMODE
contractor,TROPICO ELECTRICAL CONTRACTOR LLC,EC13011295,1735 SW 102 CT MIAMI 33165,(786)514-6376,2,electrical 2,ELEC 2,MIAMI,2024-10-07,2025-06-25,C2025003136 25243 SW 108 AVE - LEGALIZATION | C2025115493 10800 NW 106 ST              5/6 - INT LEGALIZATION
contractor,JOSE C YANES AIR CONDITIONING & APPLIA,CAC1815974,1021 NE 132 ST NORTH MIAMI 33161,(305)895-3565,2,mechanical/AC 2,MECH 2,MIAMI,2024-10-08,2026-06-22,C2025003632 8930 NW 16 AVE - LEGALIZE AC | C2026122196 3138 NW 29 ST - LEGALIZE AC
contractor,RRR GENERAL CONSTRUCTIONS LLC,CGC1517096,13727 SW 152 ST  #300 MIAMI 33177,(786)234-9395,2,interior 1; windows/doors 1,BLDG 2,MIAMI,2024-10-07,2025-08-29,C2024013438 10490 SW 186 LN - LEGALIZATION/INSTAL | C2025119270 1647 NE 110 TER - LEGALIZE WINDOWS
contractor,G6 INVESTMENTS PA,CGC1528198,1145 BIARRITZ DR MIAMI BEACH 33141,(786)999-9625,2,interior 2,MBLD 2,MIAMI,2024-10-10,2026-06-08,M2024025436 201 178 DR                   331 - LEGALIZATION INTER | M2026016222 201 178 DR                 402 - INTERIOR LEGALIZE
contractor,BLUE SKY CONSTRUCTION GROUP INC,CFC1433278,5740 NW 111TH TERR HIALEAH 33012,(305)318-4617,2,windows/doors 1; addition 1,BLDG 1; PLUM 1,MIAMI,2024-10-15,2025-10-16,C2025003996 2311 NE 193 ST - LEGALIZE WINDOWS | C2026007056 1417 NW 116 TER - ADD AND LEGALIZE
contractor,DGARC MANAGEMENT INC,CBC1261379,13468 SW 291 ST HOMESTEAD 33033,(305)807-0559,2,addition 1; interior 1,BLDG 2,MIAMI,2024-10-18,2025-01-13,C2024119477 11745 SW 119 TER - LEGALIZE TERRACE | C2024164504 10600 SW 185 TER - LEGALIZATION
contractor,DECONEX INC,CMC1251078,5065 NW 74 AVE #6 MIAMI 33166,(305)798-7633,2,pool/deck 1; mechanical/AC 1,PLUM 1; MECH 1,MIAMI,2024-10-22,2024-11-19,C2025006436 10461 SW 42 ST - LEGALIZE POOL | C2024168716 10461 SW 42 ST - LEGALIZE MINI SPLIT
contractor,LCM POWER ELECTRIC LLC,22E000438,11190 SW 107 ST APT 108 MIAMI 33176,(305)608-7449,2,electrical 1; pool/deck 1,ELEC 2,MIAMI,2024-10-24,2025-03-06,C2025006515 4301 NW 72 AVE - LEGALIZE ELEC WORK | C2025065965 12911 SW 84 ST - LEGALIZE POOL HEATR
contractor,CORNERS CONSTRUCTION CO,CGC014624,8259 NW 66TH ST. MIAMI 33166,(305)718-6689,2,other 2,BLDG 2,MIAMI,2024-10-31,2025-02-13,C2024173355 19035 E SAINT ANDREWS DR - LEGALIZE RAILING | C2025044935 19035 E SAINT ANDREWS DR - LEGALIZE DEMO
contractor,VPG CONSTRUCTION MANAGEMENT LLC,CGC1523799,7005 N WATERWAY DR #304 MIAMI 33155,(786)250-5220,2,fence/wall 1; windows/doors 1,BLDG 2,MIAMI,2024-11-01,2025-03-04,C2025005943 14001 SW 156 TER - DURA FENCE LEGALIZE | C2025006276 14001 SW 156 TER - WINDOWS LEGALIZATIO
contractor,SOUFFRONT CONSTRUTION'S GROUP LTD CO,CGC1508685,15912 SW 100 TH LANE MIAMI 33196,(786)306-9417,2,interior 1; other 1,MBLD 1; BLDG 1,MIAMI,2024-11-08,2026-06-23,M2025001473 2174 NE 174 ST - LEGALIZE INTERIOR | C2026084834 4520 SW 71 AVE - LEGALIZATION
contractor,A.K.A. AND CONSTRUCTION COMPANY DBA:D.,CGC1507279,25 SE 2 AVE STE 428 MIAMI 33131,(305)377-8850,2,other 1; windows/doors 1,BLDG 2,MIAMI,2024-11-08,2025-07-07,C2024051134 8655 SW 109 AVE - EXT LEGALIZATION | C2025094887 8655 SW 109 AVE - DOOR LEGALIZATION
contractor,JJS SERVICES INC,CGCA08318,8570 STIRLING RD HOLLYWOOD 33024,(954)553-0365,2,pool/deck 1; other 1,ZIPS 2,MIAMI,2024-11-08,2025-02-25,C2025004552 23655 SW 202 AVE - LEGALIZR CHAIN LINK | C2025004536 23655 SW 202 AVE - LEGALIZATION
contractor,ACV 2 AIR CONDITIONING CORP,CAC1815085,901 NW 132 PL MIAMI 33182,(305)557-9041,2,mechanical/AC 2,MECH 2,MIAMI,2024-11-13,2025-05-08,W2025019916 651 NW 117 ST                672 - MECHANICLEGALIZATIO | C2025103371 7313 SW 144 AVE - MECH LEGALIZE
contractor,PARRILLO BUILDERS GROUP LLC DBA:PARRIL,CGC1530593,13390 SW 131 ST 133 MIAMI 33186,(786)343-6789,2,fence/wall 1; interior 1,BLDG 2,MIAMI,2024-11-15,2025-07-28,C2025009433 19122 SW 113 PL - LEGALIZATION | C2025126781 3305 SW 93 CT - LEGALIZE ISLAND
contractor,AROD POWER ELECTRIC LLC,22E000338,11200 SW 158 ST MIAMI 33157,(786)806-2150,2,enclosure 1; electrical 1,ELEC 2,MIAMI,2024-11-15,2025-01-28,C2025020180 13221 NW 9 TER - GARAGE LEGALIZATION | C2025052936 10301 SW 145 ST - LEGALIZATION
contractor,ORO CONSULTING CORP,CGC1534142,18001 NORTHWEST 79TH AVE HIALEAH 33015,(954)804-1535,2,interior 2,MBLD 2,MIAMI,2024-11-21,2026-05-22,M2024025344 2775 E 10 AVE - UNSAFE STRUCTURE | M2026012674 8555 NW 64 ST - BAY 2 AS BUILT
contractor,KAVOD BUILDERS LLC,CGC1528290,32 NE 164 ST MIAMI 33162,(305)399-0303,2,fence/wall 1; windows/doors 1,BLDG 2,MIAMI,2024-12-03,2025-09-29,C2024178358 13790 SW 174 ST - LEGALIZATION | C2025116364 2300 NE 192 ST - LEGALIZE WINDOWS
contractor,PRECISION SOURCE INC,CGC061867,13851 SW 20 ST MIAMI 33175,(305)796-1024,2,fence/wall 1; windows/doors 1,BLDG 2,MIAMI,2024-12-05,2025-01-03,C2025024834 4202 SW 98 AVE - LEGALIZE DURAFENCE | C2025015113 900 NE 154 ST - LEGALIZE WINDOWS
contractor,HABITAT GROUP INC,CGC1513855,16909 N BAY RD  3507 SUNNY ISLES 33160,(305)940-9409,2,shed/accessory 1; windows/doors 1,BLDG 2,MIAMI,2024-12-06,2025-07-17,C2024087376 1390 SW 73 AVE - LEGALIZE SHED | C2025103562 1390 SW 73 AVE - LEGALIZE WINDOW
contractor,WELL ELECTRIC TECHNOLOGY INC,EC13001181,5673 SW 6TH ST MIAMI 33134,(305)774-9904,2,electrical 1; enclosure 1,ELEC 2,MIAMI,2024-12-09,2025-06-10,C2025032227 8169 SW 40 ST - LEGALIZ.GREASE TRAP | C2025118595 10229 NW 9 STREET CIR      210-2 - LEGALIZATION
contractor,EASY COOLING USA LLC,CAC1819027,4731 SW 132 AVE MIAMI 33175,(786)260-5404,2,mechanical/AC 2,MECH 2,MIAMI,2024-12-13,2025-08-13,C2025034450 3561 SW 117 AVE            7-403 - LEGALIZATION | C2025034453 3561 SW 117 AVE            7-106 - LEGALIZATION
contractor,COOL WAVE AIR CONDITIONING CORP,CAC1813460,16371 SW 83 LN MIAMI 33193,(305)388-5236,2,mechanical/AC 2,MECH 2,MIAMI,2025-01-22,2026-07-30,W2025050013 11541 SW 187 ST - LEGALIZE MINISPLIT | C2026139989 12202 SW 108 CT - A/C LEGALIZEENCE
contractor,GABY A/C CORP,CAC1817046,5701 NW 113TH TERR HIALEAH 33012,(786)290-1982,2,mechanical/AC 2,MECH 2,MIAMI,2025-01-30,2026-02-25,C2025053969 870 NE 178 TER - A/C 5 TON LEGALIZE | C2026067799 11491 SW 109 RD              15A - AC LEGALIZATION
contractor,JASON BUILDERS LLC,CFC1431766,15733 SW 43 TERR MIAMI 33185,(786)295-3234,2,fence/wall 1; plumbing 1,BLDG 1; PLUM 1,MIAMI,2025-02-10,2025-08-01,C2025052159 31 NW 122 AVE - FENCE LEGALIZE | C2025148613 3305 SW 93 CT - LEGALIZE ISLAND
contractor,BUILD & FIX INC,CGC1513513,9076 HARDING AVE SURFSIDE 33154,(786)262-2085,2,other 1; interior 1,MBLD 1; BLDG 1,MIAMI,2025-02-12,2026-02-20,"M2025006070 180 NW 59 ST - LEGALIZATION\,REMODE | C2025165269 1730 SW 72 CT - LEGALIZE INT/EXT AL"
contractor,JADE FIELD SERVICES CORP,EC13014440,2271 W 80 ST UNIT 7 HIALEAH 33016,(305)218-0454,2,electrical 2,ELEC 2,MIAMI,2025-02-19,2025-03-26,C2025062966 1560 NE 151 ST               104 - LEGALIZE INT.REMODE | C2025077155 3650 NW 102 ST - LEGALIZATION
contractor,SMART CONSTRUCTION & INVESTMENTS CORP,CCC1334655,15420 SW 156 TER MIAMI 33187,(786)402-2796,2,windows/doors 1; roof 1,BLDG 2,MIAMI,2025-02-20,2025-11-05,C2025061540 9862 SW 145 PL - LEGALIZE WNDW/DOOR | C2026015860 9862 SW 145 PL - LEGALIZE REROOF
contractor,ALMOLI LLC,EC13009662,111 SW 68 AVE MIAMI 33144,(786)541-3756,2,electrical 2,ELEC 2,MIAMI,2025-03-04,2025-12-22,W2025069815 10680 SW 186 ST            36 - LEGALIZATION ILITY | C2026040057 2410 NE 184 ST - NEW A/C LEGALIZE
contractor,COOLING PROFESSIONALS INC,CAC021345,7035 SW 70 AVE MIAMI 331430000,(305)494-9026,2,mechanical/AC 2,MECH 2,MIAMI,2025-03-18,2026-01-22,C2025059880 12783 SW 20 TER - REMODEL LEGALIZATIO | C2026051285 2747 NW 54 ST - LEGALIZE VIOLATION
contractor,3JW CONSTRUCTION INC,CGC1528671,11290 SW 52 TERRACE MIAMI 33165,(786)499-1737,2,addition 1; windows/doors 1,BLDG 2,MIAMI,2025-03-18,2025-07-11,C2025072442 17211 NW 82 CT - LEGALIZE ROOF | C2025116989 11831 SW 18 ST             6-22 - LEGALIZE WINDOWS
contractor,AIRMET A/C INC,CAC056900,11521 SW 40 TERR MIAMI 33165,(305)485-9797,2,mechanical/AC 2,MECH 2,MIAMI,2025-03-26,2026-07-21,C2025081474 2417 SW 99 CT              S - LEGALIZE REMODELING | C2026138855 1920 SW 126 CT - LEGALIZATION RELOCA
contractor,KRONOX CONSTRUCTION INC,CGC1518992,3065 SW 16 ST MIAMI 33145,(786)597-1399,2,fence/wall 2,BLDG 2,MIAMI,2025-03-28,2026-03-06,C2025019192 443 CENTRAL BLVD - FENCE LEGALIZATION | C2026064398 1716 NW 76 TER             1716 - LEGALIZE FENCE
contractor,A TEAM PLUMBING SERVICES LLC,CFC1426987,PO BOX 901585 HOMESTEAD 33031,(305)484-4934,2,plumbing 1; other 1,PLUM 1; LPGX 1,MIAMI,2025-03-31,2025-09-11,C2025083449 23075 SW 212 AVE - NEW SFR LEGALIZATIO | C2025169676 23075 SW 212 AVE - NEW SFR LEGALIZATIO
contractor,XPERT GC LLC,CGC1516861,2922 SW 118 CT MIAMI 33175,(786)477-0464,2,enclosure 1; windows/doors 1,BLDG 2,MIAMI,2025-04-04,2026-07-22,C2025073892 13409 SW 17 TERRACE CI N - LEGALIZATION | C2026001012 2922 SW 118 CT - LEGALIZE WINDOW
contractor,TICK TOCK PLUMBING INC,CFC1431166,17281 NW 53 CT MIAMI 33055,(305)771-7900,2,plumbing 2,PLUM 2,MIAMI,2025-04-16,2025-04-18,C2025090588 240 NW 148 ST - LEGALIZATION | C2025080530 2417 SW 99 CT              S - LEGALIZE REMODELING
contractor,GO ELECTRICAL CONTRACTOR CORP,EC13014663,15304 SW 141 TERR MIAMI 33196,(305)609-1499,2,electrical 1; pool/deck 1,ELEC 2,MIAMI,2025-04-16,2026-04-24,C2025056832 8520 SW 133 AVE RD - LEGALIZATION ELEC. | C2026097774 15304 SW 141 TER - LEGALIZE POOL ISLND
contractor,FCF CONSTRUCTION CORP,CGC1524602,5370 PALM AVE SUITE 2 HIALEAH 33012,(305)820-9771,2,interior 2,BLDG 2,MIAMI,2025-04-16,2025-05-12,C2024034187 6262 NW 110 TER - LEGALIZATION | C2024005991 5414 NW 72 AVE - WAL LEGALIZATION
contractor,SELECT GROUP CONTRACTOR LLC,CGC1524940,1800 NW 135 AVE MIAMI 33182,(786)272-5930,2,interior 1; enclosure 1,BLDG 2,MIAMI,2025-04-21,2026-08-03,C2025020696 3929 SW 60 CT - LEGALIZATION | C2026137885 3929 SW 60 CT - LEGALIZATION
contractor,AMPE SERVICES AND REPAIRS INC DBA:AMPE,EC13014612,13110 NW 22 AVE MIAMI 33167,(786)234-3278,2,enclosure 1; electrical 1,ELEC 2,MIAMI,2025-04-24,2026-07-06,W2025096902 13612 SW 184 LN - LEGALIZAR GARAGEAGE | C2026099578 1735 SW 87 PL - LEGALIZE EXT WORK
contractor,UNITED ELECTRICAL SERVICES INC,EC13009241,26453 SW 135 CT HOMESTEAD 33032,(786)797-2188,2,electrical 2,ELEC 2,MIAMI,2025-04-25,2026-08-12,C2025096971 13427 SW 261 LN - LEGALIZATION | C2026151198 5421 SW 96 AVE - LEGALIZATION
contractor,C4 ORION ENTERPRISES LLC,CGC1526948,9369 FONTAINBLEAU BLVD MIAMI 33172,(305)606-7619,2,fence/wall 1; enclosure 1,BLDG 2,MIAMI,2025-04-28,2025-04-28,C2025022306 2901 NW 43 TER - FENCE LEGALIZATION | C2025022190 2901 NW 43 TER - LEGALIZATION
contractor,REDES TELECOM LLC,23E000171,3311 SW 82ND CT MIAMI 33155,(786)564-4644,2,electrical 1; other 1,ELEC 2,MIAMI,2025-04-30,2025-12-19,C2025097398 1750 NE 115 ST - ELEC LEGALIZE | C2025173727 3575 NW 60 ST - LEGALIZE CCTV SYST
contractor,B P R CONTRACTING CORP,CBC1260483,1311 SW 126 PL MIAMI 33184,(786)356-4840,2,addition 2,BLDG 2,MIAMI,2025-05-02,2025-12-05,C2024033225 3591 SW 142 AVE - LEGALIZATION | C2026025943 3591 SW 142 AVE - LEGALIZATION
contractor,NON STOP AIR CONDITIONING INC,CAC1818344,486 E 49TH STREET HIALEAH 33010,(786)953-3176,2,mechanical/AC 1; other 1,MECH 2,MIAMI,2025-05-02,2025-05-06,C2025089450 781 NW 107 ST - LEGALIZE HVAC | C2025101942 781 NW 107 ST - LEGALIZE HVAC
contractor,L & J ELECTRICAL CONTRACTING LLC,EC13003509,16351 SW 285 ST HOMESTED 33033,(786)255-1980,2,electrical 2,ELEC 2,MIAMI,2025-05-14,2025-06-06,C2025100128 15459 GARYFIELD DR - LEGALIZE LIGHT | C2025105843 3929 SW 60 CT - LEGALIZATION
contractor,ZAP ELECTRIC INC,EC13010357,3890 W 4 AVE HIALEAH 33012,(786)343-8930,2,electrical 1; enclosure 1,ELEC 2,MIAMI,2025-05-14,2025-12-17,C2025103622 15733 FAIRWAY HEIGHTS BLVD - LEGALIZATION | C2026037847 1210 NW 91 ST - LEGALIZE ALUM ROOF
contractor,KHRONOS GROUP 305 LLC,CBC1262672,5933 SW 133 CT MIAMI 33183,(305)833-9465,2,enclosure 1; other 1,BLDG 2,MIAMI,2025-05-14,2026-06-23,C2025097742 15006 SW 308 ST - LEGALIZE ALUM TERR | C2026124485 15340 SW 152 TER - LEGALIZE TERRACE
contractor,ELITE BUILDERS US LLC,CGC1519479,1711 SW 137 CT MIAMI 33175,(786)419-1260,2,windows/doors 1; other 1,BLDG 2,MIAMI,2025-05-25,2025-05-25,C2025101919 15101 JACKSON ST - LEGALIZATION | C2025101852 15101 JACKSON ST - LEGALIZATION
contractor,ALL DESIGN CONCRETE CORP,19BS00615,840 W 51 PL HIALEAH 33012,(786)299-3344,2,windows/doors 1; fence/wall 1,BLDG 2,MIAMI,2025-05-30,2025-05-30,C2025109554 12095 SW 18 TER            266 - FRONT DOOR LEGALIZE | C2025109545 12095 SW 18 TER            266 - FENCE LEGALIZATION
contractor,J & I ELECTRIC SERVICE CORP,EC13004970,11710 TAFT STREET PEMBROKE PINES 33026,(305)609-9215,2,pool/deck 1; electrical 1,ELEC 2,MIAMI,2025-06-09,2025-06-09,C2025118587 14211 SW 37 ST - LEGALIZATION | C2025118560 14211 SW 37 ST - GAZEBO LEGALIZATION
contractor,DIAMOND CONTRACTORS GROUP INC,CGC1532895,2423 SW 147TH AVE MIAMI 33185,(786)209-6294,2,other 2,BLDG 2,MIAMI,2025-06-12,2025-08-04,C2025065229 1121 SW 122 AVE - LEGALIZE RAILING | C2025098675 1101 SW 122 AVE - LEGALIZE RAILINGS
contractor,"BLUE MARLIN ENGINEERING\, LLC",CGC1510402,"102 DRENNEN RD\, SUITE B-10 ORLANDO 32806",(407)217-4464,2,windows/doors 1; other 1,BLDG 2,MIAMI,2025-06-17,2025-08-13,C2025118226 11741 SW 18 ST             7-32 - LEGALIZE FRENCH DOO | C2025121070 11741 SW 18 ST             7-32 - LEGALIZE AWNING
contractor,SPEED KING ELECTRIC LLC,22E000280,11327 SW 188 TERR MIAMI 33157,(786)681-5046,2,electrical 1; enclosure 1,ELEC 2,MIAMI,2025-06-18,2026-08-11,C2025120756 12783 SW 20 TER - REMODEL LEGALIZATIO | C2026144762 11497 SW 242 ST - LEGALIZE ALUM TERR
contractor,RIO CONSTRUCTION GROUP LLC,CGC1516760,2423 SW 147 AVE #140 MIAMI 33185,(305)218-0182,2,windows/doors 2,BLDG 2,MIAMI,2025-07-03,2026-01-07,C2025114307 1425 SW 122 AVE              7-17 - LEGALIZE FRONT DOOR | C2026033324 10773 SW 142 LN - LEGALIZE FRONT DOOR
contractor,LOUMINEL GENERAL CONTRACTOR LLC,CGC1518589,9671 DUNHILL DR MIRAMAR 33025,(954)328-4940,2,fence/wall 1; other 1,BLDG 2,MIAMI,2025-07-03,2025-12-26,C2025115578 859 NW 115 ST - LEGALIZE FENCE | C2026006132 847 NW 115 ST - LEGALIZATIONS
contractor,CASSIA ELECTRICAL CONTRACTORS INC,EC13005907,8261 NW 48 ST LAUDERHILL 33351,(954)650-5840,2,addition 1; electrical 1,ELEC 2,MIAMI,2025-07-08,2026-07-02,C2025132102 18835 NW 48 AVE - LEGALIZATION SFR | C2026065260 8994 NW 187 ST - LEGALIZE WATER HEAT
contractor,ANGELTRONICS SERVICES LLC,EC13007520,5608 SW 97 TER COOPOER CITY 33328,(786)553-2705,2,electrical 2,ELEC 2,MIAMI,2025-07-17,2025-11-09,C2025133591 9848 SW 94 TER - LEGALIZE ELEC | C2025178559 8255 NW 186 ST               1003 - LEGALIZE FLOOD LIGH
contractor,POOL CENTURION GROUP LLC,CPC1458733,100 N KROME AVE FLORIDA CITY 33034,(305)367-2005,2,pool/deck 2,PLUM 2,MIAMI,2025-07-17,2025-08-25,C2025099198 11301 SW 200 ST - LEGALIZE POOL EQUIP | C2025159004 11301 SW 200 ST - LEGALIZE POOL EQUIP
contractor,"RAMI CONSTRUCTION GROUP\, INC",CGC1521809,16304 SW 57 STREET MIAMI 33193,(786)663-6949,2,interior 1; windows/doors 1,BLDG 2,MIAMI,2025-07-21,2025-08-12,C2025043594 11534 SW 117 CT - LEGALIZATION | C2025152488 11534 SW 117 CT - LEGALIZATION
contractor,RREYES ELECTRIC INC,10E000547,6972 SW 129TH ST OCALA 34473,(305)796-3558,2,pool/deck 1; electrical 1,ELEC 2,MIAMI,2025-07-29,2026-06-22,C2025148195 8400 NW 8 ST - POOL PUMP LEGALIZAT | C2026124501 14561 JACKSON ST - LEGALIZED AC
contractor,REAL POWER ELECTRIC INC,EC13009003,9540 DOMINICAN DR CUTLER BAY 33189,(786)508-5526,2,electrical 2,ELEC 2,MIAMI,2025-08-01,2025-11-25,C2025149855 3305 SW 93 CT - LEGALIZE ISLAND | C2026026563 1995 NW 58 ST - LEGALIZATION
contractor,RAIRCON CONSTRUCTION CORP,CGC1525891,1388 SE 9 CT HIALEAH 33010,(305)885-4422,2,windows/doors 1; other 1,BLDG 2,MIAMI,2025-08-08,2025-09-25,C2025058938 3000 SW 114 AVE - LEGALIZATION | C2025172887 3000 SW 114 AVE - LEGALIZATIONS
contractor,TWIN BROTHERS PLUMBING CONTRACTORS COR,CFC1429174,2040 NW SOUTH RIVER DR MIAMI 33125,(305)332-1969,2,plumbing 1; addition 1,PLUM 2,MIAMI,2025-08-12,2026-04-09,C2025148885 7255 NW 68 ST                19 - LEGALIZE REMODEL | C2026087004 2145 SW 76 AVE - PARTIAL DEMO
contractor,"EXPEDITE CONTRACTORS\, LLC",CBC1266842,18931 BELMONT DR CUTLER BAY 33157,(786)239-6299,2,interior 1; fence/wall 1,BLDG 2,MIAMI,2025-08-18,2025-11-03,C2024041532 12905 SW 53 ST - LEGALIZATION | C2025165743 793 NW 115 ST - LEGALIZE FENCE
contractor,JAM MECHANICAL CONTRACTOR INC,CMC1250532,8998 NW 117 TERR HIALEAH GARDENS 33018,(305)825-5825,2,mechanical/AC 2,MECH 2,MIAMI,2025-08-18,2025-10-07,C2025157263 7255 NW 68 ST                19 - LEGALIZE REMODEL | C2026002116 7255 NW 68 ST                19 - LEGALIZE REMODEL
contractor,D & D BUILDERS GROUP INC,CGC1512736,4762 SW 127 CT MIAMI 33175,(305)227-1006,2,fence/wall 2,BLDG 2,MIAMI,2025-08-21,2025-11-19,C2025103441 11851 SW 18 ST             1-26 - LEGALIZE FENCE | C2026012293 3442 SW 112 AVE            7-2 - FENCE LEGALIZATION
contractor,CASANOVA ELECTRIC CONTRACTOR INC,EC13009870,192 W 33 ST HIALEAH 33012,(786)370-1103,2,addition 2,ELEC 2,MIAMI,2025-08-22,2025-09-05,W2025161600 7930 CAMINO CIR A7 - LEGALIZED WATERHEAT | W2025167471 7909 CAMINO CIRCLE A10 - LEGALIZED WATERHEAT
contractor,KLEAN POWER ELECTRIC INC,EC13002068,5101 SW 160 AVE SOUTHWEST RANCHES 33331,(305)669-8154,2,electrical 1; enclosure 1,ELEC 2,MIAMI,2025-09-04,2025-11-11,C2025155006 5884 NW 198 TER - LEGALIZE STRUCTURE | C2026011333 8909 NW 188 TER - LEGALIZATION
contractor,RETOS SERVICE PLUS LLC,CGC1508959,15970 WEST ST RD 84 STE244 SUNRISE 33326,(954)588-8468,2,windows/doors 1; fence/wall 1,BLDG 2,MIAMI,2025-09-09,2026-03-19,C2025140772 10241 NW 9 STREET CIR      209-5 - LEGALIZE WINDOWS | C2026040187 425 NE 162 ST - LEGALIZE FENCE/GATE
contractor,FIX PLUMBING CORP,CFC1428618,2531 SW 102 AVE MIAMI 33165,(786)343-8127,2,plumbing 1; addition 1,PLUM 2,MIAMI,2025-09-08,2026-06-30,C2025104654 10311 SW 98 ST - LEGALIZE EXIST GAS | C2026129034 9765 SW 123 TER - LEGALIZE GAZEBO
contractor,PERSPECTIVE CONSTRUCTION LLC,CGC1536107,13110 SOUTHWEST 118TH STREET MIAMI 33186,(786)487-6204,2,pool/deck 1; windows/doors 1,PLUM 1; BLDG 1,MIAMI,2025-09-10,2026-02-23,C2025170032 13110 SW 118 ST - LEGALIZE POOL STEP | C2025078752 9364 SW 37 ST - LEGALIZE WNDWS/DOOR
contractor,SMARTECH BUILDERS LLC,CGC1530882,3285 NW 13 TERR MIAMI 33125,(786)532-0244,2,addition 2,BLDG 2,MIAMI,2025-09-15,2026-04-10,C2023133180 13640 SW 34 ST - LEGALIZE GUESTHOUSE | C2026087562 13640 SW 34 ST - LEGALIZE GUESTHOUSE
contractor,FAC METAL WORKS CORP,24BS00374,1698 W 55 PLACE HIALEAH 33016,(786)834-2523,2,fence/wall 2,BLDG 2,MIAMI,2025-09-15,2026-04-03,C2025165083 12020 SW 221 ST - FENCE LEGALIZE | C2026048230 11795 NW 27 AVE - LEGALIZE CHAINLINK
contractor,REGENCY MAINTENANCE & ELECTRIC INC,EC13009019,655 SW 37TH TERRACE HOMESTEAD 33033,(305)728-9171,2,electrical 2,ELEC 2,MIAMI,2025-09-18,2026-05-20,C2025168546 15101 JACKSON ST - LEGALIZATION | C2026109892 15101 JACKSON ST - LEGALIZATION
contractor,EXPRESSPOWER ELECTRICAL INC,EC13016136,11306 SW 125TH PL MIAMI 33186,(786)547-4459,2,electrical 2,ELEC 2,MIAMI,2025-09-17,2026-07-30,C2025173230 10229 NW 9 STREET CIR      211-2 - LEGALIZE/ELEC | C2026139924 12202 SW 108 CT - LEGALIZE AT INT
contractor,"URBAN BUILDERS GROUP\, LLC",CGC1533056,14629 SW 104 ST STE 157 MIAMI 33186,(305)450-3919,2,addition 1; carport/canopy 1,BLDG 1; ZIPS 1,MIAMI,2025-09-19,2026-08-12,C2025154997 10045 SW 51 TER - LEGALIZE ADDITION | C2026148074 12923 SW 210 TER - LEGALIZATION CANOPY
contractor,GREEN SIERRA CONSTRUCTION CORP,CGC1530633,16730 WATERS EDGE DR WESTON 33326,(305)281-1791,2,fence/wall 1; windows/doors 1,BLDG 2,MIAMI,2025-09-30,2026-09-17,C2025177983 19602 NE 1 AVE - LEGALIZ ALUM FENCE | C2026161898 15313 SW 81 TER - LEGALIZE WINDOWS/DR
contractor,MAX ELECTRIC CORPORATION,EC13007046,3625 S LAKE DR MIAMI 33155,(305)498-5422,2,electrical 2,ELEC 2,MIAMI,2025-09-30,2026-03-13,W2025173730 872 NE 89 ST - VIOLATION LEGALIZAT | C2026074879 7788 SW 161 AVE - LEGALIZATION
contractor,FLORIDA COOL AIR CONDITIONING CORP,CAC1820050,7947 NW 64 ST MIAMI 33166,(305)218-8878,2,mechanical/AC 2,MECH 2,MIAMI,2025-10-07,2025-10-07,C2026003112 10629 SW 113 PL              89B - LEGALIZE A/C | C2026003117 11495 SW 109 RD              11A - LEGALIZE A/C
contractor,NEW WAVE INVESTORS LLC,CGC1523682,2956 SW 18 ST MIAMI 33145,(786)426-1499,2,addition 1; shed/accessory 1,BLDG 2,MIAMI,2025-10-21,2025-10-21,C2025130123 12331 SW 104 TER - ADDITION/LEGALIZATI | C2025175675 12331 SW 104 TER - LEGALIZE SHED
contractor,R & I PLUMBING SERVICE CORP,CFC1431286,7898 NW 174 TERR HIALEAH 33015,(305)219-4541,2,plumbing 2,PLUM 2,MIAMI,2025-10-27,2026-02-06,C2026013237 10381 SW 32 ST - LEGALIZATION | C2026052604 8145 NW 34 AVE - LEGALIZE BATHROOM
contractor,SQUARE AND COMPASS GROUP CORP,22M000006,3401 SW 149 AVE MIAMI 33185,(305)586-5835,2,mechanical/AC 2,MECH 2,MIAMI,2025-10-24,2026-06-02,C2025147879 13711 SW 66 ST - LEGALIZATION | C2026076177 17855 SW 359 TER - AC LEGALIZE
contractor,CONINMAQ LLC,CGC1514716,16741 ROYAL POINCIANA DRIVE WESTON 33326,(954)660-0457,2,fence/wall 2,BLDG 2,MIAMI,2025-10-30,2026-03-24,C2026010308 24587 SW 109 AVE - LEGALIZE GATE | C2026073347 5549 NW 194 CIRCLE TER - FENCE LEGALIZATION
contractor,COLANGELO CONSTRUCTION GROUP LLC,CBC1267037,10277 NW 46TH ST SUNRISE 33351,(754)422-3464,2,windows/doors 1; fence/wall 1,BLDG 2,MIAMI,2025-10-29,2026-01-13,C2025154112 1151 NW 139 ST - LEGALIZE WINDOW | C2026011732 1151 NW 139 ST - LEGALIZE FENCE
contractor,N & K ELECTRIC LLC,EC13015388,15270 SW 302 ST HOMESTEAD 33033,(786)301-5909,2,pool/deck 1; electrical 1,ELEC 2,MIAMI,2025-11-08,2026-03-12,C2026016355 9055 SW 73 CT - LEGALIZE POOL EQUIP | W2026024719 14271 SW 120 ST              107 - LEGALIZEOFFICE MEZZ
contractor,INDUSTRIAL ELECTRICAL C F INC.,EC13007609,10431 N W 35TH PLACE MIAMI 33147,(786)299-9500,2,electrical 1; addition 1,ELEC 2,MIAMI,2025-11-10,2026-04-21,C2026017089 30137 SW 158 PL - LEGALIZE INTERIOR | C2026095646 1944 NW 48 ST - LEGALIZE ADDITION
contractor,WPH CONSTRUCTION COMPANY,CBC1255356,39 NW 116 ST #5 MIAMI 33169,(305)244-2392,2,windows/doors 1; other 1,BLDG 2,MIAMI,2025-11-10,2026-08-27,C2025176467 160 NE 171 TER - LEGALIZE WIN/DOOR | C2026052224 1517 NW 100 ST - LEGALIZATION
contractor,CMG GENERAL CONTRACTORS INC,CGC1512703,10261 SW 1 ST MIAMI 33174,(786)547-6920,2,fence/wall 2,BLDG 2,MIAMI,2025-11-12,2026-03-27,C2026014458 6206 SW 136 CT - FENCE LEGALIZE | C2026064282 3230 SW 60 AVE - FENCE LEGALIZATION
contractor,TURN CONSTRUCTION LLC,CGC061097,5825 COLLINS AVE APT 3C MIAMI BEACH 33140,(305)333-5153,2,interior 1; fence/wall 1,BLDG 2,MIAMI,2025-11-17,2026-07-07,C2025172898 1995 NW 58 ST - LEGALIZATION | C2026101706 35251 SW 218 AVE - LEGALIZE WOOD FENCE
contractor,MILIAN QUALITY AIR LLC,CAC1818576,4925 SW 139 COURT MIAMI 31375,(786)394-7485,2,mechanical/AC 2,MECH 2,MIAMI,2025-11-24,2026-03-02,W2026026699 11309 SW 109 RD 59E - LEGALIZATION INSTAL | W2026063553 15408 SW 95 LN - LEGALIZATION INSTAL
contractor,L & J CONSTRUCTION LLC,CGC1511730,16351 SW 285 ST HOMESTEAD 33033,(786)255-1980,2,windows/doors 1; fence/wall 1,BLDG 2,MIAMI,2025-11-21,2026-06-03,C2026020366 11490 SW 109 RD              30F - LEGALIZE SLIDE DOOR | C2026098869 25201 SW 137 AVE - LEGALIZE FENCE
contractor,SDPL ELECTRICAL CONTRACTOR INC,EC13012037,10423 SW 228 TERRACE MIAMI 33190,(786)302-9335,2,enclosure 1; electrical 1,ELEC 2,MIAMI,2025-12-01,2025-12-01,C2026022600 5831 SW 60 ST - GARAGE LEGALIZATION | C2026022609 5831 SW 60 ST - LEGALIZATION
contractor,MZ SOLUTIONS LLC,CGC1528486,9770 SW 215 LANE CUTLER BAY 33189,(305)206-7413,2,other 1; fence/wall 1,BLDG 2,MIAMI,2025-12-03,2026-07-29,C2025117736 14598 SW 110 ST - LEGALIZATION | C2026116502 20001 SW 110 CT              143 - LEGALIZE DRYWALL RE
contractor,MRD CONTRACTORS FLORIDA LLC,CGC1532622,321 SW 71 AVE MIAMI 33144,(786)715-6540,2,enclosure 1; fence/wall 1,BLDG 1; ZIPS 1,MIAMI,2025-12-11,2026-07-20,C2026031532 10550 SW 67 ST - LEGALIZATION | C2026035558 10550 SW 67 ST - LEGALIZE FENCE
contractor,GALLOWAY CONTRACTORS AND BUILDERS INC,CGC1509461,10481 N. KENDALL DR. #D203 E. MIAMI 33176,(305)796-2209,2,addition 1; interior 1,BLDG 2,MIAMI,2025-12-29,2026-01-05,C2025017732 7365 NW 35 ST - LEGALIZE MEZZANINE | C2025017810 7361 NW 35 ST - LEGALIZE MEZZANINE
contractor,CALIN AIR CONDITIONING & REFRIGERATION,CAC1816828,4082 EAST 3 AVENUE HIALEAH 33013,(305)788-8890,2,mechanical/AC 2,MECH 2,MIAMI,2026-01-07,2026-02-13,C2025177904 1311 NW 117 ST - A/C LEGALIZATION | C2026061590 1311 NW 117 ST - A/C LEGALIZATION
contractor,ACL BRIGHT WORK INC,CAC1821292,11238 SW 5TH TER MIAMI 33174,(786)413-8119,2,mechanical/AC 2,MECH 2,MIAMI,2026-01-23,2026-05-13,C2025054038 11972 SW 173 TER - LEGALIZATION | C2026090581 11811 SW 18 ST               524 - LEGALIZE A/C
contractor,COLD SPELL OF SOUTH FLORIDA AIR CONDIT,CAC1819923,24717 SW 109 PLACE HOMESTEAD 33032,(754)246-1304,2,mechanical/AC 1; addition 1,MECH 2,MIAMI,2026-01-22,2026-03-04,C2026051467 10601 SW 113 PL              98B - LEGALIZE A/C | C2026069024 18835 NW 48 AVE - LEGALIZATION SFR
contractor,PALACIOS SCREEN & ENCLOSURE INC,CGC1522756,14110 SW 74 ST MIAMI 33183,(305)979-6229,2,shed/accessory 1; other 1,BLDG 2,MIAMI,2026-01-23,2026-01-23,C2025150096 10353 SW 115 ST - LEGALIZE SHED | C2025150093 10353 SW 115 ST - LEGALIZE PERGOLA
contractor,GENERAL CONSTRUCTION & ENGINEERING SER,CFC1428113,15866 SW 60 TERR MIAMI 33193,(305)962-1456,2,pool/deck 2,BLDG 1; PLUM 1,MIAMI,2026-02-10,2026-02-26,C2026014264 9715 SW 89 CT - LEGALIZE POOL | C2026068082 9715 SW 89 CT - LEGALIZE POOL
contractor,CABANAS AIR CONDITIONING INC,CAC1823352,14771 SW 173 ST MIAMI 33187,(305)562-5719,2,addition 1; mechanical/AC 1,MECH 2,MIAMI,2026-02-12,2026-07-14,C2026061547 7845 SW 18 TER - LEGALIZE ADDITION | C2026133194 11501 SW 107 CT - LEGALIZATION
contractor,"A PLUS FLASH COOLING\, LLC",CFC1431917,17424 NW 63 CT HIALEAH 33015,(786)399-5113,2,plumbing 2,PLUM 2,MIAMI,2026-02-12,2026-07-01,C2026061799 12002 SW 102 ST - GAZEBO LEGALIZATION | C2026110801 5041 NW 198 ST - LEGALIZE ADDTNS&NEW
contractor,JCAB ENTERPRISES INC,CGC059638,1553 NW 102 DR CORAL SPRINGS 33071,(954)288-4798,2,other 1; windows/doors 1,BLDG 2,MIAMI,2026-02-17,2026-05-21,C2025176490 9775 SW 140 ST - LEGALIZE POND | C2026099490 8560 NW 193 LN - LEGALIZE FRONT DOOR
contractor,SCS BUILDERS LLC,CGC1524683,28224 SW 168 CT HOMESTEAD 33030,(786)298-4739,2,interior 2,BLDG 2,MIAMI,2026-02-26,2026-05-06,C2025129784 4750 SW 156 PL - LEGALIZATION | C2026021126 14222 SW 136 ST            I - LEGALIZATION
contractor,CARIBE CONSTRUCTION INC,CGC061835,9507 SW 160 STREET SUITE 270 MIAMI 33157,(305)256-3763,2,other 1; fence/wall 1,BLDG 2,MIAMI,2026-02-26,2026-08-25,C2026016288 18334 HOMESTEAD AVE - LEGALIZATION | C2026149023 18334 HOMESTEAD AVE - LEGALIZE FENCE
contractor,ALEX ACOSTA COSTRUCTION INC,CRC1333267,3725 S OCEAN DR HOLLYWOOD 33019,(561)825-8090,2,fence/wall 1; shed/accessory 1,BLDG 2,MIAMI,2026-02-27,2026-06-12,C2026061648 11241 NW 60 CT - LEGALIZE FENCE | C2026100509 13201 SW 265 ST - LEGALIZE SHED
contractor,ARC POWER SOLUTIONS CORP,23E000112,154 SEVILLA AVE ROYAL PALM BEACH 33411,(786)554-4072,2,pool/deck 1; electrical 1,ELEC 2,MIAMI,2026-02-28,2026-04-08,C2026068843 7417 SW 152 AVE - LEGALIZATION EQUIP | C2026087198 7417 SW 152 AVE - LEGALIZATION EQUIP
contractor,ALONSO ALL STAR SERVICES LLC,26E000022,24603 SW 112 PLACE HOMESTEAD 33032,(305)562-1262,2,electrical 2,ELEC 2,MIAMI,2026-03-04,2026-03-27,C2026071144 12520 SW 184 ST - LEGALIZATION ELEC | C2026082353 8700 SW 133 AVE RD - LEGALIZE MINI-SPLIT
contractor,VERTICAL LIMIT CORP,CGC1534577,6560 NW 114 AVE UNIT 521 DORAL 33178,(786)668-0963,2,interior 1; fence/wall 1,MBLD 2,MIAMI,2026-03-09,2026-10-06,M2025015054 2010 NW 94 AVE             2 - INT LEGALIZATION | M2026024396 305 E 32 ST - FENCE LEGALIZATION
contractor,V & V PLUMBING INC,CFC1428152,3019 NW 88 ST MIAMI 33147,(786)281-9960,2,pool/deck 2,PLUM 2,MIAMI,2026-03-09,2026-07-17,C2026048631 710 NW 106 AVE - LEGALIZATIONS | C2026095943 730 NW 105 PL - LEGALIZE POOL FEEDE
contractor,DMR BUILDERS INC,CBC1265706,16740 SW 144TH COURT MIAMI 33177,(305)216-8204,2,other 2,BLDG 2,MIAMI,2026-03-12,2026-04-09,C2025021228 4150 SW 84 AVE - TIKI HUT LEGALIZATI | C2025021240 4150 SW 84 AVE - LEGALIZATION
contractor,EXECUTIVE A/C OF MIAMI INC,CAC049297,10626 SW 69 TERR MIAMI 33173,(305)216-8981,2,other 1; mechanical/AC 1,MECH 2,MIAMI,2026-03-13,2026-09-23,C2026076526 17519 SW 115 AVE - LEGALIZE STRUCTURE | C2026172128 10465 SW 158 PL - LEGALIZATION
contractor,ALEX AC REPAIRS INC,CAC056759,1680 W 38 PL BAY A1 HIALEAH 33012,(305)828-0204,2,mechanical/AC 1; other 1,MECH 2,MIAMI,2026-03-24,2026-08-04,C2026029303 8700 SW 133 AVE RD - LEGALIZE MINI-SPLIT | C2026142525 8700 SW 133 AVE RD - LEGALIZE MINI-SPLIT
contractor,UNLIMITED ELECTRICAL TECHNOLOGIES INC,EC0002054,4850 NW 170 STREET MIAMI 33018,(786)367-0359,2,pool/deck 2,ELEC 2,MIAMI,2026-03-26,2026-08-10,C2026078637 20600 SAN SIMEON WAY - LEGALIZE POOL EQUIP | C2026139725 20600 SAN SIMEON WAY - LEGALIZE POOL EQUIP
contractor,ALLDAY FENCE CO,08BS00863,14230 SW 136 ST MIAMI 33186,(305)910-6601,2,fence/wall 2,BLDG 2,MIAMI,2026-03-30,2026-09-21,C2026049304 11871 SW 18 ST             3-28 - LEGALIZE WOOD FENCE | C2026167731 12901 NW 11 TER - LEGALIZATION
contractor,STEADY BUILDERS GROUP INC,CBC1257301,350 NE 24 ST #310 MIAMI 33137,(786)275-6800,2,enclosure 1; addition 1,BLDG 2,MIAMI,2026-04-14,2026-04-22,C2025073423 112 NW 158 ST - LEGALIZE GARAGE CON | C2024112967 112 NW 158 ST - LEGALIZE DETACH STR
contractor,INSIDE CONSTRUCTION GROUP INC.,CFC1432828,13725 SW 154 ST MIAMI 33177,(786)342-8485,2,plumbing 1; interior 1,PLUM 2,MIAMI,2026-04-17,2026-09-28,C2026092434 14290 SW 122 AVE - LEGALIZE WATER HTR | C2026134871 14290 SW 122 AVE - LEGALIZATION
contractor,CASPRODE LLC,CGC1527025,16565 NE 26 AVE ST6H NORTH MIAMI BEACH 33160,(407)928-8615,2,addition 1; interior 1,MECH 1; BLDG 1,MIAMI,2026-04-20,2026-07-17,C2026094159 1944 NW 48 ST - LEGALIZE ADDITION | C2025171082 9411 NW 22 AVE - LEGALIZE ALT INT
contractor,WALTER GENERAL CONSTRUCTION LLC,CBC1258215,32004 SW 205 AVE HOMESTEAD 33030,(786)326-3054,2,fence/wall 2,BLDG 2,MIAMI,2026-04-27,2026-07-31,C2026051840 32004 SW 205 AVE - LEGALIZE FENCE | C2026123512 14341 CARVER DR - FENCE LEGALIZATION
contractor,JOHNSON ARTRAVIA ESTELL,CGC1524620,1035 NW 127 ST MIAMI 33168,(786)930-1235,2,interior 2,MBLD 2,MIAMI,2026-05-04,2026-05-05,M2026009882 2130 NW 99 AVE - INT ALT LEGALIZATN | M2026009890 2126 NW 99 AVE - INT. ALT LEGALIZE
contractor,ANTARES INTERNATIONAL USA CORP,CGC1511130,800 N.E. 195TH STREET  SUITE 216 MIAMI 33179,(305)467-6546,2,windows/doors 1; fence/wall 1,BLDG 2,MIAMI,2026-05-15,2026-07-09,C2026099535 12989 SW 251 TER - WINDOWS LEGALIZATIO | C2026097008 12989 SW 251 TER - LEGALIZE FENCE
contractor,POWWER SOLUTIONS CORP,22E000416,17517 SW 136 PLACE MIAMI 33175,(786)450-4986,2,electrical 2,ELEC 2,MIAMI,2026-05-18,2026-09-01,C2026108874 11811 SW 18 ST               524 - LEGALIZE A/C | C2026136343 11881 SW 18 ST             6-27 - LEGALIZE CHARGER
contractor,"AVR AMERICA CONTRACTORS\, INC",CMC1250669,13485 SW 27 ST MIAMI 33175,(786)493-9494,2,plumbing 1; interior 1,PLUM 1; MECH 1,MIAMI,2026-05-21,2026-06-01,C2026110870 13935 SW 140 ST            326 - LEGALIZATION | C2026115080 13935 SW 140 ST            326 - LEGALIZATION
contractor,CONWELL & ASSOCIATES CONSULTING COMPAN,CMC1250012,11771 SW 137TH PLACE MIAMI 33186,(305)926-5673,2,windows/doors 1; mechanical/AC 1,BLDG 1; MECH 1,MIAMI,2026-05-22,2026-06-11,C2026109529 5258 NW 24 AVE - LEGALIZE WIN/DOORS | C2026120008 2354 NW 93 TER - LEGALIZE A/C/LEGL
contractor,KOSEM CONTRACTORS LLC,CMC1251373,14540 HARRISON ST MIAMI 33176,(786)715-7561,2,mechanical/AC 1; other 1,MECH 2,MIAMI,2026-05-26,2026-06-21,C2026074942 14561 JACKSON ST - LEGALIZED AC | C2026122332 14561 JACKSON ST - LEGALIZED AC
contractor,BARRETO SERVICE AND REPAIR LLC,CFC1433480,15957 SW 50 TER MIAMI 33185,(786)322-0596,2,plumbing 1; interior 1,PLUM 2,MIAMI,2026-05-28,2026-09-01,C2026109358 3520 SW 88 PL - LEGALIZE PLUMBING | C2026158972 3520 SW 88 PL - LEGALIZE DUPLEX
contractor,LER DECOR CO DBA:ARKOS SOLUTIONS,CGC1532589,1181 NE 196 ST MIAMI 33179,(305)316-6024,2,fence/wall 1; interior 1,BLDG 2,MIAMI,2026-06-01,2026-09-09,C2026100529 7885 SW 35 TER - DURA FENCE LEGALIZA | C2026150025 14366 SW 51 ST - LEGALIZE CONVERSION
contractor,PALMA HIGH-GRADE GENERAL BUILDING CONT,CFC1432844,3613 SW 167 AVE MIRAMAR 33027,(786)357-8728,2,interior 1; plumbing 1,BLDG 1; PLUM 1,MIAMI,2026-06-10,2026-06-29,C2024170599 1035 NE 169 ST - LEGALIZATION | C2026128257 1035 NE 169 ST - LEGALIZATION
contractor,PALM CONSTRUCTION AND DESIGN GROUP INC,CGC1505387,1801 NW 186 ST MIAMI 33056,(786)251-9289,2,shed/accessory 1; fence/wall 1,BLDG 2,MIAMI,2026-06-17,2026-07-17,C2023046065 10851 SW 222 ST - LEGALIZE SHED | C2026032318 11302 SW 174 TER - LEGALIZE FENCE/SHED
contractor,GRAVITAS CONSTRUCTION GROUP INC,CGC1539450,10804 N KENDALL DR APT P11 MIAMI 33176,(786)991-6722,2,other 1; interior 1,ZIPS 1; BLDG 1,MIAMI,2026-07-01,2026-07-20,C2026124527 16400 SW 173 AVE - LEGALIZE TIKI | C2026124617 16400 SW 173 AVE - TERRACE LEGALIZA
contractor,ROCKET PLUMBING CORP,CFC1428827,11310 SW 46 ST MIAMI 33165,(786)663-9238,2,plumbing 1; interior 1,PLUM 2,MIAMI,2026-07-06,2026-07-07,C2026130345 9780 SW 103 AVENUE RD - LEGALIZATION/WNDS | C2026130859 9780 SW 103 AVENUE RD - LEGALIZATION/WNDS
contractor,QUEIRO CONSTRUCTION INC,CFC1433926,8580 SW 113 TER MIAMI 33156,(786)269-8438,2,other 2,BLDG 1; PLUM 1,MIAMI,2026-07-15,2026-07-17,C2026131799 8020 SW 17 TER - LEGALIZE W/H  W/H | C2026137234 8020 SW 17 TER - LEGALIZE W/H  W/H
contractor,Y & TA BUILDING CONSULTING LLC,CGC1520632,17831 SW 144 AVE MIAMI 33177,(786)419-5010,2,interior 1; pool/deck 1,BLDG 1; ZIPS 1,MIAMI,2026-07-23,2026-09-12,C2026128634 22250 SW 117 AVE - LEGALIZE  HEATERS | C2026163929 6552 SW 148 AVE - LEGALIZ 6'CHAINLINK
contractor,GULF ATLANTIC INDUSTRIES OF AMERICA IN,CGC052810,309 23 ST STE 370 MIAMI BEACH 33139,(305)937-0500,2,carport/canopy 1; other 1,BLDG 2,MIAMI,2026-07-30,2026-07-31,C2026138421 2585 NE 200 ST - LEGALIZE CARPORT | C2025108386 2585 NE 200 ST - LEGALIZE
contractor,E & S ELECTRICAL SOLUTIONS INC,EC13009236,16300 SW 99 AVE MIAMI 33157,(786)250-8836,2,electrical 2,ELEC 2,MIAMI,2026-08-11,2026-09-03,"W2026150643 4150 SW 84 AVE - LEGALIZATION\,GAR.. | W2026162227 240 SW 79 AVE - LEGALIZATION"
contractor,HOMETOWN BUILDERS LLC,CGC1505035,10360 SW 186TH STREET UNIT 972063 MIAMI 33197,(786)586-5921,2,enclosure 2,BLDG 2,MIAMI,2026-08-13,2026-09-10,C2026113966 17335 SW 108 CT - LEGALIZE TERRACE | C2026163722 17335 SW 108 CT - LEGALIZE TERRACE
contractor,QUINTERO GENERAL CONTRACTOR CORP,CGC1515292,8801 NW 112 TERR HIALEAH GARDENS 33018,(786)487-5738,2,fence/wall 1; windows/doors 1,BLDG 2,MIAMI,2026-08-13,2026-08-27,C2026146397 1700 SW 69 AVE - LEGALIZE FENCE | C2026157027 1700 SW 69 AVE - LEGALIZATION
contractor,RT CONTRACTORS INC,CGC1509654,2221 NE 164 ST 320 NORTH MIAMI BEACH 33160,(305)335-7812,2,interior 2,MBLD 2,MIAMI,2026-08-25,2026-10-01,M2026020706 7786 NW 46 ST - LEGALIZE OPENING | M2026016668 7800 NW 46 ST - LEGALIZATION
contractor,THE SPIRE COPORATION,CGC1506046,2432 HOLLYWOOD BLVD HOLLYWOOD 33020,(305)576-9810,2,windows/doors 1; fence/wall 1,BLDG 2,MIAMI,2026-09-15,2026-10-03,C2026166873 12440 SW 188 TER - LEGALIZE WINDOWS | C2026166979 12440 SW 188 TER - LEGALIZE FENCE
contractor,MCENTEE INC,CGC1521034,9485 SW 72 ST STE A-120 MIAMI 33143,(786)452-0075,2,addition 2,BLDG 2,MIAMI,2026-09-21,2026-09-25,C2026095534 12000 SW 171 TER - ADITION/LEGALIZE | C2026032770 10020 SW 52 TER - LEGALIZE ADDITION
contractor,OMEGA ROOFING INC,CCC057472,11890 NW 87 CT #7 HIALEAH GARDENS 33018,(305)825-3422,2,roof 2,BLDG 2,MIAMI,2025-03-07,2025-03-07,C2025007050 430 W PARK DR - REROOF | C2025007560 450 W PARK DR - FLAT ROOF
contractor,REINIER ACEVEDO PA,CGC1514018,281 NW 127 AVE MIAMI 33182,(786)317-8986,2,addition 2,BLDG 2,MIAMI,2025-07-11,2025-07-11,C2023064918 2986 NW 93 ST - DETACH GYM | C2023064914 2986 NW 93 ST - LEGAL ATTA ADDITION
contractor,RC CONSTRUCTION & INVESTMENTS LLC,CGC054329,1408 BRICKELL BAY DRIVE UNIT 815 MIAMI 33131,(305)975-4156,1,other 1,BLDG 1,MIAMI,2024-10-07,2024-10-07,C2024173230 12461 SW 26 ST - LEGALIZATION
contractor,AMPSTRONG ELECTRIC INC,EC13004184,2050 NW 93 AVE DORAL 33172,(305)468-7988,1,electrical 1,ELEC 1,MIAMI,2024-10-07,2024-10-07,C2025002539 5750 NW 27 AVE - LEGALIZE PANEL
contractor,TIKI HUT DESIGN OF MIAMI INC,08BS00640,11723 SW 12 STREET MIAMI 33184,(786)357-6852,1,other 1,ZIPS 1,MIAMI,2024-10-16,2024-10-16,C2024180746 29050 ALABAMA RD - LEGALIZE TIKI HUT
contractor,"BOSS CONSTRUCTION GROUP\, INC",CGC1522637,20243 STATE ROAD 7 #F6-265 BOCA RATON 33498,(954)648-9883,1,fence/wall 1,BLDG 1,MIAMI,2024-10-17,2024-10-17,C2024180777 5884 NW 198 TER - LEGALIZE FENCE
contractor,C & S CONSTRUCTION GROUP CORP,CGC1508486,115 NW 128 AVE MIAMI 33186,(786)277-6460,1,interior 1,BLDG 1,MIAMI,2024-10-16,2024-10-16,C2024040574 670 NW 114 ST - LEGALIZE OPENINGS
contractor,EVOLUTION ELECTRICAL CONTRACTORS INC,EC13007293,11631 NW 58TH PLACE HIALEAH 33012,(786)838-3090,1,addition 1,ELEC 1,MIAMI,2024-10-17,2024-10-17,C2024181753 11730 NW 3 AVE - ADDITION LEGALIZE
contractor,BUILDING CONCEPTS OF FLORIDA INC,CBC031847,8089 NW 67 ST MIAMI 33166,(305)392-9086,1,interior 1,MBLD 1,HOMESTEAD,2024-10-22,2024-10-22,M2025000851 911 N HOMESTEAD BLVD - AS BUILTS
contractor,RELYC CONTRACTOR CORP,18B000223,7547 W 24TH AVE  SUITE200 HIALEAH 33016,(786)389-6461,1,pool/deck 1,ZIPS 1,MIAMI,2024-10-23,2024-10-23,C2025006453 15250 NE 8 AVE - LEGALIZE FENCE
contractor,ELEKTRICAL ADVANTAGE INC,EC13010171,11890 SW 8 CT STE500 MIAMI 33134,(786)413-4333,1,electrical 1,ELEC 1,MIAMI,2024-10-24,2024-10-24,C2024175436 2902 NW 22 ST - LEGALIZE ELEC PANEL
contractor,CUNANO BUILDERS CORPORATION,CCC1329646,16259 SW 81 ST MIAMI 33193,(786)258-8719,1,roof 1,BLDG 1,MIAMI,2024-10-24,2024-10-24,C2025008872 19556 SW 122 CT - ROOF LEGALIZATION
contractor,LORD'S A/C CORP,CAC1816488,13261 SW 7 CT DAVIE 33325,(786)489-5586,1,mechanical/AC 1,MECH 1,MIAMI,2024-10-28,2024-10-28,C2025011994 4180 NW 32 AVE - LEGALIZATION
contractor,SK QUALITY CONTRACTOR INC,CGC1514702,15441 SW 49 ST MIAMI 33185,(305)485-8802,1,fence/wall 1,BLDG 1,MIAMI,2024-11-04,2024-11-04,C2024147521 2949 NW 92 ST - LEGALIZE DURAFENCE
contractor,ELECTRIC DOMAIN INC,EC13011361,410 NW 106TH ST MIAMI 33150,(305)528-0725,1,electrical 1,ELEC 1,MIAMI,2024-11-01,2024-11-01,C2024181214 2133 NW 58 ST - EXT RENO LEGALIZE
contractor,A/C ELECTRONICS LLC,CAC1821444,7901 SW 137 CT MIAMI 33183,(786)718-5034,1,mechanical/AC 1,MECH 1,MIAMI,2024-11-04,2024-11-04,C2025015661 3561 SW 117 AVE            7-203 - LEGALIZE CHANGEOUT
contractor,ROLANDO'S H.V.A.C.LLC,CAC1820272,5117 RIO VISTA TAMPA 33634,(813)373-6804,1,other 1,MECH 1,MIAMI,2024-11-04,2024-11-04,C2025015685 8280 NW 64 ST - LEGALIZE AIR COMP
contractor,HAVANA AIR CONDITIONING INC,CAC056638,887 W 34 STR HIALEAH 33012,(305)558-9136,1,mechanical/AC 1,MECH 1,MIAMI,2024-11-08,2024-11-08,C2025018697 3561 SW 117 AVE              7108 - LEGALIZE AC UNIT
contractor,URBAN DOMUS CONSTRUCTION LLC,CGC1513164,3550 SW 148TH AVE STE 110 MIRAMAR 33027,(954)874-1714,1,interior 1,MBLD 1,MIAMI,2024-11-12,2024-11-12,M2025001121 224 SW 4 AVE                 2 - REMODEL/LEGALIZATIO
contractor,G & L PLUMBING SERVICE INC,CFC056755,12335 SW 31 ST MIAMI 33175,(305)316-5694,1,plumbing 1,PLUM 1,MIAMI,2024-11-12,2024-11-12,C2025019822 901 NW 116 ST - REMODELLEGALIZATION
contractor,C A R N CONSTRUCTION CORP,CGC1506204,1374 CANARY ISLAND DR WESTON 33327,(786)229-9494,1,windows/doors 1,BLDG 1,MIAMI,2024-11-14,2024-11-14,C2024178248 15982 SW 64 TER - LEGALIZE WINDOWS
contractor,EXXPONENTIAL LLC DBA:EXXPO CONSTRUCTIO,CBC1266471,21378 MARINA COVE CIR B18 AVENTURA 33180,(720)453-8385,1,fence/wall 1,BLDG 1,MIAMI,2024-11-14,2024-11-14,C2025007336 291 NE 152 ST - WOOD FENCE LEGALIZE
contractor,MEGA BUILDERS LLC,CGC1512873,15102 SW 45 LN MIAMI 33185,(786)564-4404,1,other 1,BLDG 1,MIAMI,2024-11-15,2024-11-15,C2024051055 4941 SW 71 PL - LEGALIZE DECK/STAIR
contractor,MAROCEF INC,CGC1516756,3140 S OCEAN DR  #1109 HALLANDALE 33009,(954)457-0597,1,other 1,BLDG 1,MIAMI,2024-11-18,2024-11-18,C2024168398 8892 NW 179 LN - LEGALIZE TERRACE
contractor,AQUA ROOFING INC,12BS00540,2701 SW 29 AVE MIAMI 33133,(786)564-7774,1,roof 1,BLDG 1,MIAMI,2024-11-19,2024-11-19,C2024171735 34 NW 164 ST - LEGALIZATION
contractor,MAJOR LEAGUE BUILDERS INC,CGC1518006,39 NW 60 AVE MIAMI 33126,(305)970-4361,1,enclosure 1,BLDG 1,MIAMI,2024-11-21,2024-11-21,C2024121309 10249 NW 9 STREET CIR        1018 - LEGALIZE BALCONY
contractor,LC POWER INC,EC13008069,5504 SW 131 CT MIAMI 33175,(786)236-4826,1,fence/wall 1,ELEC 1,MIAMI,2024-11-22,2024-11-22,C2025025643 11620 SW 56 ST - LEGALIZATION/FENCE
contractor,CENTRAL AIR CONTROL INC,CAC058412,2651 W 79 ST HIALEAH 33016,(305)822-1551,1,mechanical/AC 1,MECH 1,MIAMI,2024-11-22,2024-11-22,C2024173422 2114 SW 98 AVE - LEGALIZE AC SPLIT
contractor,AC ELECTRICAL INC,EC13005889,11915 SW 37 ST MIAMI 33175,(305)970-2024,1,addition 1,ELEC 1,MIAMI,2024-11-22,2024-11-22,C2025025689 7520 SW 137 CT - LEGALIZATION
contractor,JCOM CONSTRUCTION INC,CGC1520620,5001 SW 74 CT #100 MIAMI 33155,(305)669-5040,1,fence/wall 1,BLDG 1,MIAMI,2024-11-22,2024-11-22,C2024183422 11620 SW 56 ST - LEGALIZATION/FENCE
contractor,A2Z CONSTRUCTION AND REMODEL LLC,CGC1525996,8600 NW 64 ST STE 6 DORAL 33166,(786)953-2388,1,interior 1,MBLD 1,MIAMI,2024-11-25,2024-11-25,M2024021191 2105 NW 102 AVE - LEGALIZE PARTITIONS
contractor,PLUS POWER LLC,EC13009676,7030 W 10TH NAVE HIALEAH 33014,(786)803-0007,1,electrical 1,ELEC 1,MIAMI,2024-11-22,2024-11-22,C2024179045 2739 NW 54 ST - LEGALIZE EXT LIGHTS
contractor,MASTER CONTRACTORS INC,CFC1432992,6476 KIRSTEN WAY LAKE WORTH 33467,(561)712-8898,1,plumbing 1,PLUM 1,MIAMI,2024-12-02,2024-12-02,C2025028062 2510 NE 182 ST - LEGALIZATIONS
contractor,1 OAK HOME IMPROVEMENT INC,CCC1334054,3200 S CONGRESS AVE STE 201 BOYNTON BEACH 33426,(561)513-6211,1,roof 1,BLDG 1,MIAMI,2024-12-02,2024-12-02,C2025026403 4380 SW 107 AVE - REROOF LEGALIZAITON
contractor,ELECTRICAL SERVICES JC INC,EC13005560,4401 SW 102 AVE MIAMI 33165,(305)244-8628,1,electrical 1,ELEC 1,MIAMI,2024-12-06,2024-12-06,C2025016417 5280 SW 69 PL - LEGALIZED DECK&DOCK
contractor,ZARABYSON CONSTRUCTION INC,CGC1507148,18735 SW 124TH AVENUE MIAMI 33177,(786)525-0559,1,interior 1,BLDG 1,MIAMI,2024-12-09,2024-12-09,C2024182193 9340 SW 36 ST - LEGALIZATION
contractor,SECURE TECHNOLOGIES INTEGRATORS INC,EC13007351,6619 S DIXIE HWY 307 MIAMI 33143,(786)573-9081,1,pool/deck 1,ELEC 1,MIAMI,2024-12-10,2024-12-10,C2025032428 27200 SW 138 PL - LEGALIZING PUMP MOT
contractor,"ARKO CONSTRUCTION\, LLC",CGC1529106,13251 SW 113 TERR MIAMI 33186,(305)318-8707,1,interior 1,BLDG 1,MIAMI,2024-12-11,2024-12-11,C2024106264 1300 SW 70 AVE               1300 - DEMO LEGALIZATION
contractor,STAR AIR CONDITIONING CORP,08M000722,12045 SW 185 TERR MIAMI 33177,(305)969-1090,1,interior 1,MECH 1,MIAMI,2024-12-11,2024-12-11,C2025025465 7755 NW 178 ST - LEGALIZE INT ALT
contractor,AVIKTOR CORPORATION,CGC1512673,17650 SW 87 AVE MIAMI 33157,(305)233-0381,1,other 1,BLDG 1,MIAMI,2024-12-13,2024-12-13,C2024057693 5059 SW 71 PL - LEGALIZE WOOD DECK
contractor,JLO A/C INC,CAC1823219,9806 NW 80 AVE STE M12 MIAMI LAKES 33016,(786)252-7078,1,mechanical/AC 1,MECH 1,MIAMI,2024-12-17,2024-12-17,C2025035549 14001 SW 156 TER - LEGALIZE HVAC
contractor,ARTISTIC FENCE AND WALLS CORP,21BS00749,8800 NE 146 LANE MIAMI LAKES 33018,(754)298-6744,1,fence/wall 1,BLDG 1,MIAMI,2024-12-16,2024-12-16,C2025018448 18063 SW 155 CT - LEGALIZE GATES
contractor,JDV CONSTRUCTION LLC,CGC1526518,13274 SW 252ND LN HOMESTEAD 33032,(786)601-2744,1,other 1,BLDG 1,MIAMI,2024-12-20,2024-12-20,C2024041446 2336 NW 60 ST - LEGALIZE/REMOVE TER
contractor,HOLLUB CONSTRUCTION GROUP INC,CRC040894,9771 SO DIXIE HWY MIAMI 331560000,(786)385-9725,1,other 1,BLDG 1,MIAMI,2024-12-19,2024-12-19,C2024077139 5049 SW 71 PL - LEGALIZATION
contractor,H & E ELECTRICAL CONTRACTORS INC,EC13008212,14202 S.W. 160TH  TERR MIAMI 33177,(305)525-6901,1,enclosure 1,ELEC 1,MIAMI,2024-12-23,2024-12-23,C2025039098 14246 SW 164 TER - LEGALIZE TERR
contractor,UNITED MANAGEMENT GROUP LLC DBA:SKYLIN,CGC1524594,10 NW 42 AVE STE 320 MIAMI 33126,(305)567-1577,1,addition 1,MBLD 1,MIAMI,2024-12-26,2024-12-26,M2025001123 1375 SW 17 TER - LEGALIZATION
contractor,AIR CONDITIONING PROTECH CORP,CAC1819060,3960 W 16 AVE STE 206 HIALEAH 33012,(786)663-7051,1,mechanical/AC 1,MECH 1,MIAMI,2024-12-30,2024-12-30,C2025039222 15430 SW 308 ST - LEGALIZATION
contractor,AVG AIR CONDITIONING CORP,CAC1817501,6695 NW 40 ST VIRGINIA GARDENS 33166,(786)201-2300,1,other 1,MECH 1,MIAMI,2024-12-26,2024-12-26,C2025039752 12461 SW 26 ST - LEGALIZATION
contractor,AMARAR CONSTRUCTION SERVICES LLC,CGC1536649,7898 W 15 LN HIALEAH 33014,(305)205-8215,1,windows/doors 1,BLDG 1,MIAMI,2024-12-27,2024-12-27,C2025039895 17801 SW 110 CT - LEGALIZE WINDOWS
contractor,J M ARCE SERVICE INC,CAC057951,6030 SW 22 ST. MIAMI 33155,(305)262-3589,1,mechanical/AC 1,MECH 1,MIAMI,2024-12-27,2024-12-27,C2025040302 1918 RED RD - 3 AC UNITS LEGALIZE
contractor,GALAXY ELECTRICAL CONTRACTORS CORP,EC13005589,7507 FIRENZE LANE NAPLES 34114,(239)642-7100,1,electrical 1,ELEC 1,MIAMI,2025-01-02,2025-01-02,C2025040840 15430 SW 308 ST - LEGALIZATION
contractor,AUTHENTIC CONSTRUCTION AFFAIRS CORP,CGC1529432,5631 NW 190 LANE MIAMI GARDENS 33055,(305)793-1067,1,interior 1,BLDG 1,MIAMI,2025-01-07,2025-01-07,C2024177388 8980 SW 5 LN - LEGALIZATION
contractor,FREEZE AIR CORP,CAC057312,3653 SW 25 ST. MIAMI 33133,(305)442-4251,1,mechanical/AC 1,MECH 1,MIAMI,2025-01-10,2025-01-10,C2025044365 536 NW 95 ST - LEGALIZATION
contractor,BLUE DOOR CONTRACTORS INC,CGC1528858,13364 SW 128 ST MIAMI 33186,(305)244-7481,1,addition 1,BLDG 1,MIAMI,2025-01-13,2025-01-13,C2024061820 1561 NW 132 ST - LEGALIZE ADDITION
contractor,GUISAN AIR CONDITIONING & REFRIGERATIO,CAC1815393,25030 SW 121 PL MIAMI 33032,(305)258-5305,1,enclosure 1,MECH 1,MIAMI,2025-01-15,2025-01-15,C2025045978 9750 SW 161 ST - LEGALIZE GARAGE/BAT
contractor,SIMA CORP OF FLORIDA,CGC1532357,3970 NW 166 ST MIAMI GARDENS 33054,(305)300-9120,1,fence/wall 1,BLDG 1,MIAMI,2025-01-15,2025-01-15,C2025021211 16124 SW 68 TER - LEGALIZE FENCE
contractor,UNIVERSAL AIR CONDITIONING CORP,CFC1429479,11031 NW 62 CT MIAMI 33012,(305)887-5514,1,plumbing 1,PLUM 1,MIAMI,2025-01-16,2025-01-16,C2025047742 8169 SW 40 ST - LEGALIZ.GREASE TRAP
contractor,SIGLER ADVANCED SOLUTIONS INC.,EC13008463,13380 SW 131 ST 117 MIAMI 33186,(786)267-7175,1,electrical 1,ELEC 1,MIAMI,2025-01-18,2025-01-18,C2025016552 7255 NW 35 TER - LEGALIZATION ELEC
contractor,METROPOLITAN AIR CONDITIONING INC,CAC043919,6917 NW 50 STREET MIAMI 33166,(305)264-4646,1,addition 1,MECH 1,MIAMI,2025-01-17,2025-01-17,W2025047428 2430 NW 68 ST - LEGALIZE AC
contractor,BEP SEWER SOLUTIONS LLC.,CFC1432622,3925 NW 165TH ST MIAMI 33054,(786)828-0524,1,plumbing 1,PLUM 1,MIAMI,2025-01-16,2025-01-16,C2025044180 12783 SW 20 TER - REMODEL LEGALIZATIO
contractor,B AND B ELEC CO,EC13011039,1115 WEST 50 PLACE HIALEAH 33012,(305)970-5667,1,electrical 1,ELEC 1,MIAMI,2025-01-16,2025-01-16,C2025047279 536 NW 95 ST - LEGALIZATION
contractor,AGI HOME IMPROVEMENT LLC,CGC1529368,600 NE 185TH ST MIAMI 33179,(786)252-7878,1,fence/wall 1,BLDG 1,MIAMI,2025-01-21,2025-01-21,C2024183719 2581 NE 195 ST - LEGALIZE FENCE/GATE
contractor,GOING GREEN CONSTRUCTION INC,CGC1522136,10800 NW 21 ST STE 200 MIAMI 33172,(786)443-5407,1,interior 1,MBLD 1,MIAMI,2025-01-21,2025-01-21,M2025004307 370 E 55 ST - LEGALIZATION
contractor,VILLA BUILDERS GROUP CORP,CGC1518650,2701 SW 34 AVE MIAMI 33133,(305)331-4901,1,other 1,MBLD 1,MIAMI,2025-01-22,2025-01-22,M2025006289 3389 NW 97 AVE - LEGALIZE STEEL RAMP
contractor,C & T AIR SERVICE INC,CAC056705,2400 W 2 AVE #2 HIALEAH 33010,(305)888-6560,1,mechanical/AC 1,MECH 1,MIAMI,2025-01-23,2025-01-23,C2025044069 1560 NE 151 ST               104 - LEGALIZE INT.REMODE
contractor,GRACE ROOFING & SHEET METAL ENTERPRISE,CCC1329300,766 RIVERSIDE DRIVE CORAL SPRINGS 33071,(954)733-7332,1,roof 1,BLDG 1,MIAMI,2025-01-23,2025-01-23,C2024168116 25914 SW 122 CT - RE-ROOF LEGALIZE
contractor,RUBEN'S KOOL INC,CMC1250471,3155 SW 153 PLACE MIAMI 33185,(305)300-3106,1,mechanical/AC 1,MECH 1,MIAMI,2025-01-24,2025-01-24,C2025051411 10229 NW 9 STREET CIR      210-2 - LEGALIZE A/C SYSTEM
contractor,NATIONAL COMFORT COOLING  INC,CAC1819780,14960 SW 250 ST HOMESTEAD 33032,(786)759-5943,1,mechanical/AC 1,MECH 1,MIAMI,2025-01-24,2025-01-24,C2025050600 9340 SW 36 ST - LEGALIZATION
contractor,ADVANCE GLASS CONTRACTOR CORP,CGC1521199,2470 SW 122 COURT MIAMI 33175,(786)515-4360,1,fence/wall 1,BLDG 1,MIAMI,2025-01-28,2025-01-28,C2025049081 17730 NW 82 AVE - LEGALIZE METAL FENC
contractor,EAGLE OF THE KEYS ROOFING CONTRACTORS,CCC1330053,230 SW 5 AVE FLORIDA CITY 33034,(305)522-0329,1,roof 1,BLDG 1,MIAMI,2025-01-27,2025-01-27,C2025037685 6769 SW 104 CT - REROOF FLAT LEGALIZ
contractor,AMERICAN COOLING MASTERS CORP,CGC1521218,10711 SW 55 ST MIAMI 33165,(786)439-8048,1,fence/wall 1,BLDG 1,MIAMI,2025-01-28,2025-01-28,C2025050857 10711 SW 55 ST - FENCE LEGALIZATION
contractor,RUNU CONTRACTING INC,CGC1515267,2871 NW 156 TERRACE OPA LOCKA 33054,(305)316-6457,1,addition 1,BLDG 1,MIAMI,2025-01-29,2025-01-29,C2024039520 18835 NW 48 AVE - LEGALIZATION SFR
contractor,RJ QUALITY PLUMBING CORP,CFC1427987,6250 NW 173 ST#306 HIALEAH 33015,(954)919-8382,1,plumbing 1,PLUM 1,MIAMI,2025-01-29,2025-01-29,C2025052208 2501 SW 78 CT - LEGALIZATION-PLUM
contractor,AIRCON MANAGEMENT CORP,CMC1250876,1015 W 50 PLACE HIALEAH 33012,(305)761-0681,1,mechanical/AC 1,MECH 1,MIAMI,2025-01-29,2025-01-29,C2025053391 6940 NW 173 DR               805 - LEGALIZE A/C INST
contractor,BLUE COAST PLUMBING CORP DBA:THE DRAIN,CFC1431980,13364 SW 128 ST MIAMI 33186,(305)430-5125,1,addition 1,PLUM 1,MIAMI,2025-01-29,2025-01-29,W2025053397 1561 NW 132 ST - LEGALIZE REAR ADDIT
contractor,CAPOTE PLUMBING CORP,CFC1427737,6811 SW 7 ST MIAMI 33144,(305)263-9912,1,plumbing 1,PLUM 1,MIAMI,2025-01-31,2025-01-31,C2025053659 6321 NW 20 AVE - LEGALIZATION
contractor,ANYTHING PLUMBING LLC,CFC1432422,7820 NW 54TH STREET LAUDERHILL 33351,(954)822-3614,1,plumbing 1,PLUM 1,MIAMI,2025-02-05,2025-02-05,C2025057056 700 NE 160 TER - LEGALIZE WATER HTER
contractor,ANR INVESTMENTS OF FLORIDA LLC,CBC1264487,17125 NW 78TH CT HIALEAH 33015,(305)877-6731,1,fence/wall 1,MBLD 1,MIAMI,2025-02-04,2025-02-04,M2025007375 720 NE 2 PL - LEGALIZE OF WALLSLA
contractor,A & A ESPADA SERVICES CORP,CFC1430798,26221 SW 125 AVE HOMESTEAD 33032,(786)317-1876,1,plumbing 1,PLUM 1,MIAMI,2025-02-06,2025-02-06,C2025035640 7201 SW 84 CT - INT LEGALIZE REMODE
contractor,ECOENERGY CONSTRUCTION LLC,CFC1429020,620 SW 98 TERR PEMBROKE PINES 33025,(954)624-5827,1,plumbing 1,PLUM 1,MIAMI,2025-02-06,2025-02-06,C2025044852 1560 NE 151 ST               104 - LEGALIZE INT.REMODE
contractor,FIGUEROA & DAUGHTERS BUILDERS INC,CGC1512609,5800 SW 127TH AVE MIAMI 33183,(786)344-4996,1,other 1,BLDG 1,MIAMI,2025-02-06,2025-02-06,C2025043122 3170 SW 138 AVE - LEGALIZATION
contractor,"CARRANDI ELECTRIC SERVICES\, INC.",EC13006509,3484 SW 112 AVE MIAMI 33165,(786)897-9582,1,shed/accessory 1,ELEC 1,MIAMI,2025-02-06,2025-02-06,C2025057290 8251 SW 29 ST - LEGALIZE SHED
contractor,URGENT AIR INC,CAC1819058,4109 7TH ST W LEHIGH ACRES 33977,(239)265-5529,1,interior 1,MECH 1,MIAMI,2025-02-11,2025-02-11,C2025027570 10490 SW 186 LN - LEGALIZATION/INSTAL
contractor,JEMS ELECTRIC CORP,EC13004951,7308 MCKINLEY ST HOLLYWOOD 33024,(954)965-0445,1,electrical 1,ELEC 1,MIAMI,2025-02-11,2025-02-11,C2025056370 9900 NW 7 AVE - LEGALIZE VIOLATION
contractor,RAF CONSTRUCTION LLC,CGC1530105,7875 NW 12 ST SUITE 101 MIAMI 33126,(786)762-2204,1,interior 1,BLDG 1,MIAMI,2025-02-12,2025-02-12,C2024171552 13130 SW 128 ST            4 - LEGALIZE INTERIOR
contractor,LUMIX ELECTRICAL LLC,23E000262,10477 SW 108 AVE APT B131 MIAMI 33176,(786)362-3644,1,electrical 1,ELEC 1,MIAMI,2025-02-17,2025-02-17,W2025062139 3035 NW 55 ST - LEGALIZE PRIOR INST
contractor,GOPHERWOOD CONSTRUCTION INC,CGC1519612,16825 NW 14 AVE MIAMI 33169,(305)626-8707,1,fence/wall 1,BLDG 1,MIAMI,2025-02-20,2025-02-20,C2025057539 3038 NW 48 TER - LEGALIZE FENCE
contractor,PLATINUM PLUS CONSTRUCTION LLC,CBC1262281,5239 W BROWARD BLVD PLANTATION 33317,(954)650-4463,1,fence/wall 1,BLDG 1,MIAMI,2025-02-20,2025-02-20,C2025036739 2370 NW 61 ST - LEGALIZE FENCE
contractor,HPL ENTERPRISE INC,CGC1523932,17890 NW 67 AVE APT F HIALEAH 33015,(305)560-7693,1,shed/accessory 1,BLDG 1,MIAMI,2025-02-21,2025-02-21,C2024151183 17321 NW 52 PL - LEGALIZE SHED
contractor,INSTANT POWER ELECTRICAL CONTRACTOR IN,EC13012099,19241 NW 89 AVE HIALEAH 33018,(305)389-6501,1,electrical 1,ELEC 1,MIAMI,2025-02-26,2025-02-26,C2025063320 15465 SW 86 TER              102 - LEGALIZE EV CHARGER
contractor,VENUR CONSTRUCTION LLC,CGC1523860,2950 WEST 84 ST # 103 HIALEAH 33018,(305)903-1795,1,other 1,BLDG 1,MIAMI,2025-02-26,2025-02-26,C2025011598 1200 NE MIAMI GARDENS DR   220W - LEGALIZATION
contractor,NODAL CONSTRUCTION & ELECTRIC ASSOCIAT,CFC1431868,9053 NW 189 TERR HIALEAH 33018,(786)586-3020,1,other 1,MPLU 1,MIAMI,2025-02-26,2025-02-26,M2025008186 3390 NW 127 ST - LEGALIZE SEWER LINE
contractor,"ZU EXPEDITE SERVICES\, LLC",CGC1527610,4061 SW 97 PL MIAMI 33165,(954)662-8181,1,fence/wall 1,BLDG 1,MIAMI,2025-02-26,2025-02-26,C2025063490 13700 SW 62 ST               107 - LEGALIZE FENCE/GATE
contractor,GC PRO LLC,CGC1538936,10161 SW 2ND ST PLANTATION 33324,(561)509-4381,1,interior 1,BLDG 1,MIAMI,2025-02-27,2025-02-27,C2024046356 2051 NE 214 TER - LEGALIZATION
contractor,AG UNLIMITED ELECTRICAL CONTRACTOR LLC,EC13011644,9810 HAMMOCKS BLVD #1010 MIAMI 33196,(786)973-4008,1,electrical 1,ELEC 1,MIAMI,2025-03-03,2025-03-03,C2025068489 1300 SW 70 AVE               1300 - DEMO LEGALIZATION
contractor,DARCO HEAVY EQUIPMENT CORP,CGC1517362,1581 W 49 ST 205 HIALEAH 33012,(786)389-6011,1,other 1,BLDG 1,MIAMI,2025-03-03,2025-03-03,C2025056502 1717 NW 69 ST - LEGALIZE SHUTTERS
contractor,COOL WIND CORP,CAC1817188,10695 SW 5 ST MIAMI 33174,(305)879-6580,1,mechanical/AC 1,MECH 1,MIAMI,2025-03-04,2025-03-04,C2025069818 19550 CYPRESS CT - LEGALIZE HVAC
contractor,DECONEX INC.,CGC1518524,9092 N W SOUTH RIVER DR UNIT # 51 MIAMI 33166,(305)798-7633,1,enclosure 1,BLDG 1,MIAMI,2025-03-07,2025-03-07,C2025021405 10461 SW 42 ST - LEGALIZE ALUM TERR
contractor,"ECO-TECH ELECTRICAL GROUP\, LLC",EC13012434,12005 SW 110TH ST CIR S MIAMI 33186,(786)385-4920,1,electrical 1,ELEC 1,MIAMI,2025-03-07,2025-03-07,C2025058546 4000 TOWERSIDE TER           2211 - LEGALIZE WORK DONE
contractor,ACOSTA PLUMBING SERVICE LLC,CFC1431347,13820 SW 32 TER MIAMI 33175,(305)634-6676,1,plumbing 1,PLUM 1,MIAMI,2025-03-07,2025-03-07,C2025058544 4000 TOWERSIDE TER           2211 - LEGALIZE WORK DONE
contractor,A-POWER SYSTEMS INC,EC13009658,10354 SW 159 AVE MIAMI 33196,(786)251-9059,1,electrical 1,ELEC 1,MIAMI,2025-03-06,2025-03-06,C2025070799 12461 SW 26 ST - LEGALIZATION
contractor,PALACIOS POWER SYSTEMS CORP,21E000439,20026 NW 56 AVE LOT 51 MIAMI GARDENS 33055,(786)641-4827,1,electrical 1,ELEC 1,MIAMI,2025-03-12,2025-03-12,C2025073605 12221 SW 191 TER - LEGALIZATION
contractor,ATEM CONSTRUCTION INC,CBC059223,10054 SW 137 PLACE MIAMI 33186,(786)285-2361,1,addition 1,MBLD 1,HOMESTEAD,2025-03-15,2025-03-15,M2024018694 1746 NW 19 ST - LEGALIZE WORK
contractor,5STAR PLUMBING SERVICES CORP,CFC1428573,11710 SW 180 ST MIAMI 33177,(305)796-3607,1,plumbing 1,PLUM 1,MIAMI,2025-03-20,2025-03-20,C2025072826 5711 NW 199 ST - LEGALIZATION/REMDL
contractor,PINE ROCK BUILDERS GROUP LLC,CBC1261390,11841 SW 31ST STREET MIAMI 33175,(305)632-3223,1,interior 1,BLDG 1,MIAMI,2025-03-20,2025-03-20,C2016039736 4444 SW 71 AVE - LEGALIZATION
contractor,AASAP CORP,CGC1525056,1006 EAST CYPRESS DRIVE POMPANO BEACH 33069,(305)834-5697,1,other 1,BLDG 1,MIAMI,2025-03-26,2025-03-26,C2024164858 781 NW 108 ST - LEGALIZATION
contractor,R A A SERVICE CORP,CMC1250129,15321 SW 36 TERR MIAMI 33185,(305)554-4482,1,mechanical/AC 1,MECH 1,MIAMI,2025-03-26,2025-03-26,C2025081113 4346 SW 134 PL - LEGALIZE AC
contractor,CARIBE ELECTRICAL CONTRACTORS INC,EC13005489,3382 SW 152 PLACE MIAMI 33185,(305)884-6161,1,electrical 1,ELEC 1,MIAMI,2025-03-25,2025-03-25,C2025020384 7441 SW 139 AVE - LEGALIZE TERRACE
contractor,CRR BUILDERS CONSTRUCTION INC,CGC1534616,1825 PONCE DE LEON BLVD UNIT 165 CORAL GABLES 33134,(305)798-9572,1,interior 1,BLDG 1,MIAMI,2025-03-25,2025-03-25,C2023057474 4490 NW 72 AVE - LEGALIZE RACK
contractor,FS ELECTRICAL CONTRACTOR CORP,EC13013688,13982 SW 160 TERR MIAMI 33177,(305)297-4633,1,enclosure 1,ELEC 1,MIAMI,2025-03-25,2025-03-25,C2025078994 11927 SW 271 TER - LEGALIZE GARAGE CON
contractor,METPLANET ELECTRICAL CONTRACTOR INC,EC13007397,6231 GRANT CT HOLLYWOOD 33024,(754)214-1695,1,carport/canopy 1,ELEC 1,MIAMI,2025-03-27,2025-03-27,C2025081878 3147 NW 42 ST - LEGALIZED CARPORT
contractor,SHUTTER BROTHERS LLC,CGC1533874,12250 SW 129 CT STE 108 MIAMI 33186,(305)204-5531,1,other 1,BLDG 1,MIAMI,2025-03-27,2025-03-27,C2025074136 9632 SW 158 CT - LEGALIZATION
contractor,AMERICAN POWER ELECTRIC CORP,EC13003100,1540 E 7TH CT HIALEAH 33010,(786)223-6096,1,electrical 1,ELEC 1,MIAMI,2025-03-28,2025-03-28,W2025081210 19035 E SAINT ANDREWS DR - LEGALIZATIONO
contractor,ENER-G ELECTRIC ELECTRICAL CONTRACTOR,EC13012745,15524 SW 153RD ST MIAMI 33187,(786)593-2014,1,electrical 1,ELEC 1,MIAMI,2025-03-31,2025-03-31,W2025083509 15758 SW 101 ST - LEGALIZE OUT GAZEBO
contractor,"HOME ARCHITECTURE\, LLC",CGC1531909,5301 SW 74 AVE MIAMI 33166,(407)969-1348,1,interior 1,BLDG 1,MIAMI,2025-03-31,2025-03-31,C2025022158 7880 NW 62 ST - LEGALIZE PANEL RACK
contractor,EC COOL AIR CONDITIONING INC,CAC1818279,11900 SW 181 STREET MIAMI 33177,(786)514-6098,1,mechanical/AC 1,MECH 1,MIAMI,2025-04-02,2025-04-02,C2025084815 11435 SW 109 RD            46-A - LEGALIZE AC CHG OUT
contractor,NEW SERVICE COMPANY,CAC1814442,501 SW 1 ST #302 MIAMI 33130,(305)798-7383,1,addition 1,MECH 1,MIAMI,2025-04-03,2025-04-03,C2025085660 29505 SW 155 CT - LEGALIZATION
contractor,UNIFIELD BUILDING SOLUTIONS LLC,CCC1334710,2980 NW 66TH ST MIAMI 33147,(786)326-3652,1,roof 1,BLDG 1,MIAMI,2025-04-03,2025-04-03,W2025070726 8233 NW 14 CT - LEGALIZATION
contractor,L CORTES CONSTRUCTION SERVICE LLC,CGC1521716,18786 NW 79 WAY HIALEAH 33015,(305)454-3894,1,windows/doors 1,BLDG 1,MIAMI,2025-04-04,2025-04-04,C2025053385 4139 NW 23 AVE - LEGALIZE WINDOW
contractor,AA MASTERS MECHANICAL AIR MOVING & ENG,CFC1426169,500 NW 49TH ST MIAMI 33150,(305)559-7004,1,plumbing 1,PLUM 1,MIAMI,2025-04-06,2025-04-06,C2025086480 2511 NW 65 ST - LAUNDRY LEGALIZATIO
contractor,BJ BURNS INCORPORATED,EC13007637,1411 SAWGRASS CORPORATE PARKWAY SUNRISE 33323,(786)286-3584,1,addition 1,ELEC 1,MIAMI,2025-04-04,2025-04-04,C2025084223 17880 SW 102 AVE - LEGALIZATIONS
contractor,"CARLY ELECTRICAL SERVICE\, INC",EC13005942,680 FLAGAMI BLVD MIAMI 33144,(305)261-8077,1,enclosure 1,ELEC 1,MIAMI,2025-04-11,2025-04-11,W2025089694 15834 SW 147 ST - LEGALIZE GARAGE-GYM
contractor,GARAGE DOOR SOLUTIONS CORP,13BS00180,10843 NW 29TH ST DORAL 33172,(786)546-2879,1,enclosure 1,BLDG 1,MIAMI,2025-04-11,2025-04-11,C2025088873 15385 SW 152 TER - LEGALIZE GARAGE DOR
contractor,DIRECT BUILDERS OF SOUTH FLORIDA INC,CGC1523480,13330 SW 99 TER MIAMI 33186,(786)301-2475,1,interior 1,BLDG 1,MIAMI,2025-04-14,2025-04-14,C2025045566 6315 SW 138 CT             6315-5 - LEGALIZE REMODEL
contractor,D N CONSTRUCTION COMPANY INC,CGC058449,669 W 14 ST HIALEAH 33010,(305)888-3119,1,interior 1,BLDG 1,MIAMI,2025-04-15,2025-04-15,C2024081503 2747 NW 54 ST - LEGALIZE VIOLATION
contractor,TOP NOTCH GENERAL CONTRACTORS INC,CGC1519125,21305 SW 238 ST HOMESTEAD 33031,(786)487-0704,1,addition 1,BLDG 1,MIAMI,2025-04-16,2025-04-16,C2025074023 16731 SW 298 TER - LEGALIZE ADDITION
contractor,PH QUALITY POWER INC,24E000147,9983 SW 155TH ST MIAMI 33157,(786)315-3067,1,electrical 1,ELEC 1,MIAMI,2025-04-17,2025-04-17,C2025092570 7385 SW 19 STREET RD - LEGALIZATION
contractor,PREI ELECTRIC & SECURITY SERVICES LLC,23E000255,617 SW 95 CT MIAMI 33174,(786)805-0779,1,electrical 1,ELEC 1,MIAMI,2025-04-21,2025-04-21,C2025094019 2066 SW 156 AVE - LEGALIZATION
contractor,OSCAR ELECTRIC COMPANY,EC13006292,4614 SW 134TH CT MIAMI 33175,(305)207-4440,1,electrical 1,ELEC 1,MIAMI,2025-04-21,2025-04-21,C2025094272 407 GRAND CANAL DR - LEGALIZATION/DEMO
contractor,WAMVY CONSTRUCTION GROUP LLC,CGC1536807,11530 SW 139 TER MIAMI 33176,(786)554-7667,1,windows/doors 1,BLDG 1,MIAMI,2025-04-23,2025-04-23,C2025088972 13231 SW 27 ST - WINDOW LEGALIZATION
contractor,ALL ELECTRIC AP INC,EC13011220,3191 NW 18 ST MIAMI 33125,(786)406-2980,1,pool/deck 1,ELEC 1,MIAMI,2025-04-22,2025-04-22,C2025095023 11395 SW 88 AVE - LEGALIZATION
contractor,FRANCAR ELECTRICAL CORPORATION,EC13009281,16012 SW 79 TERR MIAMI 33193,(305)300-0462,1,electrical 1,ELEC 1,MIAMI,2025-04-22,2025-04-22,C2024103139 5375 NW 74 AVE - EXT OUTLET LEGALIZA
contractor,SCORPIO ELECTRIC INC,000011238,6855 SW 42 ST MIAMI 331550000,(305)448-5856,1,windows/doors 1,ELEC 1,MIAMI,2025-04-22,2025-04-22,C2025094792 18295 SW 204 ST - LEGALIZE DOOR
contractor,USA ROOFING AND CONSTRUCTION INC,CCC1334537,5900 STIRLING RD BAY 1 HOLLYWOOD 33021,(954)898-2550,1,roof 1,BLDG 1,MIAMI,2025-04-22,2025-04-22,C2025067976 14840 NE 8 AVE - SHINGLES LEGALIZE
contractor,ONE STOP CONSTRUCTION INC,CGC1505208,4214 SW 2 TERRACE MIAMI 33134,(305)442-2799,1,other 1,BLDG 1,MIAMI,2025-04-23,2025-04-23,C2023051115 12515 SW 85 AVENUE RD - REMODEL/LEGALIZE AD
contractor,"D CONSTRUCTION GROUP\, INC",CGC1516770,4239 SW 157 CT MIAMI 33185,(305)498-3930,1,addition 1,BLDG 1,MIAMI,2025-04-24,2025-04-24,C2025080680 8270 SW 39 ST - LEGALIZE PORCH/TERR
contractor,2 SCALE INC,CGC1512538,9775 NW 49TH TERRACE DORAL 33178,(786)200-7653,1,interior 1,BLDG 1,MIAMI,2025-04-29,2025-04-29,C2024183482 7301 NW 41 ST - LEGALIZE GAS KILN
contractor,SHARK PLUMBING INC,CFC1428368,12782 SW 20 STREET MIAMI 33175,(305)384-5595,1,plumbing 1,PLUM 1,MIAMI,2025-04-29,2025-04-29,C2025098922 2066 SW 156 AVE - LEGALIZATION
contractor,DI OBRA DEVELOPMENT GROUP CORP,CGC1504181,9350 FONTAINBLEAU BLVD C612 MIAMI 33172,(786)355-7999,1,interior 1,BLDG 1,MIAMI,2025-04-30,2025-04-30,C2025038358 11840 SW 172 ST - LEGALIZE VIOLATION
contractor,V & G COMPANY,CGC052750,2899 W 2 AVE MIAMI 33010,(305)884-5858,1,fence/wall 1,BLDG 1,MIAMI,2025-04-30,2025-04-30,C2025063400 17131 NW 52 AVE - LEGALIZE FENCE
contractor,PILAR SERVICES INC,CAC058406,8191 NW 91 TERR A-1 MEDLEY 33166,(305)888-2421,1,mechanical/AC 1,MECH 1,MIAMI,2025-05-01,2025-05-01,C2025092535 2410 NE 184 ST - NEW A/C LEGALIZE
contractor,PRO-PRECISION ELECTRICAL CONTRACTING L,EC13007117,9730 SW 220 ST CUTLER BAY 33190,(305)439-1784,1,electrical 1,ELEC 1,MIAMI,2025-05-05,2025-05-05,W2025101766 10775 SW 190 ST - LEGALIZE CHANGES
contractor,TOP ELECTRIC SERVICES CORP,EC13007059,10130 SW 46 ST MIAMI 33165,(305)303-6960,1,electrical 1,ELEC 1,MIAMI,2025-05-05,2025-05-05,C2025101319 18900 SW 197 AVE - LEGALIZATION
contractor,AIM COOLING AND HEATING LLC,CAC1821626,15185 SW 172 ST MIAMI 33187,(786)234-4410,1,interior 1,MECH 1,MIAMI,2025-05-07,2025-05-07,C2025102695 7301 NW 41 ST - LEGALIZE GAS KILN
contractor,HMS CONSTRUCTION CORPORATION,CGC057018,2672 NW 31 AVE FT LAUDERDALE 33311,(954)730-7802,1,fence/wall 1,BLDG 1,MIAMI,2025-05-08,2025-05-08,C2025090981 1121 NW 100 ST - FENCE LEGALIZATION
contractor,FOSTER & SON ELECTRICAL CONTRACTORS IN,EC13010244,2498 NW 3RD STREET MIAMI 33125,(305)345-3134,1,electrical 1,ELEC 1,MIAMI,2025-05-13,2025-05-13,C2025104158 7301 NW 41 ST - LEGALIZE GAS KILN
contractor,ALLIED HURRICANE SOLUTIONS INC,CRC1335162,9483 NW 12 ST DORAL 33172,(786)741-2822,1,windows/doors 1,BLDG 1,MIAMI,2025-05-13,2025-05-13,C2025102740 3650 NW 102 ST - LEGALIZATION
contractor,EMC PROFESSIONAL SERVICES INC DBA:CAST,CGC1525709,1900 S HARBOR CITY BLVD 328 MELBOURNE 32901,(321)339-3422,1,other 1,BLDG 1,MIAMI,2025-05-14,2025-05-14,C2025067118 11945 W BISCAYNE CANAL RD - WOOD DECK LEGALIZE
contractor,INDUSTRY LLC,CGC1535566,2499 GLADES ROAD BOCA RATON 33431,(561)206-2426,1,windows/doors 1,BLDG 1,MIAMI,2025-05-14,2025-05-14,C2025055420 2785 NW 59 ST - LEGALIZE WINDOWS
contractor,POWER ENTERPRISE ELECTRICAL CORP,EC13005711,11741 SW 179 TERR MIAMI 33177,(786)282-0161,1,enclosure 1,ELEC 1,MIAMI,2025-05-13,2025-05-13,W2025105074 15230 NW S RIVER DR - LEGALIZE GARAGE
contractor,TEKCON CONSTRUCTION INC,CGC050904,3001 W HALLANDALE BCH BLVD STE300 PEMBROKE PINES 33009,(954)981-1154,1,other 1,BLDG 1,MIAMI,2025-05-16,2025-05-16,C2025072446 12050 NW 28 AVE - LEGALIZATION
contractor,DELCON SOLUTIONS ELECTRICAL CONTRACTOR,EC13008344,14333 SW 146 AVE MIAMI 33186,(786)344-4032,1,electrical 1,ELEC 1,MIAMI,2025-05-15,2025-05-15,C2025098860 5711 NW 199 ST - LEGALIZATION/REMDL
contractor,SUN POWER & LIGHT INC,EC13004716,6400 SW 37 ST MIAMI 33155,(786)286-4391,1,electrical 1,ELEC 1,MIAMI,2025-05-15,2025-05-15,C2025106786 14921 SW 17 LN - LEGALIZE LIGHT INST
contractor,STARK ROOFING & CONSTRUCTION GROUP INC,CBC1265211,3700 NW 13 ST MIAMI 33126,(844)557-8275,1,fence/wall 1,BLDG 1,MIAMI,2025-05-15,2025-05-15,C2025022529 9427 SW 151 AVE - LEGALIZE WOOD FENCE
contractor,RIGHT NOW AIR SOLUTIONS LLC,CMC1250316,7327 NW 54 ST MIAMI 33166,(305)409-4443,1,interior 1,MECH 1,MIAMI,2025-05-14,2025-05-14,C2025105732 2066 SW 156 AVE - LEGALIZATION
contractor,LION PLUMBING INC,CFC1428299,10847 NW 29 ST DORAL 33172,(305)597-4555,1,plumbing 1,PLUM 1,MIAMI,2025-05-16,2025-05-16,C2025076706 1680 NE 191 ST             202-2 - LEGALIZE TUB
contractor,YU SERVICE AND REPAIR INC,CFC1432510,421 NW 135 AVE MIAMI 33182,(786)344-0772,1,plumbing 1,PLUM 1,MIAMI,2025-05-28,2025-05-28,C2025105443 3929 SW 60 CT - LEGALIZATION
contractor,AQUARIUS BUILDING INC,CGC1515735,7700 NW 163 ST MIAMI LAKES 33016,(305)824-1324,1,other 1,ZIPS 1,MIAMI,2025-05-28,2025-05-28,C2025104111 7721 NW 201 TER - LEGALIZE PERGOLA
contractor,DEEN CONSTRUCTION COMPANY,CGC058357,5881 NW 192 ST MIAMI 33015,(305)626-8268,1,fence/wall 1,BLDG 1,MIAMI,2025-05-29,2025-05-29,C2025067882 845 NW 139 ST - DURAFENCE LEGALIZE
contractor,ELITE GAS CONTRACTOR INC,24437,1525 W 35 PL HIALEAH 33012,(786)370-4298,1,interior 1,PLUM 1,MIAMI,2025-06-03,2025-06-03,C2025101157 11464 SW 100 TER - LEGALIZE GAS SYSTEM
contractor,RIO ELECTRIC LLC,EC13007653,2527 W 76 ST APT 109 HIALEAH 33016,(786)564-8393,1,fence/wall 1,ELEC 1,MIAMI,2025-06-03,2025-06-03,C2025108606 12350 SW 193 ST - LEGALIZATION/FENCE
contractor,"AIR KING MECHANICAL CONTRACTOR\,INC.",CAC057975,3351 SW 137 AVE MIRAMAR 33027,(305)823-5888,1,mechanical/AC 1,MECH 1,MIAMI,2025-06-03,2025-06-03,C2025114018 1425 SW 122 AVE            7-17 - A/C LEGALIZATION
contractor,UTECH COOLING LLC,CAC1820247,3281 SW 142 AVE MIAMI 33175,(786)253-4230,1,fence/wall 1,MECH 1,MIAMI,2025-06-03,2025-06-03,C2025108198 12350 SW 193 ST - LEGALIZATION/FENCE
contractor,BROTHERS BACKFLOW SPECIALISTS INC,CFC1429905,6800 BIRD RD STE 439 MIAMI 33155,(305)267-3992,1,plumbing 1,PLUM 1,MIAMI,2025-06-02,2025-06-02,C2025114273 12050 NW 28 AVE - LEGALIZATION
contractor,SUNBELT ELECTRICAL LLC,EC13009160,6150 SW 4 ST MARGATE 33068,(954)696-4724,1,electrical 1,ELEC 1,MIAMI,2025-06-02,2025-06-02,C2025114891 12050 NW 28 AVE - LEGALIZATION
contractor,ALL PHASE ENTERPRISES INC,EC13009723,3021 SW 16TH ST MIAMI 33145,(786)214-4345,1,electrical 1,ELEC 1,MIAMI,2025-06-04,2025-06-04,C2025116815 20510 NE 15 CT - LEGALIZATION
contractor,ADATECH CORPORATION,CGC1504577,927 NW 134 PL MIAMI 331822264,(305)485-0641,1,interior 1,BLDG 1,MIAMI,2025-06-04,2025-06-04,C2025093895 850 NW 87 AVE              306 - LEGALIZE BALCONY
contractor,MARVEL GROUP CORP,CFC1431227,11011 W OKEECHOBEE RD HIALEAH GARDENS 33018,(786)499-1778,1,plumbing 1,PLUM 1,MIAMI,2025-06-04,2025-06-04,C2025116521 8980 SW 5 LN - LEGALIZATION
contractor,DHARMA CONSTRUCTION GROUP INC,CGC1516502,2555 SW 20 ST MIAMI 33145,(305)450-7087,1,other 1,BLDG 1,MIAMI,2025-06-04,2025-06-04,C2025068423 13612 NW 10 TER - LEGALIZATION
contractor,AMERICAN FENCE SHOP LLC,CGC1522356,4790 E 11 AVE HIALEAH 33013,(305)935-3464,1,interior 1,MBLD 1,MIAMI,2025-06-05,2025-06-05,M2025016358 1683 NE 168 ST - LEGALIZE REMODEL
contractor,ADIEZA CORPORATION,CGC1504520,25371 SW 142 AVE PRINCETON 33032,(305)270-3262,1,addition 1,BLDG 1,MIAMI,2025-06-05,2025-06-05,C2025089796 4940 SW 100 CT - LEGALIZATION
contractor,SQUARE AND COMPASS GENERAL CONTRACTOR,19B000138,5549 SW 2ND STREET MIAMI 33134,(305)586-5835,1,windows/doors 1,BLDG 1,MIAMI,2025-06-06,2025-06-06,C2025096763 10732 SW 186 ST            10732 - OPEN DOOR LEGALIZE
contractor,CORNERSTONE CONSTRUCTION MANAGEMENT LL,CGC055103,14836 SW 132ND AVE MIAMI 33186,(305)546-7862,1,interior 1,BLDG 1,MIAMI,2025-06-09,2025-06-09,C2025018044 650 NE 185 ST - LEGALIZATIONS
contractor,MO-JO PLUMBING & SEPTIC SERVICES LLC,CFC1427913,92 NE 49 ST MIAMI 33137,(786)346-5020,1,plumbing 1,PLUM 1,MIAMI,2025-06-09,2025-06-09,C2025117121 2148 NW 85 ST - LEGALIZE BATHROOM
contractor,ARAUZ ROOFING INC,CCC1333437,11238 SW 6TH STREET MIAMI 33174,(305)510-6842,1,carport/canopy 1,BLDG 1,MIAMI,2025-06-10,2025-06-10,C2025108945 14520 CARVER DR - LEGALIZE CARPORT
contractor,PICOS CONSTRUCTION ENGINEERING LLC,CGC1533943,1920 BAHAMA DRIVE MIRAMAR 33023,(786)663-6821,1,other 1,BLDG 1,MIAMI,2025-06-11,2025-06-11,C2024150925 230 NW 148 ST - LEGALIZE OPENINGS
contractor,R.P. ELECTRIC INC,02E000693,1611 SW 126 PLACE MIAMI 33175,(305)788-4457,1,electrical 1,ELEC 1,MIAMI,2025-06-12,2025-06-12,W2025067689 14291 SW 120 ST              103 - LEGALIZED WORK
contractor,N & N ELECTRICAL CONTRACTOR LLC,EC13002090,18512 NW 42ND CT MIAMI GARDENS 33055,(786)246-9641,1,electrical 1,ELEC 1,MIAMI,2025-06-11,2025-06-11,C2025117760 1425 SW 122 AVE            7-17 - A/C LEGALIZATION
contractor,ANTARTIKA AIR CONDITIONING CO. INC,CMC1249850,2000 SW 137TH COURT MIAMI 33175,(786)282-8765,1,mechanical/AC 1,MECH 1,MIAMI,2025-06-12,2025-06-12,C2025120817 13569 SW 62 ST               93 - LEGALIZE AC
contractor,C E C CONSTRUCTION CORP,CGC013082,15700 SW 77 AVE MIAMI 33157,(305)233-6908,1,windows/doors 1,BLDG 1,MIAMI,2025-06-12,2025-06-12,C2025108587 7421 SW 135 AVE - LEGALIZE WINDOWS
contractor,AIR CENTRAL SERVICES CORP,CAC1816874,580 LA VILLA DRIVE MIAMI SPRINGS 33166,(305)772-5671,1,mechanical/AC 1,MECH 1,MIAMI,2025-06-13,2025-06-13,W2025121228 1535 NW 85 ST - LEGALIZE A/C REPLAC
contractor,NEXLEVEL CONTRACTORS CORP,CGC1530197,11367 SW 236 LANE HOMESTEAD 33032,(786)566-8160,1,windows/doors 1,BLDG 1,MIAMI,2025-06-16,2025-06-16,C2025110527 12063 SW 10 ST               302 - LEGALIZE WIND/DOOR
contractor,PROFICIENT AIR COOLING LLC,CMC1249380,2807 NW 7 TERR CAPE CORAL 33993,(786)246-2090,1,mechanical/AC 1,MECH 1,MIAMI,2025-06-17,2025-06-17,C2025115546 10555 NW 21 AVE - AC LEGALIZATION
contractor,MORATA PLUMBING CORP,21P000518,13401 SW 178 STREET MIAMI 33177,(305)903-8021,1,plumbing 1,PLUM 1,MIAMI,2025-06-17,2025-06-17,C2025122102 5414 NW 72 AVE - WAL LEGALIZATION
contractor,TADEOS ENGINEERING LLC,CGC1523427,8857 NW 178TH ST HIALEAH 33018,(305)903-8816,1,interior 1,MBLD 1,MIAMI,2025-06-17,2025-06-17,M2025001791 3110 W 84 ST               6-E - INT LEGALIZATION
contractor,LORENTE PLUMBING SERVICES INC,CFC1432298,8425 SW 45TH ST MIAMI 33155,(786)277-9615,1,plumbing 1,PLUM 1,MIAMI,2025-06-19,2025-06-19,C2025123484 14211 SW 37 ST - LEGALIZATION  PLUM
contractor,ECO COOLING INC,CAC1820430,18620 BELMONT DR CUTLER BAY 33157,(305)316-2609,1,addition 1,MECH 1,MIAMI,2025-06-18,2025-06-18,W2025123607 8540 SW 125 TER - STORAGE LEGALIZATIO
contractor,J & J CARDONA CONSTRUCTION INC,CGC1509008,990 NE 146 ST MIAMI 33161,(786)556-3084,1,fence/wall 1,BLDG 1,MIAMI,2025-06-20,2025-06-20,C2025053995 1568 NW 102 ST - LEGALIZE WOOD FENCE
contractor,MIAMI ELECTRIC & AIR CONDITIONING CORP,CAC1823811,28200 SW 159 AVE HOMESTEAD 33033,(305)916-8916,1,mechanical/AC 1,MECH 1,MIAMI,2025-06-20,2025-06-20,C2025106673 3929 SW 60 CT - LEGALIZATION
contractor,SOUTHEASTERN CONSTRUCTION GROUP INC,CGC1508774,6002 NW 6 AVE MIAMI 33127,(786)487-7404,1,other 1,MBLD 1,MIAMI,2025-06-25,2025-06-25,M2024011848 1240 NW 124 ST - LEGALIZE STRUCTURE
contractor,CABRERA AIR CONDITIONING INC,CAC1823629,7166 NW 72 AVE MIAMI 33166,(305)200-5598,1,mechanical/AC 1,MECH 1,MIAMI,2025-06-26,2025-06-26,C2025115202 4125 SW 108 AVE - LEGALIZE MINI SPLIT
contractor,CCGS LLC,CGC1536895,6644 SW 194 AVE FT LAUDERDALE 33332,(305)775-6605,1,other 1,BLDG 1,MIAMI,2025-06-26,2025-06-26,C2025047729 12002 SW 102 ST - GAZEBO LEGALIZATION
contractor,C L ELIAS CONSTRUCTION INC,CGC1514992,7440 SW 50 TERRACE  UNIT #103 MIAMI 33155,(305)662-3837,1,enclosure 1,BLDG 1,MIAMI,2025-06-26,2025-06-26,C2025074998 15567 SW 118 ST - LEGALIZE TERRACE
contractor,CHANEY ELECTRIC INC,EC0002048,24045 SW 142 AVE HOMESTEAD 33032,(786)226-6886,1,other 1,ELEC 1,MIAMI,2025-06-27,2025-06-27,C2025126715 23075 SW 212 AVE - NEW SFR LEGALIZATIO
contractor,YD GLOBAL ELECTRIC INC,EC13006898,6859 SW 37 ST MIAMI 33155,(305)525-2355,1,electrical 1,ELEC 1,MIAMI,2025-06-26,2025-06-26,C2025125542 17215 SW 301 ST - LEGALIZE LIGHTS
contractor,ADVANCED CONSTRUCTION & ENGINEERING IN,CBC058413,10731 SW 34 ST MIAMI 33165,(786)443-8739,1,windows/doors 1,BLDG 1,MIAMI,2025-06-27,2025-06-27,C2025107150 1425 SW 122 AVE              3-17 - LEGALIZE FRONT DOOR
contractor,ELECTRICAL START LLC,22E000435,14340 S.W 109TH AVE MIAMI 33176,(786)303-8107,1,electrical 1,ELEC 1,MIAMI,2025-06-27,2025-06-27,C2025123809 7347 NW 56 ST              7347 - LEGALIZATION
contractor,BURCORP LLC,CGC050931,20430 NW 24 AVENUE MIAMI 33056,(786)663-5900,1,interior 1,BLDG 1,MIAMI,2025-07-01,2025-07-01,C2025061619 3156 NW 53 ST - LEGALIZE BATH/WINDW
contractor,MONTES DE OCA STATE CORP,CMC1250513,1820 SW 70 AVE MIAMI 33155,(305)741-8355,1,mechanical/AC 1,MECH 1,MIAMI,2025-07-03,2025-07-03,C2025122480 11811 SW 18 ST             4-24 - LEGALIZE AC CONDENS
contractor,AMERICAN EAGLE AIR CONDITIONING INC,CAC057621,14825 SW 82 STREET MIAMI 33193,(305)752-9822,1,mechanical/AC 1,MECH 1,MIAMI,2025-07-03,2025-07-03,C2025131546 11777 SW 18 ST               3 - LEGALIZE A/C
contractor,BUILDERS STONE CONSTRUCTIONS LLC,CGC1530231,16784 SW 95 ST MIAMI 33196,(786)340-7995,1,other 1,BLDG 1,MIAMI,2025-07-02,2025-07-02,C2025021550 3665 NW 48 ST - LEGALIZATION
contractor,CHARLES PLUMBING SERVICE INC,CFC1433701,2449 RODMAN ST HOLLYWOOD 33020,(305)772-7491,1,addition 1,PLUM 1,MIAMI,2025-07-08,2025-07-08,C2025132105 18835 NW 48 AVE - LEGALIZATION SFR
contractor,D-AIR CONDITIONING COMPANY,CFC1430407,1002 NW 99 CT MIAMI 33172,(786)390-1532,1,plumbing 1,PLUM 1,MIAMI,2025-07-09,2025-07-09,C2025133411 6995 NW 43 ST - LEGALIZATION
contractor,WO CONSTRUCTION AND ENGINEERING LLC,CGC1536328,6780 NW 41 ST CORAL SPRING 33067,(786)261-9550,1,windows/doors 1,BLDG 1,MIAMI,2025-07-14,2025-07-14,C2025107538 11801 SW 18 ST             2-25 - WINDOW/DOOR LEGALIZ
contractor,HTH GROUP INC,CGC1538265,8211 NW 64 ST UNIT 3 DORAL 33166,(786)615-4298,1,other 1,BLDG 1,MIAMI,2025-07-14,2025-07-14,C2025125497 1205 SW 146 CT - LEGALIZATION
contractor,J A CONSTRUCTION & DEVELOPMENT LLC,CGC1526692,24210 SW 147 AVE HOMESTEAD 33032,(786)302-3323,1,interior 1,BLDG 1,MIAMI,2025-07-15,2025-07-15,C2025098024 23709 SW 133 AVE - LEGALIZATION
contractor,NISTAL SALVADOR,CBC1263246,1771 WAKEENA DRIVE MIAMI 33133,(786)277-2202,1,other 1,BLDG 1,MIAMI,2025-07-16,2025-07-16,C2025104337 9460 SW 37 ST - REMOVE OVER/LEGALIZ
contractor,BETANCO ELECTRICAL SERVICES INC,EC13006850,9942 SW 196 ST MIAMI 33157,(786)295-7319,1,electrical 1,ELEC 1,MIAMI,2025-07-18,2025-07-18,C2025138551 18001 NW 47 CT - LEGALIZE GATE MOTOR
contractor,GUNTHER CONSTRUCTION LLC,CGC1537295,515 E LAS OLAS BLVD SUITE 120 FT LAUDERDALE 33301,(954)887-6804,1,interior 1,BLDG 1,MIAMI,2025-07-22,2025-07-22,C2025111209 20030 W DIXIE HWY  15201 - LEGALIZE UNIT 15201
contractor,EDFALCONSTRUCTION LLC,CGC1526142,8863 NW 116 STREET HIALEAH GARDENS 33018,(786)641-9925,1,windows/doors 1,BLDG 1,MIAMI,2025-07-23,2025-07-23,C2025139129 5001 SW 96 AVE - LEGALIZE FRONT DOOR
contractor,ROOFERS & PLUMBERS INC,CFC1431241,4436 SW 49TH COURT FT LAUDERDALE 33314,(954)471-3258,1,addition 1,PLUM 1,MIAMI,2025-07-25,2025-07-25,C2025146634 21373 SW 124 PL - LEGALIZE ADDITION
contractor,SOUTH BEACH CONSTRUCTION INC,CGC041575,10180 W BAY HARBOR DR 2 A BAY HARBOR ISLAND 33154,(786)258-0187,1,interior 1,BLDG 1,MIAMI,2025-07-25,2025-07-25,C2025055536 7255 NW 68 ST                19 - LEGALIZE REMODEL
contractor,SYLW LLC,CGC1536803,20564 SW 127 PLACE MIAMI 33177,(239)266-0756,1,other 1,BLDG 1,MIAMI,2025-07-25,2025-07-25,C2025111448 24001 SW 202 AVE - LEGALIZE/RESTORE
contractor,CON-ARCH DESIGNERS INC,CGC1517272,2131 SW 138TH CT MIAMI 33175,(786)457-5805,1,interior 1,BLDG 1,MIAMI,2025-07-29,2025-07-29,C2025116547 8500 SW 92 ST                B202 - LEGALIZE INTERIOR
contractor,AD GROUP US LLC,CGC1527176,4744 SW 4TH STREET MIAMI 33134,(305)336-7387,1,fence/wall 1,BLDG 1,MIAMI,2025-07-29,2025-07-29,C2025134064 6145 SW 85 AVE - LEGALIZE WOOD FENCE
contractor,"DIROMA CONSTRUCTION COMPANY\, INC",CGC1507168,16483 NE 27TH AVENUE NORTH MIAMI 33181,(786)286-4458,1,interior 1,BLDG 1,MIAMI,2025-07-29,2025-07-29,C2024135767 1465 NE 110 ST - LEGALIZE OPENING
contractor,SIMON CONSULTING LLC,EC13014123,10601 SW 26 TERRACE MIAMI 33165,(305)542-1070,1,electrical 1,ELEC 1,MIAMI,2025-07-30,2025-07-30,C2025138259 230 NW 148 ST - LEGALIZE OPENINGS
contractor,B&O BUILDERS SERVICES INC,CGC1517924,4734 NW 67 STREET OCALA 34482,(786)556-0578,1,windows/doors 1,BLDG 1,MIAMI,2025-07-30,2025-07-30,C2025043234 295 NW 72 AVE                210 - LEGALIZE WINDOWS
contractor,SOUTH DOM ELECTRIC INC,EC13005521,5860 NW 192 ST MIAMI 33015,(305)626-5904,1,electrical 1,ELEC 1,MIAMI,2025-07-30,2025-07-30,C2025148460 11534 SW 117 CT - LEGALIZE CONVERSION
contractor,LLARENA SERVICE CENTER LLC,CAC1819024,3430 EAST 2ND AVENUE HIALEAH 33013,(305)494-9374,1,addition 1,MECH 1,MIAMI,2025-07-30,2025-07-30,W2025140356 3591 SW 142 AVE - LEGALIZATION
contractor,OMMEC LLC,CGC1511927,10235 SW 154 PL #101 MIAMI 33196,(305)609-9233,1,fence/wall 1,BLDG 1,MIAMI,2025-07-31,2025-07-31,C2025123685 9624 SW 163 CT - LEGALIZE
contractor,ALLURE PLUMBING CORP,CFC1432215,23701 SW 133RD AVE HOMESTEAD 33032,(305)910-8509,1,plumbing 1,PLUM 1,MIAMI,2025-07-31,2025-07-31,C2025149238 3156 NW 53 ST - LEGALIZE BATH/WINDW
contractor,"CITY FIRE PROTECTION\, INC",EF20001973,8004 NW 154 ST STE 641 MIAMI LAKES 33016,(786)505-2489,1,other 1,ELEC 1,MIAMI,2025-07-30,2025-07-30,C2025112673 12050 NW 28 AVE - LEGALIZATION
contractor,VARMO CONSTRUCTION LLC,CGC1520547,12354 SW 252 TERR HOMESTEAD 33032,(305)244-8712,1,interior 1,BLDG 1,MIAMI,2025-08-01,2025-08-01,C2025114202 11969 SW 271 TER - LEGALIZATION
contractor,A & J GENERAL CONTRACTORS CORP,CGC1519495,7947 NW 64 ST MIAMI 33166,(305)599-2782,1,interior 1,BLDG 1,MIAMI,2025-08-05,2025-08-05,C2025079263 3645 NW 74 ST - LEGALIZE OPENING
contractor,CLARK ELECTRICAL TECHNOLOGY LLC,24E000105,8585 NW 1ST LANE MIAMI 33126,(786)720-3318,1,electrical 1,ELEC 1,MIAMI,2025-08-07,2025-08-07,C2025147384 2433 NW 97 ST - LEGALIZE CONVERSION
contractor,TEQUESTA CONSTRUCTION SERVICES GROUP I,CGC1505352,1101 SW 64 AVE MIAMI 33144,(305)793-4391,1,addition 1,BLDG 1,MIAMI,2025-08-08,2025-08-08,C2025075508 10237 NW 9 STREET CIR      111-4 - LEGALIZATION
contractor,GARNET ENGINEERING AND CONTRACTING LLC,CGC1534216,11049 SW 113 PL MIAMI 33176,(305)491-4028,1,enclosure 1,BLDG 1,MIAMI,2025-08-12,2025-08-12,C2025119956 10245 NW 9 STREET CIR      106-9 - LEGALIZE ENCLOSURE
contractor,BLASCO PLUMBING CORP,CFC1432124,3815 NW 186 ST MIAMI GARDENS 33055,(786)439-4321,1,plumbing 1,PLUM 1,MIAMI,2025-08-11,2025-08-11,W2025154175 2761 SW 92 PL - LEGALIZATIONODEL
contractor,AR SPACE LLC,CGC1536822,10365 SW 38 TERRACE MIAMI 33165,(786)694-3176,1,interior 1,BLDG 1,MIAMI,2025-08-13,2025-08-13,C2025092375 10916 SW 188 ST - LEGALIZE LIFTS
contractor,CLIFFHANGER JANITORIAL INC,CGC1521391,9345 SW 144 ST MIAMI 33176,(305)796-1619,1,shed/accessory 1,BLDG 1,MIAMI,2025-08-15,2025-08-15,C2025146935 10470 SW 41 TER - LEGALIZE SHED
contractor,CAVIEDES CONSTRUCTION SERVICES LLC,CCC1329826,9952 SW 8 ST  APT #144 MIAMI 33174,(786)879-2631,1,other 1,BLDG 1,MIAMI,2025-08-14,2025-08-14,C2025152326 4630 SW 93 CT - LEGALIZATION
contractor,PEACE CONSTRUCTION INC,CGC1508229,6800 SW 40 ST STE 135 MIAMI 33155,(305)552-9712,1,addition 1,BLDG 1,MIAMI,2025-08-14,2025-08-14,C2025063184 20400 SW 198 ST - LEGALIZATION GAZEBO
contractor,ELECPLUMB ENTERPRISES INC,EC0002727,933 NW 134 PLACE MIAMI 33182,(786)295-4004,1,addition 1,ELEC 1,MIAMI,2025-08-15,2025-08-15,C2025157812 4940 SW 100 CT - LEGALIZATION REPAIR
contractor,M&H HOME SOLUTIONS LLC,CCC1334638,11310 SW 208 DRIVE MIAMI 33189,(305)282-7585,1,roof 1,BLDG 1,MIAMI,2025-08-18,2025-08-18,C2025153903 30401 SW 156 AVE - LEGALIZE ROOF
contractor,PAHER CONSTRUCTION CORP,CGC062359,P.O.BOX 450176 MIAMI 33245,(305)632-9710,1,other 1,BLDG 1,MIAMI,2025-08-19,2025-08-19,C2024174369 3300 NW 31 AVE - LEGALIZE TERRACE
contractor,JJ QUALITY BUILDERS INC,CGC1520532,27541 SW 139 PL HOMESTEAD 33032,(305)300-3937,1,other 1,BLDG 1,MIAMI,2025-08-19,2025-08-19,C2025053976 5861 SW 152 CT - LEGALIZATION
contractor,CORPAHCA CONTRACTORS LLC,CGC1531431,4350 SW 112 TERR APT 3308 MIRAMAR 33025,(561)403-4864,1,other 1,MBLD 1,MIAMI,2025-08-20,2025-08-20,M2025022853 6780 W 2 CT - REPAIR UNSAFETYSTRU
contractor,A1 GENERAL CONTRACTING SERVICES CORP,CGC1537087,7973 NW 19TH AVE HOLLYWOOD 33024,(645)216-9881,1,addition 1,MBLD 1,MIAMI,2025-08-21,2025-08-21,M2025020132 5890 W 15 CT - LEGALIZE REHAB
contractor,FELIPE ELECTRIC SERVICES CORP,EC13009192,1701 SW 70TH AVE MIAMI 33155,(786)299-6249,1,addition 1,ELEC 1,MIAMI,2025-08-22,2025-08-22,W2025161162 3591 SW 142 AVE - LEGALIZATION
contractor,ARNOLD J. ELECTRIC INC,EC13012943,12127 SW 131 AVE MIAMI 33186,(786)251-2905,1,carport/canopy 1,ELEC 1,MIAMI,2025-08-21,2025-08-21,C2025158252 19701 SW 256 ST - LEGALIZE 2 CARPORT
contractor,M V R T INC,CGC055085,38 NW 5 ST HOMESTEAD 33030,(305)247-0833,1,roof 1,MBLD 1,HOMESTEAD,2025-08-27,2025-08-27,M2025013960 194 SW 2 ST - LEGALIZE CANVASROOF
contractor,PSG PLUMBING SERVICE INC,CFC1426257,3892 NW 125 ST OPALOCKA 33054,(305)769-7664,1,plumbing 1,PLUM 1,MIAMI,2025-08-27,2025-08-27,C2025163672 6262 NW 110 TER - LEGALIZATION
contractor,DUKE'S CONTRACTOR LLC,CCC1325931,8520 NW 172 ST MIAMI 33015,(305)265-9226,1,roof 1,BLDG 1,MIAMI,2025-09-02,2025-09-02,C2025163161 25931 SW 132 AVE - REROOF LEGALIZATION
contractor,TURN2 GROUP LLC,CGC1527283,1825 PONCE DE LEON BLVD APT 95 CORAL GABLES 33134,(305)525-5721,1,interior 1,BLDG 1,MIAMI,2025-09-03,2025-09-03,C2025074975 11901 SW 144 CT              2 - LEGALIZE REMODEL
contractor,MECHANICAL COOLING ELECTRIC & PLUMBING,CGC1533374,7641 NW 103 CT DORAL 33178,(772)206-1381,1,fence/wall 1,BLDG 1,MIAMI,2025-09-04,2025-09-04,C2025023945 2278 NW 87 ST - LEGALIZE METAL FENC
contractor,BAIRES CONSTRUCTION CORP,CGC1516753,7601 BYRON AVE AUITE 5B MIAMI BEACH 33141,(786)287-5802,1,interior 1,BLDG 1,MIAMI,2025-09-04,2025-09-04,C2025114750 460 NE 191 ST                476 - LEGALIZE INT DEMO
contractor,B P R CONTRACTING CORP.,CFC1429907,1311 SW 126TH PLACE MIAMI 33184,(786)356-4840,1,addition 1,PLUM 1,MIAMI,2025-09-08,2025-09-08,C2025168427 3591 SW 142 AVE - LEGALIZATION
contractor,DEDCO CONSTRUCTION INC,CGC1510678,3725 NE 10 ST HOMESTEAD 33033,(305)247-9618,1,other 1,BLDG 1,MIAMI,2025-09-08,2025-09-08,C2025160532 3466 SW 112 AVE            1-4 - LEGALIZATION
contractor,RAINBOW-AIR INC,CAC1819873,1415 LENOX AVE MIAMI BEACH 33139,(305)522-3428,1,addition 1,MECH 1,MIAMI,2025-09-05,2025-09-05,C2025167385 2731 NW 93 ST - LEGALIZE TERRACE
contractor,ONE STOP PAVING INC,CGC1513719,1463 NE 173 ST N MIAMI BEACH 33162,(786)299-1354,1,fence/wall 1,BLDG 1,MIAMI,2025-09-07,2025-09-07,C2025153792 6100 NW 84 AVE - LEGALIZE METALFENCE
contractor,CITY PAINTING & WATERPROOFING INC,CBC1268499,4000 HOLLYWOOD BLVD STE 555-S HOLLYWOOD 33021,(786)228-8989,1,interior 1,BLDG 1,MIAMI,2025-09-09,2025-09-09,C2025071067 10911 N BAYSHORE DR - INTER/EXT LEGALIZE
contractor,INDUSTRIAL ELECTRICAL SYSTEMS CORP,EC13002182,14911 SW 80 STREET STE 107 MIAMI 33193,(305)388-4648,1,electrical 1,ELEC 1,MIAMI,2025-09-09,2025-09-09,C2025169027 10311 SW 98 ST - LEGALIZE EXIST GAS
contractor,BC ARVIZU CONSTRUCTION INC,CGC1510449,12770 SW 188 ST MIAMI 33177,(305)259-9746,1,fence/wall 1,BLDG 1,MIAMI,2025-09-09,2025-09-09,C2025158183 30255 SW 158 CT - LEGALIZATION FENCE
contractor,APR ELECTRIC CORP,08E000914,511 SW 64TH CTT MIAMI 33144,(786)318-3692,1,addition 1,ELEC 1,MIAMI,2025-09-10,2025-09-10,C2025169943 11600 SW 181 TER - LEGALIZE ADU
contractor,NICNAR CONSTRUCTION LLC,CGC1512504,1551 W SANDPIPER CIRCLE PEMBROKE PINES 33026,(954)696-4575,1,pool/deck 1,BLDG 1,MIAMI,2025-09-15,2025-09-15,C2025025463 9848 SW 94 TER - LEGALIZE SPA
contractor,I E CONTRACTORS INC,CGC1517071,15116 SW 63 TERR MIAMI 33193,(305)788-5594,1,windows/doors 1,BLDG 1,MIAMI,2025-09-15,2025-09-15,C2025135530 2811 SW 122 CT - LEGALIZE DOOR
contractor,KLM OF SOUTH FLORIDA INC,EC13005901,11300 SW 175 ST MIAMI 33157,(305)232-1114,1,electrical 1,ELEC 1,MIAMI,2025-09-17,2025-09-17,C2025171992 10916 SW 188 ST - LEGALIZE LIFTS
contractor,ATP CONTRACT CORP,CGC1505219,13291 SW 71 ST MIAMI 33183,(305)388-7209,1,fence/wall 1,BLDG 1,MIAMI,2025-09-19,2025-09-19,C2025169227 10820 SW 143 CT - FENCE LEGALIZE PVC
contractor,SYNERGY GENERAL CONTRACTING LLC,CGC1517680,14395 SW 139 CT #101 MIAMI 33176,(786)596-5940,1,windows/doors 1,BLDG 1,MIAMI,2025-09-19,2025-09-19,C2025028296 295 NW 72 AVE                404 - LEGALIZE WINDOWS
contractor,BRUNSTEEL CORP,CGC057302,14112 SW 139 CT MIAMI 33186,(305)383-8752,1,fence/wall 1,BLDG 1,MIAMI,2025-09-19,2025-09-19,C2025169155 14321 BOGGS DR - DURA FENCE LEGALIZA
contractor,VAST ELECTRICAL CONTRACTORS INC,CGC1527580,4600 SW 75TH AVE MIAMI 33155,(305)264-1602,1,other 1,BLDG 1,MIAMI,2025-09-23,2025-09-23,C2025094490 11310 SW 52 TER - LEGALIZE TERRACE
contractor,RAIRCON CORP,EC13008288,1388 SE 9 CT HIALEAH 33010,(786)209-6705,1,electrical 1,ELEC 1,MIAMI,2025-09-24,2025-09-24,C2025170420 12905 SW 53 ST - LEGALIZATION
contractor,M & Z COMPLETE CONSTRUCTION INC,CGC1515903,2524 FILLMORE ST HOLLYWOOD 33020,(305)467-3089,1,windows/doors 1,BLDG 1,MIAMI,2025-09-24,2025-09-24,C2024026809 16610 SW 293 TER - LEGALIZE DOOR
contractor,HUNTER HOME SOLUTIONS LLC,CGC1537978,6073 NW 167 ST STE C-16 HIALEAH 33015,(954)448-8376,1,fence/wall 1,BLDG 1,MIAMI,2025-09-25,2025-09-25,C2025173779 2720 SW 142 AVE - LEGALIZE WOOD GATE
contractor,ALUMINUM CRAFT SOUTH INC,04BS00332,6696 SW 152 CT MIAMI 33193,(305)724-3741,1,fence/wall 1,BLDG 1,MIAMI,2025-09-26,2025-09-26,C2025156763 18164 SW 152 PL - LEGALIZE DURA FENCE
contractor,HOME INTERIOR SERVICES AND INVESTMENT,CBC1259388,2757 SW 32ND COURT MIAMI 33133,(305)328-8590,1,enclosure 1,BLDG 1,MIAMI,2025-09-26,2025-09-26,C2025141240 24901 SW 157 AVE - LEGALIZE GARAGE
contractor,SANTY'S A/C & REFRIGERATION INC,CAC057305,7531 NW 70 ST MIAMI 33166,(305)884-5333,1,addition 1,MECH 1,MIAMI,2025-09-25,2025-09-25,W2025177680 10719 SW 113TH PL 105B - LEGALIZING EXISTING
contractor,ECS WINDOWS CORP,CBC1264978,2719 W 3 COURT HIALEAH 33010,(305)778-4962,1,windows/doors 1,BLDG 1,MIAMI,2025-09-30,2025-09-30,C2025088094 20944 SW 129 AVE - WINDOW DOOR LEGALIZ
contractor,CONSTANT COOLING INC,CAC1815668,2909 SAN REMO CIRCLE HOMESTEAD 33035,(305)259-3718,1,interior 1,MECH 1,MIAMI,2025-09-30,2025-09-30,C2025174326 10916 SW 188 ST - LEGALIZE LIFTS
contractor,ALL IN ONE REPAIRS LLC,CGC1528655,20601 SW 93 AVE MIAMI 33189,(786)351-1803,1,windows/doors 1,BLDG 1,MIAMI,2025-10-01,2025-10-01,C2025178043 2930 SW 106 AVE - LEGALIZE ROOM
contractor,BEST SERVICES GARAGE AND GATES INC,18BS00020,9367 FOUNTAINBLEAU BLVD APT G240 MIAMI 33172,(786)337-3243,1,fence/wall 1,BLDG 1,MIAMI,2025-10-02,2025-10-02,C2025119430 13715 NW 2 AVE - LEGALIZE DURA FENCE
contractor,CAMACHO MECHANICAL CONTRACTOR LLC,CMC1249978,1030 SW 117 CT MIAMI 33184,(305)965-4568,1,addition 1,MECH 1,MIAMI,2025-10-03,2025-10-03,C2025177494 11600 SW 181 TER - LEGALIZE ADU
contractor,ATLAS CONSTRUCTION COMPANY LLC,CGC1516267,16654 SW 55 TERRACE MIAMI 33185,(305)310-9929,1,fence/wall 1,BLDG 1,MIAMI,2025-10-06,2025-10-06,C2025178158 7335 SW 33 ST - WOOD FENCE LEGALIZ
contractor,RAFLO CONSTRUCTION GROUP LLC,CGC1514575,39 NW 166 ST STE 5 MIAMI 33169,(786)970-5147,1,interior 1,BLDG 1,MIAMI,2025-10-06,2025-10-06,C2025154280 3430 SW 112 AVE            1-2 - LEGALIZATION
contractor,CARIBEAN S. AIR CONDITIONING OF FLORID,CAC032380,13320 SW  36TH STREET MIAMI 331750000,(305)223-0623,1,addition 1,MECH 1,MIAMI,2025-10-06,2025-10-06,C2026000699 19889 SW 236 ST - LEGALIZEINLAW QUART
contractor,TRINTEC CONSTRUCTION INC,CGC059705,13091 NW 43 AVE   UNIT A-2 OPA LOCKA 33054,(305)685-3001,1,other 1,BLDG 1,MIAMI,2025-10-08,2025-10-08,C2025089171 400 NW 107 AVE               10C - LEGALIZATION
contractor,CENTRAL MOBILE AIR OF MIAMI INC,CAC016540,12041 SW 117 CT MIAMI 33186,(305)232-0556,1,addition 1,MECH 1,MIAMI,2025-10-08,2025-10-08,W2026004045 11450 SW 109 RD 40W - AC LEGALIZATION
contractor,EBENEZER ORNAMENTAL IRON WORKS INC,96BS00319,2137 OPA LOCKA BLVD OPA LOCKA 33054,(305)696-7782,1,fence/wall 1,BLDG 1,MIAMI,2025-10-09,2025-10-09,C2025167561 2370 NW 107 ST - LEGALIZATION OF FEN
contractor,CORBEA DESIGN GROUP LLC,CGC1537776,9781 SW 167 ST MIAMI 33157,(305)492-5958,1,fence/wall 1,BLDG 1,MIAMI,2025-10-14,2025-10-14,C2025173109 1712 NW 76 TER               1712 - FENCE LEGALIZATION
contractor,C & A CONSTRUCTION ALMIGHTY INC,CGC1518352,4215 NW 170 ST MIAMI GARDENS 33055,(305)431-8398,1,fence/wall 1,BLDG 1,MIAMI,2025-10-15,2025-10-15,C2025041628 19900 NW 86 CT - DEMO-LEGALIZE FENCE
contractor,CITY SPARK INC,EC13010266,14372 SW 18TH ST MIAMI 33175,(786)416-5858,1,electrical 1,ELEC 1,MIAMI,2025-10-16,2025-10-16,C2026007847 9931 SW 142 AVE - AC ELECT LEGALIZAT
contractor,FRANK ADRIAN CONSTRUCTION CO,CGC1504827,15380 SW 19 TERR MIAMI 33185,(305)559-4200,1,windows/doors 1,BLDG 1,MIAMI,2025-10-15,2025-10-15,C2025091993 26205 SW 197 AVE - LEGALIZE WINDOWS
contractor,"DAVIDE DEVELOPMENT & CONSTRUCTION\, LLC",CGC1534136,9415 SUNSET DRIVE 274 MIAMI 33173,(305)893-1000,1,windows/doors 1,BLDG 1,MIAMI,2025-10-20,2025-10-20,C2025179633 9860 SW 48 ST - LEGALIZATION
contractor,JRG CONSTRUCTION GROUP LLC,CGC1528371,9950 KENDALE BLVD MIAMI 33176,(305)785-6293,1,other 1,BLDG 1,MIAMI,2025-10-21,2025-10-21,C2024161895 4868 SW 148 PL - LEGALIZE TERRACE
contractor,A-1 VELOZ CONTRACTOR INC,CGC1519412,614 E 51 ST HIALEAH 33013,(305)556-0084,1,addition 1,BLDG 1,MIAMI,2025-10-20,2025-10-20,C2025137245 12557 SW 118 TER - LEGALIZATION
contractor,SQUARE & COMPASS GROUP CORP,CGC1536769,3401 SW 149 AVE MIAMI 33185,(305)586-5835,1,enclosure 1,BLDG 1,MIAMI,2025-10-21,2025-10-21,C2025160647 10732 SW 186 ST            10732 - GARAGE DR LEGALIZE
contractor,"P. ROSALES ALL SERVICE AND REPAIR\, INC",CFC1432246,5331 SW 7TH ST MIAMI 33134,(305)219-9426,1,plumbing 1,PLUM 1,MIAMI,2025-10-23,2025-10-23,C2026011827 15354 SW 115 TER - LEGALIZE CONV/GYM
contractor,LUIS E ROCA INC,CGCA03068,7700 SW 68 TER MIAMI 33143,(786)412-2964,1,roof 1,BLDG 1,MIAMI,2025-10-22,2025-10-22,C2025155782 10625 SW 112 ST - LEGALIZE METAL ROOF
contractor,MASTER CONSTRUCTION OF SOUTH FLORIDA I,CGC020610,2108 W 62 STREET HIALEAH 33016,(305)556-0098,1,interior 1,MBLD 1,MIAMI,2025-10-28,2025-10-28,M2026000809 2145 W 60 ST - LEGALIZATION
contractor,FELCO AIR CONDITIONING INC,CAC057200,11930 SW 128 AVE MIAMI 33186,(305)221-4471,1,mechanical/AC 1,MECH 1,MIAMI,2025-10-28,2025-10-28,C2026007653 10925 SW 113 PL              72D - LEGALIZE A/C
contractor,SUNSHINE CONTRACTORS INC,CBC1257678,611 SW 11 AVE HALLANDALE 33009,(305)205-5518,1,interior 1,MBLD 1,MIAMI,2025-10-28,2025-10-28,M2025023323 1251 NW 29 ST - LEGALIZE
contractor,CALA PRO SOLUTION CORP,CFC1433039,13103 SW 256 ST HOMESTEAD 33032,(786)712-5729,1,addition 1,PLUM 1,MIAMI,2025-11-02,2025-11-02,C2026015755 14517 SW 98 TER - LEGALIZATION
contractor,MILUSKA PROPERTIES LLC,21BS00554,2101 BRICKELL AVE APT 411 MIAMI 33129,(305)986-7401,1,fence/wall 1,BLDG 1,MIAMI,2025-10-31,2025-10-31,C2026003015 7729 NW 194 TER - LEGALIZE FENCE
contractor,COUNTY WIDE ELECTRIC INC,EC0000140,8085 NW 98 ST HIALEAH GARDENS 330160000,(305)556-0278,1,addition 1,ELEC 1,MIAMI,2025-11-03,2025-11-03,C2026015206 19889 SW 236 ST - ELEC LEGALIZATIONRT
contractor,AMON CONSTRUCTION MANAGEMENT INC,CGC1517929,8736 SW 154 CIR PL MIAMI 33193,(786)426-9190,1,windows/doors 1,BLDG 1,MIAMI,2025-11-05,2025-11-05,C2025179178 2161 SW 139 AVE - LEGALIZATION
contractor,MARTIN SERVICES ENG LLC,EC13006977,14982 SW 70TH ST MIAMI 33193,(786)449-4243,1,electrical 1,ELEC 1,MIAMI,2025-11-05,2025-11-05,C2026017512 3464 SW 147 PL - TERRACE LEGALIZE
contractor,DADI ELECTRICAL INC,EC13006080,702 NW 87 AVE #206 MIAMI 33126,(786)419-2135,1,windows/doors 1,ELEC 1,MIAMI,2025-11-05,2025-11-05,C2026015676 10305 SW 41 TER - LEGALIZED DOOR
contractor,DIAMOND RENOVATION & CONSTRUCTION INC,CGC040173,9715 WEST BROWARD BLVD UNIT 212 PLANTATION 33324,(954)557-6505,1,addition 1,BLDG 1,MIAMI,2025-11-04,2025-11-04,C2025067763 335 NE 114 ST - LEGALIZE ADDIATION
contractor,AMANI DESIGN GROUP LLC,CGC1524547,2143 NW 103 ST MIAMI 33147,(786)444-2135,1,fence/wall 1,BLDG 1,MIAMI,2025-11-04,2025-11-04,C2026006742 14980 SW 146 CT - FENCE LEGALIZATION
contractor,TRINITY AIR CONDITIONING COMPANY LLC,CMC057088,9760 EAST INDIGO STREET PALMETTO BAY 33157,(786)242-9517,1,addition 1,MECH 1,MIAMI,2025-11-07,2025-11-07,W2026019448 11427 SW 109 RD 47C - LEGALIZE EXISTING A
contractor,"A & A PLUS SERVICES\, INC",CGC1514775,160 E 61 ST HIALEAH 33013,(786)286-8187,1,enclosure 1,BLDG 1,MIAMI,2025-11-07,2025-11-07,C2026007892 3525 NW 98 ST - LEGALIZE METAL PORC
contractor,ATLAS ELECTRICAL PERFORMANCE LLC,21E000011,821 E 27 ST HIALEAH 33013,(786)616-3355,1,addition 1,ELEC 1,MIAMI,2025-11-07,2025-11-07,C2026019002 8125 SW 28 ST - LEGALIZATION HOUSE
contractor,LANDMARK CONTRACTING INC,CGC1507022,8810 COMMODITY CIRCLE ORLANDO 32819,(407)264-0100,1,other 1,BLDG 1,MIAMI,2025-11-11,2025-11-11,C2025159947 16800 SW 88 ST - REPAIRS/LEGALIZATON
contractor,BLEAU AIR CONDITIONING CORP,CAC1816185,9605 NW 79 AVE BAY 4 HIALEAH GARDENS 33016,(305)826-9866,1,mechanical/AC 1,MECH 1,MIAMI,2025-11-13,2025-11-13,C2026021500 10941 SW 113 PL              64A - A/C LEGALIZATION
contractor,HERCA GROUP LLC,CBC1262160,817 SAND CREEK CIR WESTON 33327,(954)909-3329,1,other 1,BLDG 1,MIAMI,2025-11-13,2025-11-13,C2024039730 6605 SW 127 AV - UTILTY LEGALIZATION
contractor,COOLFORT AC SOLUTIONS CORP,CMC1250804,13480 SW 99TH TERRACE MIAMI 33186,(786)246-1501,1,mechanical/AC 1,MECH 1,MIAMI,2025-11-13,2025-11-13,C2026020945 11467 SW 109 RD            7D - LEGALIZE AC
contractor,VENTILATION PROS CORP,CAC1819653,8261 SW 27 STREET MIAMI 33155,(309)023-8109,1,mechanical/AC 1,MECH 1,MIAMI,2025-11-12,2025-11-12,C2026020574 3255 SW 88 CT - LEGALIZE AC
contractor,J&H ALL-PRO CONSTRUCTION INC,CRC1332750,1383 NW 117 ST MIAMI 33167,(786)277-3327,1,fence/wall 1,BLDG 1,MIAMI,2025-11-14,2025-11-14,C2025155819 452 NE 162 ST - LEGALIZE FENCE
contractor,FLORIDA COOLING AIR CONDITIONING INC,CAC1817201,1992 NW 95TH AVE MIAMI 33172,(305)775-8978,1,mechanical/AC 1,MECH 1,MIAMI,2025-11-14,2025-11-14,C2026022195 10651 SW 113 PL            85D - LEGALIZE AC
contractor,KONSTRUCTICA LLC,CGC1525419,17304 WALKER AVE MIAMI 33157,(786)246-2529,1,other 1,BLDG 1,MIAMI,2025-11-17,2025-11-17,C2025159333 14755 SW 297 ST - LEGALIZATION
contractor,PRESCO SOUTH CONSTRUCTION INC,CGC1515514,6625 MIAIMI LAKES DR 321 MIAMI LAKES 33014,(786)594-3959,1,other 1,BLDG 1,MIAMI,2025-11-18,2025-11-18,C2026012351 3041 NW 69 TER - LEGALIZE SHUT/WINDO
contractor,ARC 1818 ASSOCIATES INC,CGC059299,2070 NE 207 STREET MIAMI 33179,(305)785-5311,1,fence/wall 1,BLDG 1,MIAMI,2025-11-17,2025-11-17,C2026008202 2071 NE 207 ST - LEGALIZE PVC FENCE
contractor,JVAD REMODELING SERVICES LLC,CCC1335824,1651 NW 111 ST MIAMI 33167,(786)277-1595,1,carport/canopy 1,BLDG 1,MIAMI,2025-11-19,2025-11-19,C2026022784 19701 SW 256 ST - LEGALIZE CARPORT 1
contractor,NACHO & SON CONSTRUCTION COMPANY INC,CGC1507926,17820 SW 108 CT MIAMI 33157,(305)251-6920,1,shed/accessory 1,BLDG 1,MIAMI,2025-11-19,2025-11-19,C2025151595 19022 SW 316 TER - LEGALIZE SHED
contractor,L G REFRIGERATION CONTROL LLC,CAC1816470,1640 SW 16 ST MIAMI 33145,(305)968-8087,1,mechanical/AC 1,MECH 1,MIAMI,2025-11-18,2025-11-18,W2026023778 11482 SW 109 RD    29C - LEGALIZE EXISTING
contractor,GP REMODEL CONSTRUCTION & DESIGN INC,CGC1523790,4113 SW 2 ST MIAMI 33134,(786)346-1976,1,windows/doors 1,BLDG 1,MIAMI,2025-11-20,2025-11-20,C2026012722 8341 SW 137 AVE            838341 - LEGALIZATION WINDOW
contractor,COLD TIME MIAMI CORP,CAC1822159,555 NW 72 AVE APT 301 MIAMI 33126,(786)757-1425,1,mechanical/AC 1,MECH 1,MIAMI,2025-11-19,2025-11-19,C2026023887 3422 SW 112 AVE              6-1 - LEGALIZE A/C UNIT
contractor,GALO AIR CONDITIONING INC,CAC1813702,1431 SW 126 PLACE MIAMI 33184,(786)282-1814,1,mechanical/AC 1,MECH 1,MIAMI,2025-11-19,2025-11-19,W2026024368 11443 SW 109 RD 45B - LEGALIZE EXIST A/C
contractor,ALMENDAREZ ROOFING CORP,CCC1332509,1743 NW 6 ST MIAMI 33125,(305)316-6687,1,other 1,BLDG 1,MIAMI,2025-11-24,2025-11-24,C2026021852 3464 SW 147 PL - TERRACE LEGALIZE
contractor,KDF CONSTRUCTION INC,CFC1428135,841 NW 173 TERR MIAMI GARDENS 33169,(305)244-8781,1,plumbing 1,PLUM 1,MIAMI,2025-11-24,2025-11-24,W2026025796 13710 SW 36 ST - BATHROOM LEGALIZING
contractor,ALEMAN CONSTRUCTION SERVICES INC,CBC1267054,922 N PARSONS AVE BRANDON 33510,(813)645-1724,1,other 1,BLDG 1,MIAMI,2025-11-21,2025-11-21,C2025116217 1550 NE 15 ST - LEGALIZE TERRACE
contractor,"TURN CONSTRUCTION\, LLC",CFC1431898,5825 COLLINS AVE STE 3-C MIAMI BEACH 33140,(305)333-5153,1,plumbing 1,PLUM 1,MIAMI,2025-11-24,2025-11-24,C2026026670 1995 NW 58 ST - LEGALIZATION
contractor,YMR ELECTRICAL SOLUTIONS INC,22E000275,11233 SW 151 PLACE MIAMI 33196,(832)228-0643,1,addition 1,ELEC 1,MIAMI,2025-11-21,2025-11-21,W2026025868 9740 SW 44 ST - LEGALIZATION REPAIR
contractor,MR ALL PRO INC,CAC1822286,9811 NW 80TH AVE SUITE 7AB HIALEAH GARDENS 33016,(305)266-5633,1,interior 1,MECH 1,MIAMI,2025-11-24,2025-11-24,C2026024500 30137 SW 158 PL - LEGALIZE INTERIOR
contractor,PREFERRED BUILDERS GROUP INC,CGC1524799,100 MIRACLE MILE STE 330 CORAL GABLES 33134,(305)707-7222,1,interior 1,BLDG 1,MIAMI,2025-11-24,2025-11-24,C2025000817 5635 NW 74 AVE               5635 - LEGALIZATION DRYWAL
contractor,GRIFFITHS METAL PRODUCTS INC,000007278,10461 SW 184 TER MIAMI 33157,(305)233-6916,1,enclosure 1,BLDG 1,MIAMI,2025-11-26,2025-11-26,C2026022175 17880 SW 102 AVE - LEGALIZE ALUM TERRA
contractor,A OLIVARES CONSTRUCTION INC,CGC1532351,7738 W 34 LN UNIT 201 HIALEAH 33018,(786)367-9241,1,windows/doors 1,BLDG 1,MIAMI,2025-12-02,2025-12-02,C2026001294 2171 SW 122 CT - LEGALIZATION
contractor,PRIME AIR SERVICES CORP,CAC1815925,25554 SW 122ND PL MIAMI 33032,(786)299-7231,1,mechanical/AC 1,MECH 1,MIAMI,2025-12-03,2025-12-03,C2026030208 9963 SW 142 AVE - LEGALIZE CONDENCING
contractor,AMKE CONSTRUCTION CORP,CGC1523154,1765 WEST 59TH STREET HIALEAH 33012,(305)431-9995,1,interior 1,BLDG 1,MIAMI,2025-12-08,2025-12-08,C2024102214 2638 NW 29 AVE - LEGALIZATION REMODL
contractor,RUIZ CONSTRUCTION INCORPORATED,CAC1817314,12980 NW 42 AVE #114 OPA LOCKA 33054,(305)688-9770,1,mechanical/AC 1,MECH 1,MIAMI,2025-12-05,2025-12-05,C2026031421 10661 SW 113 PL              94B - LEGALIZE A/C UNIT
contractor,ARCHI-DIEM DEVELOPERS INC,CGC1505047,6600 SW 43 ST MIAMI 33155,(305)740-9411,1,other 1,BLDG 1,MIAMI,2025-12-05,2025-12-05,C2025169153 7620 SW 90 AVE - LEGALIZATION
contractor,PIERRETTE CONSTRUCTION LLC,CGC1529153,20240 NW 29TH MIAMI GARDENS 33056,(786)261-5169,1,windows/doors 1,BLDG 1,MIAMI,2025-12-09,2025-12-09,C2025165445 440 NW 119 ST - LEGALIZE WNDWS
contractor,W M VENTURES LLC,CGC021685,6501 SW 75 TERRACE SOUTH MIAMI 33143,(305)609-5541,1,fence/wall 1,BLDG 1,MIAMI,2025-12-08,2025-12-08,C2025121409 23995 SW 142 AVE - LEGALIZE WOOD FENCE
contractor,D Y D CONSTRUCTION CORP,CGC1511897,1011 NW 41 AVE MIAMI 33126,(305)970-3553,1,windows/doors 1,BLDG 1,MIAMI,2025-12-10,2025-12-10,C2026028847 30031 SW 149 AVE - LEGALIZE DOOR
contractor,360 REPAIR TECHS INC,CGC1521045,10839 SW 38TH STREET MIAMI 33165,(305)720-7982,1,fence/wall 1,BLDG 1,MIAMI,2025-12-10,2025-12-10,C2023008438 11264 SW 128 CT - ALUM TER LEGALIZE
contractor,MATTHEW & DANIEL AIR CONDITIONING CORP,CAC1819114,4521 SW 100 AV MIAMI 33165,(305)720-6248,1,mechanical/AC 1,MECH 1,MIAMI,2025-12-10,2025-12-10,C2026032628 7150 SW 142 AVE - LEGALIZE MINISPLIT
contractor,NATECON CORP,CGC1517242,12955 BISCAYNE BLVD STE 410C-8 NORTH MIAMI 33181,(786)389-4968,1,fence/wall 1,BLDG 1,MIAMI,2025-12-12,2025-12-12,C2026013854 240 NE 152 ST - DURA/METAL LEGALIZ.
contractor,ELITE CONSTRUCTION FL LLC,CGC1509796,1 E BROWARD BLVD SUITE 700 FT LAUDERDALE 33301,(954)335-3005,1,windows/doors 1,BLDG 1,MIAMI,2025-12-15,2025-12-15,C2025154524 13621 NE MIAMI CT - LEGALIZE WNDWS/DRS
contractor,DENIS BROTHERS ELECTRIC LLC,EC13006416,16652 SW 71 TERR MIAMI 33193,(305)283-0102,1,electrical 1,ELEC 1,MIAMI,2025-12-16,2025-12-16,C2026036939 11264 SW 128 CT - ALUM TER LEGALIZE
contractor,ELITE INNOVATION CONSTRUCTION INC,CBC1262485,2400 NW 98 STREET MIAMI 33147,(305)528-9436,1,other 1,BLDG 1,MIAMI,2025-12-16,2025-12-16,C2025176269 12210 NW 22 AVE - LEGALIZATION
contractor,JOSEPH A MARCELIN CONSTRUCTION INC,CMC1250225,16561 SW 144 CT MIAMI 33177,(305)562-7926,1,windows/doors 1,MECH 1,MIAMI,2025-12-16,2025-12-16,C2026033414 160 NE 171 TER - LEGALIZE WIN/DOOR
contractor,CHARLES EDWARD CULPEPPER JR,CGC054361,801 BRICKELL BAY DR  LOBBY STE.7 MIAMI 33131,(305)371-3733,1,fence/wall 1,BLDG 1,MIAMI,2025-12-17,2025-12-17,C2025107938 88 NE 154 ST - NEW/LEGALIZE FENCE
contractor,NEMO ELECTRIC INC,EC13005926,12717 S.W. 70TH LN MIAMI 33183,(305)801-7372,1,electrical 1,ELEC 1,MIAMI,2025-12-18,2025-12-18,C2026038462 7150 SW 142 AVE - LEGALIZE MINISPLIT
contractor,QUAD-M CONSTRUCTION & DEVELOPMENT LLC,CBC1251786,1754 NE 46TH STREET OAKLAND PARK 33334,(561)722-2303,1,other 1,BLDG 1,MIAMI,2025-12-18,2025-12-18,C2025124481 8839 SW 28 ST - LEGALIZATION
contractor,NEED A GENERAL CONTRACTOR INC,CGC1522589,1065 98 ST #7 BAY HARBOR ISLAND 33154,(786)985-6733,1,interior 1,BLDG 1,MIAMI,2025-12-18,2025-12-18,C2025127640 19015 NW 53 CT - LEGALIZATION
contractor,GAD AC SERVICES LLC,CAC1819982,3521 W SUNRISE BLVD LAUDERHILL 33311,(754)332-2930,1,mechanical/AC 1,MECH 1,MIAMI,2025-12-22,2025-12-22,C2026038011 2051 NE 214 TER - LEGALIZATION
contractor,"SAN CRISTOBAL AIR CONDITIONING\, CORP",CGC1526338,9305 SW 48TH STREET MIAMI 33165,(786)362-4583,1,addition 1,BLDG 1,MIAMI,2025-12-23,2025-12-23,C2025132538 9710 SW 77 TER - LEGALIZE TERRACE
contractor,HASTINGS HOMES INC,CBC1259735,3613 BONCKOFT BLVD ORLANDO 32833,(407)468-8294,1,interior 1,BLDG 1,MIAMI,2025-12-29,2025-12-29,C2026006950 30368 OLD DIXIE HWY - LEGALIZE RENOVATION
contractor,BALDRICHE GENERAL CONTRACTORS CORP,CGC1522307,9638 LITTLE RIVER BLVD MIAMI 33147,(305)801-1083,1,fence/wall 1,BLDG 1,MIAMI,2025-12-29,2025-12-29,C2026022348 9621 NW 27 AVE - LEGALIZE FENCE
contractor,SAMA CONSTRUCTION INC,CGC1515739,132 PINECREST DR MIAMI SPRINGS 33166,(305)216-7461,1,fence/wall 1,BLDG 1,MIAMI,2025-12-26,2025-12-26,C2026036537 10475 SW 165 TER - LEGALIZE FENCE
contractor,TRUST ELECTRIC CORP,EC13008061,431 W 29 PLACE HIALEAH 33012,(786)498-9593,1,electrical 1,ELEC 1,MIAMI,2025-12-30,2025-12-30,C2025063964 8897 FONTAINEBLEAU BLVD - LEGALIZE LIGHTING
contractor,ELECTRICAL ENERGY & CONTROLS LLC,EC13011267,6248 CORAL WAY MIAMI 33155,(786)301-2271,1,electrical 1,ELEC 1,MIAMI,2025-12-30,2025-12-30,W2026042140 10381 SW 32 ST - LEGALIZATION
contractor,FASCIA CONSTRUCTION INC,CGC1513737,12640 SW 222 TERR MIAMI 33170,(305)964-0668,1,other 1,BLDG 1,MIAMI,2026-01-05,2026-01-05,C2025115746 13905 SW 252 ST - LEGALIZATION
contractor,INGTEKH ENGINEERING GROUP INC,CGC1539446,13640 SW 88 ST 1169 MIAMI 33186,(786)505-4667,1,other 1,BLDG 1,MIAMI,2026-01-08,2026-01-08,C2025127419 4925 SW 149 CT             9F - PERGOLA LEGALIZE
contractor,OCEAN COAST ELECTRICAL LLC,EC13005623,1851 OPA LOCKA BLVD OPA LOCKA 33054,(786)717-6032,1,electrical 1,ELEC 1,MIAMI,2026-01-07,2026-01-07,C2026027345 15782 SW 91 ST - LEGALIZE TERRACE
contractor,GOLD STAR MIAMI CORP,CCC1336091,8221 SW 28TH ST MIAMI 33155,(305)342-6766,1,roof 1,BLDG 1,MIAMI,2026-01-07,2026-01-07,W2026044948 14211 SW 37 ST - REROOF LEGALIZATION
contractor,COOL LOGIX CORP,CAC1822214,4601 SW 99 CT MIAMI 33165,(305)721-8643,1,interior 1,MECH 1,MIAMI,2026-01-12,2026-01-12,C2026031622 5831 SW 60 ST - LEGALIZATION
contractor,FCL CONSTRUCTION GROUP CORP,CGC1520972,18253 SW 109 PATH MIAMI 33157,(786)592-1083,1,other 1,BLDG 1,MIAMI,2026-01-12,2026-01-12,C2025153738 2425 NE 183 ST - LEGALIZE WNDW/SHTTR
contractor,C & A ELECTRIC SERVICES INC,EC13002302,20825 RALSTON ST ORLANDO 32833,(305)761-3289,1,electrical 1,ELEC 1,MIAMI,2026-01-13,2026-01-13,C2026045069 30368 OLD DIXIE HWY - LEGALIZE RENOVATION
contractor,BADERS GROUP OF MIAMI LLC,CAC1818529,2190 SW 139 CT MIAMI 33175,(786)294-3287,1,mechanical/AC 1,MECH 1,MIAMI,2026-01-14,2026-01-14,C2026038330 3665 NW 48 ST - LEGALIZATION
contractor,DIVINO AIR LLC,CAC1819134,26151 SW 122 CT HOMESTEAD 33032,(305)258-4916,1,mechanical/AC 1,MECH 1,MIAMI,2026-01-13,2026-01-13,C2026043766 13311 SW 124 ST              9 - LEGALIZE EXIST UNIT
contractor,MIAMI DESIGN BUILDERS INC,CBC058018,150SE 25 ROAD 6-I MIAMI 33129,(305)859-2828,1,shed/accessory 1,BLDG 1,MIAMI,2026-01-16,2026-01-16,C2025073804 19535 NW 79 CT - LEGALIZE SHED
contractor,A & J CONSTRUCTION SERVICES INC,CCC1328353,10020 SW 45 ST MIAMI 33165,(305)970-3784,1,roof 1,BLDG 1,MIAMI,2026-01-20,2026-01-20,C2026047051 9085 GRAND CANAL DR - LEGALIZATIONS-ROOF
contractor,AE TECH CORPORATION,EC13003912,4725 NW 7ST APT# 308 MIAMI 33125,(786)245-0733,1,mechanical/AC 1,ELEC 1,MIAMI,2026-01-20,2026-01-20,C2026046981 1348 NW 95 ST - LEGALIZE A/C CHANGE
contractor,R M CONTRACTORS INC,CGC1506834,2920 NW 14TH ST MIAMI 33125,(305)345-3649,1,other 1,BLDG 1,MIAMI,2026-01-21,2026-01-21,C2026007225 5284 FISHER ISLAND DR        5284 - LEGALIZE EXT SHADES
contractor,LEAKS REPAIR SOLUTIONS INC,CFC1433685,10297 SW 34 ST MIAMI 33165,(786)258-3932,1,plumbing 1,PLUM 1,MIAMI,2026-01-21,2026-01-21,C2026050954 22505 SW 132 CT - LEGALIZE PERGOLA
contractor,COMFORT AIR MECHANICAL LLC,CAC1822675,7950 NW 53 ST STE 337 DORAL 33166,(786)961-2312,1,mechanical/AC 1,MECH 1,MIAMI,2026-01-22,2026-01-22,C2026051480 11455 SW 109 RD              3B - LEGALIZE A/C
contractor,MOLINA'S ROOFING SERVICES CORP,SCC131152983,558 NE 4 AVE FLORIDA CITY 33034,(305)927-2548,1,windows/doors 1,BLDG 1,MIAMI,2026-01-21,2026-01-21,C2026045856 8427 SW 137 AVE              8427 - WINDOW/DOOR LEGALIZ
contractor,MIBE GROUP INC,CGC1532701,16300 SW 137 AVE UNIT 102 MIAMI 33033,(786)808-6212,1,interior 1,BLDG 1,MIAMI,2026-01-22,2026-01-22,C2024094860 16300 SW 137 AVE             102 - AS BUILT IN MODIF
contractor,SHARK ELECTRICAL INC,24E000417,10031 SW 223 TERR CUTLER BAY 33190,(305)927-2847,1,electrical 1,ELEC 1,MIAMI,2026-01-26,2026-01-26,C2026052797 13282 SW 189 TER - LEGALIZE GENERAL EL
contractor,GM ELECTRICAL CONTRACTORS INC,EC13008494,201331 SW 246 ST HOMESTEAD 33031,(305)218-4956,1,electrical 1,ELEC 1,MIAMI,2026-01-28,2026-01-28,C2026053379 5284 FISHER ISLAND DR        5284 - LEGALIZE EXT SHADES
contractor,ADACHE CONSTRUCTION,CGC1538442,240 NW 101 ST MIAMI 33150,(646)241-9551,1,fence/wall 1,BLDG 1,MIAMI,2026-01-28,2026-01-28,C2025179780 10960 N BAYSHORE DR - FENCE LEGALIZATION
contractor,MDX CONSTRUCTION INC,CGC1535496,5710 SHERIDAN ST HOLLYWOOD 33021,(954)852-8066,1,interior 1,BLDG 1,MIAMI,2026-01-28,2026-01-28,C2025103315 2365 NW 70 AVE      C      15 BLD - LEGALIZATION
contractor,HC GALE LLC,CRC1331810,250 CONGRESS PARK DR UNIT 302 DELRAY BEACH 33445,(617)960-7573,1,fence/wall 1,BLDG 1,MIAMI,2026-01-30,2026-01-30,C2026013705 14551 SW 99 AVE - LEGALIZE FENCE
contractor,MOL SERVICES INC,19E000185,1714 NE 182 STREET NORTH MIAMI BEACH 33162,(786)343-8790,1,electrical 1,ELEC 1,MIAMI,2026-01-30,2026-01-30,C2026053968 1311 NW 117 ST - A/C LEGALIZATION
contractor,ABUNDANT AIR HEATING & COOLING INC,CAC1823818,1295 SUMMIT RUN CIR WEST PALM BEACH 33415,(561)303-7893,1,enclosure 1,MECH 1,MIAMI,2026-01-30,2026-01-30,C2026052972 13710 SW 36 ST - LEGALIZATION GARAGE
contractor,PORTOBELLO CONSTRUCTION LLC,CGC1537138,700 NE 90 ST MIAMI 33138,(786)286-8181,1,enclosure 1,BLDG 1,MIAMI,2026-02-03,2026-02-03,C2026052660 1426 NW 74 ST - LEGALIZE ENCL WINDO
contractor,OPTIMUM HVACR INC,CAC1818854,7305 DICKENS AVE #3 MIAMI BEACH 33141,(786)328-0519,1,mechanical/AC 1,MECH 1,MIAMI,2026-02-06,2026-02-06,C2026059082 11554 SW 109 RD            34Z - LEGALIZE AC
contractor,ALL CITY ROOFING & REPAIRS CORP,CCC1333723,218 NW 12 AVE APT 809 MIAMI 33128,(786)973-4008,1,interior 1,BLDG 1,MIAMI,2026-02-06,2026-02-06,C2026046781 10030 SW 40 TER - LEGALIZE ALTERATION
contractor,JOSFRA SERVICES LLC,CGC1529203,1318 S 23 AVE HOLLYWOOD 33020,(786)266-7921,1,other 1,BLDG 1,MIAMI,2026-02-06,2026-02-06,C2025027441 1321 NE 213 TER - LEGALIZATION
contractor,JEC CONTRACTORS CORP,CRC1329767,20513 SW 93 AVE MIAMI 33189,(305)969-5323,1,fence/wall 1,BLDG 1,MIAMI,2026-02-09,2026-02-09,C2026043186 18031 NW 48 PL - LEGALIZE FENCE
contractor,HYT CONSTRUCTION CORP,CGC1504593,10735 SW 104 ST MIAMI 33176,(305)595-2466,1,windows/doors 1,BLDG 1,MIAMI,2026-02-09,2026-02-09,C2026055617 3020 NW 29 ST - LEGALIZE WINDOWS
contractor,THE GAS PRO SERVICES LLC,LI45067,17032 NW 63RD PLACE HIALEAH 33015,(786)672-0427,1,other 1,LPGX 1,MIAMI,2026-02-12,2026-02-12,C2026061781 12002 SW 102 ST - GAZEBO LEGALIZATION
contractor,COOL DOWN AIR CONDITIONING AND REFRIGE,CAC1816445,9023 SW 227 TERR MIAMI 33190,(305)986-3714,1,mechanical/AC 1,MECH 1,MIAMI,2026-02-13,2026-02-13,C2026008155 1445 SW 122 AVE            5-14 - A/C LEGALIZATION
contractor,"ROWI CONSTRUCTION\, LLC",CFC1433625,10433 SUNRISE LAKES BLVD SUNRISE 33322,(786)781-0600,1,pool/deck 1,PLUM 1,MIAMI,2026-02-14,2026-02-14,C2026047413 7417 SW 152 AVE - LEGALIZATION EQUIP
contractor,SOLOMON ELECTRIC LLC,EC13012419,2260 N 29 AVE HOLLYWOOD 33020,(786)833-9211,1,addition 1,ELEC 1,MIAMI,2026-02-18,2026-02-18,C2026061943 335 NE 114 ST - LEGALIZE ADDIATION
contractor,ROOFING BY ROYALE INC,CCC1327658,16893 HAMLIN BLVD MIAMI 33174,(786)290-0708,1,interior 1,BLDG 1,MIAMI,2026-02-19,2026-02-19,C2026064035 30137 SW 158 PL - LEGALIZE INTERIOR
contractor,USA GREEN BUILDERS LLC,CGC1537005,20535 NW 2ND AVE SUITE 209 MIAMI GARDENS 33169,(305)315-1797,1,interior 1,BLDG 1,MIAMI,2026-02-23,2026-02-23,C2026022576 4551 SW 71 AVE - LEGALIZATION
contractor,SARU ELECTRICAL CONTRACTOR LLC,EC13010048,260 1ST STREET DEERFIELD BEACH 33441,(305)308-2136,1,addition 1,ELEC 1,MIAMI,2026-02-24,2026-02-24,C2026066425 9401 NW 33 AVE - LEGALIZE ADDITION
contractor,SILVER COAST CONSTRUCTION CORP,CGC1529095,9830 SOUTHWEST 53RD STREET MIAMI 33165,(305)219-5567,1,other 1,BLDG 1,MIAMI,2026-02-26,2026-02-26,C2025052582 9931 SW 37 ST - LEGALIZE INTER/EXTE
contractor,CONTINUUM CONSTRUCTION LLC,CGC1510465,2450 W 82 STREET BAY 102-103 HIALEAH 33016,(305)342-2041,1,windows/doors 1,BLDG 1,MIAMI,2026-02-26,2026-02-26,C2026054099 2133 NW 58 ST - EXT RENO LEGALIZE
contractor,ADONAI DESIGN & CONSTRUCTION INC,CGC060660,2867 SW 69TH CT MIAMI 33155,(786)399-0139,1,other 1,BLDG 1,MIAMI,2026-02-27,2026-02-27,C2026054624 9415 FONTAINEBLEAU BLVD      202 - SHUTTERS LEGALIZA
contractor,CT CONSTRUCTION & ROOFING CORP,CGC059368,6991 NW 82 AVE BAY #9 MIAMI 33166,(305)457-2341,1,pool/deck 1,BLDG 1,MIAMI,2026-02-27,2026-02-27,C2025059715 15304 SW 141 TER - LEGALIZE POOL ISLND
contractor,HVAC MECHANICAL & PLUMBING LLC,CFC1433256,14629 SW 104 ST SUITE 237 MIAMI 33186,(305)828-5078,1,plumbing 1,PLUM 1,MIAMI,2026-02-27,2026-02-27,C2026068215 3850 SW 108 AVE            4 - CAPPINGOF LEGALIZE
contractor,JEA SERVICES REPAIR INC,CFC1431282,245 NW 59 CT MIAMI 33126,(786)256-2210,1,plumbing 1,PLUM 1,MIAMI,2026-03-04,2026-03-04,C2026071135 11432 SW 151 TER - UNSAFE STRU/INT REN
contractor,ABBA ELECTRIC CONSTRUTION CORP,EC13002259,3409 WILLOW WOOD RD LAUDERHILL 33319,(954)777-4820,1,electrical 1,ELEC 1,MIAMI,2026-03-06,2026-03-06,C2026069511 13562 SW 47 LN - LEGALIZE REAR STRUC
contractor,RGA FLORIDA CONST CORP,CGC1533164,13725 SW 18 TERRACE MIAMI 33175,(786)253-9045,1,fence/wall 1,BLDG 1,MIAMI,2026-03-09,2026-03-09,C2025136290 2233 SW 153 PATH - LEGALIZE DURAFENCE
contractor,ALL AIR CONDITIONING MECHANICAL LLC,CAC1818228,3434 W 84 ST #106 HIALEAH 33018,(786)541-4038,1,mechanical/AC 1,MECH 1,MIAMI,2026-03-09,2026-03-09,C2026073162 12961 SW 50 LN - LEGALIZE AC UNIT
contractor,A1 RENOVATION LLC,CBC1259972,7330 NW 36 AVENUE MIAMI 33147,(305)835-7753,1,fence/wall 1,BLDG 1,MIAMI,2026-03-12,2026-03-12,C2025179166 3004 NW 52 ST - LEGALIZE FENCE
contractor,DOUBLE AA ELECTRICAL CORP,19E000374,400 NW 107TH AVE 10C MIAMI 33172,(786)278-5255,1,electrical 1,ELEC 1,MIAMI,2026-03-13,2026-03-13,C2026063672 400 NW 107 AVE               10C - LEGALIZATION
contractor,ARCON AC INC,CMC1249332,7880 W 20TH AVE # 35 HIALEAH 33016,(305)512-4111,1,mechanical/AC 1,MECH 1,MIAMI,2026-03-13,2026-03-13,C2026071035 11840 SW 172 ST - LEGALIZE VIOLATION
contractor,SUPREME PLUMBING CONTRACTORS INC,CFC1431377,5932 SW 163 PL MIAMI 33193,(305)778-0589,1,plumbing 1,PLUM 1,MIAMI,2026-03-13,2026-03-13,C2026075245 7788 SW 161 AVE - LEGALIZATION
contractor,POWER DECOR LLC,EC13014422,6324 CLEAVELAND ST HOLLYWOOD 33024,(786)253-5096,1,electrical 1,ELEC 1,MIAMI,2026-03-16,2026-03-16,C2026077094 16300 SW 137 AVE             102 - AS BUILT IN MODIF
contractor,EZ-ENERGY INC,08E000224,3034 SW 92 CT 46AMI 33165,(305)331-7746,1,electrical 1,ELEC 1,MIAMI,2026-03-16,2026-03-16,C2026075518 9775 SW 140 ST - LEGALIZE POND
contractor,SHORES AIR CONDITIONING INC,CAC1821371,183 NE 110TH ST MIAMI SHORES 33161,(305)859-1745,1,addition 1,MECH 1,MIAMI,2026-03-17,2026-03-17,W2026077441 210 NE 110 ST - LEGALIZATION OF AC
contractor,MIAMI ELECTRIC WIZARDS INC,12E000011,21330 SW 127 PLACE MIAMI 33177,(305)301-2901,1,electrical 1,ELEC 1,MIAMI,2026-03-19,2026-03-19,C2026079079 8771 SW 3 LN - LEGALIZE FIXTURE
contractor,DIAZ ISERN LIGHTING CORP,EC13006803,14801 SW 69TH ST MIAMI 33193,(305)846-0876,1,electrical 1,ELEC 1,MIAMI,2026-03-22,2026-03-22,W2026079010 5635 NW 74 AVE               5635 - LEGALIZATION DRYWAL
contractor,COOLING GUARD INC,CAC1823766,8455 SW 107 AVE APT A MIAMI 33173,(305)337-8784,1,interior 1,MECH 1,MIAMI,2026-03-23,2026-03-23,C2026081152 16300 SW 137 AVE             102 - AS BUILT IN MODIF
contractor,ENERGY MULTISERVICES CORP,LI28607,9380 NW JAMAICA DR CUTLER BAY 33189,(305)796-2270,1,other 1,PLUM 1,MIAMI,2026-03-24,2026-03-24,C2026065564 9802 SW 77 PL - LEGALIZE GAS SYSTEM
contractor,HERDIZ CONSTRUCTION INC,CGC1511859,13444 SW 62 ST APT F01 MIAMI 33183,(305)479-4783,1,interior 1,MBLD 1,MIAMI,2026-03-24,2026-03-24,M2022014288 270 W 25 ST - LEGALIZE VIOLATION
contractor,SOBE BUILDERS LLC,CGC1525696,11320 NW 7 AVE MIAMI 33168,(833)247-7623,1,other 1,BLDG 1,MIAMI,2026-03-24,2026-03-24,C2026022786 20901 NE 13 PL - LEGALIZATION
contractor,AIRWAVES COMFORT LLC,CAC1823354,3151 W 71 ST PL HIALEAH 33018,(786)362-3648,1,addition 1,MECH 1,MIAMI,2026-03-23,2026-03-23,W2026081032 6900 NW 169 ST 134G - LEGALIZE AC UNIT
contractor,XCELLENCE CONSTRUCTION LLC,CBC1263781,8854 NW 180 TERR HIALEAH 33018,(786)397-5634,1,interior 1,BLDG 1,MIAMI,2026-03-25,2026-03-25,C2026018307 2895 NW 93 ST - LEGALIZATION
contractor,MODENA DEVELOPMENT CORP,CBC1261302,13718 SW 147 CIRCLE LANE 1 MIAMI 33186,(305)431-8154,1,interior 1,BLDG 1,MIAMI,2026-03-30,2026-03-30,C2026064325 7230 NW 32 ST - LEGALIZE OPENING
contractor,SYSTEMATICS PLUMBING & DESIGN INC,CFC1429600,2211 W 52ST UNIT202 HIALEAH 33016,(786)326-7354,1,other 1,PLUM 1,MIAMI,2026-03-30,2026-03-30,W2026066388 14598 SW 110 ST - IRRIGATION LEGALIZE
contractor,HOMESTEAD REPAIRS AND SERVICES INC,CFC1429298,8430 SW 28TH STREET MIAMI 33155,(786)332-2549,1,plumbing 1,PLUM 1,MIAMI,2026-03-30,2026-03-30,C2026082971 6605 SW 127 AV - UTILTY LEGALIZATION
contractor,AL'S ELECTRIC INC,EC13002332,1423 SW 45 AVE MIAMI 33134,(305)446-6149,1,electrical 1,ELEC 1,MIAMI,2026-04-02,2026-04-02,C2026083309 10911 N BAYSHORE DR - INTER/EXT LEGALIZE
contractor,FLORIDA A/C SYSTEMS LLC,CAC1817426,11040 SW 57 TERRACE MIAMI 33173,(305)300-7230,1,mechanical/AC 1,MECH 1,MIAMI,2026-04-02,2026-04-02,C2026048729 11310 SW 52 TER - LEGALIZE TERRACE
contractor,FLORIDA STATE AIR CONDITIONING & REFRI,CAC057124,13825 SW 142 AVENUE MIAMI 33186,(305)238-6362,1,mechanical/AC 1,MECH 1,MIAMI,2026-04-02,2026-04-02,C2026075654 11520 SW 156 AVE - LEGALIZE AC UNIT LI
contractor,DUMAS BUILDERS LLC,CGC1532100,8939 NE 4 AVR RD MIAMI SHORES 33138,(305)218-3384,1,fence/wall 1,BLDG 1,MIAMI,2026-04-02,2026-04-02,C2026032869 3700 NW 29 AVE - FENCE LEGALIZATION
contractor,MIAMI SECURITY SYSTEMS INC,EC13008094,7451 SW 161ST PL MIAMI 33283,(305)385-0462,1,other 1,ELEC 1,MIAMI,2026-04-03,2026-04-03,C2026078539 195 NW 128 ST - CAMERAS LEGALIZTION
contractor,COOL RUNNING AIR INC,CAC1821215,2125 W 76 ST HIALEAH 33016,(305)846-9760,1,mechanical/AC 1,MECH 1,MIAMI,2026-04-03,2026-04-03,C2026084889 14755 SW 297 ST - LEGALIZATION
contractor,305 GENERAL CONTRACTOR CORP,CGC1524488,50 BISCAYNE BLVD APT2508 MIAMI 33132,(305)333-8365,1,fence/wall 1,BLDG 1,MIAMI,2026-04-06,2026-04-06,C2026076682 13075 NW 27 AVE - LEGALIZE FENCE
contractor,ARTIC BREEZE AIR CONDITIONING CORP,CAC1815884,9971 SW 4 ST MIAMI 33174,(786)853-2680,1,mechanical/AC 1,MECH 1,MIAMI,2026-04-06,2026-04-06,C2026087539 7560 SW 37 ST - LEGALIZE STRU DEMO
contractor,MODERN DESIGN MIAMI CORP.,CGC1525831,7516 NW 72 AVE MEDLEY 33166,(786)281-4766,1,other 1,BLDG 1,MIAMI,2026-04-08,2026-04-08,C2022157865 8001 NW 14 PL - LEGALIZATION OF SFR
contractor,MAGNUS R & S AIR CONDITIONING LLC,CAC1819076,7211 WEST 24 AVE #2221 HIALEAG GARDENS 33016,(305)338-5364,1,mechanical/AC 1,MECH 1,MIAMI,2026-04-10,2026-04-10,C2026090182 6262 NW 110 TER - LEGALIZATION
contractor,FIERCE CONSTRUCTION LLC,CGC1531057,1801 CORAL HEIGHTS BOULEVARD FT. LAUDERDALE 33308,(786)236-2955,1,fence/wall 1,BLDG 1,MIAMI,2026-04-10,2026-04-10,C2026075088 22646 SW 105 AVE - LEGALIZE WOOD FENCE
contractor,MANUEL BACELO ELECTRICAL CONTRACTOR IN,EC13001441,3120 W 84 ST HIALEAH 33018,(305)828-3003,1,addition 1,ELEC 1,MIAMI,2026-04-09,2026-04-09,W2026089632 12903 SW 51 ST - ADDITION LEGALIZATI
contractor,GO GREEN ELECTRIC LLC,EC13011271,10631 SW 88 ST STE 1203 MIAMI 33176,(786)478-7014,1,electrical 1,ELEC 1,MIAMI,2026-04-16,2026-04-16,C2026090524 10353 SW 115 ST - LEGALIZE PERGOLA
contractor,"JJS SERVICES\, INC",CFC022534,8570 STIRLING ROAD 102-215 HOLLYWOOD 33024,(954)553-0354,1,plumbing 1,PLUM 1,MIAMI,2026-04-15,2026-04-15,C2026091865 20901 NE 13 PL - LEGALIZATION
contractor,BROWARD & DADE ELECTRIC CORP,EC13009012,12802 SW 47 TERRACE MIAMI 33175,(305)796-5562,1,windows/doors 1,ELEC 1,MIAMI,2026-04-16,2026-04-16,C2026089472 14565 SW 174 TER - LEGALIZE SIDE DOOR
contractor,COMFORT AIR APPLIANCES LLC,CAC1822752,15803 SW 139 ST MIAMI 33196,(786)701-3907,1,mechanical/AC 1,MECH 1,MIAMI,2026-04-17,2026-04-17,C2026094251 12055 SW 18 ST               943 - AC LEGALIZATION
contractor,CDG MECHANICAL CORP,CMC1250327,9737 ALASKA CIRCLE BOCA RATON 33434,(305)495-8033,1,mechanical/AC 1,MECH 1,MIAMI,2026-04-21,2026-04-21,C2026095496 2750 NW 49 ST - LEGALIZE AC
contractor,FOREVER ROOFING AND REMODELING LLC,CGC1533945,1700 SW 57 AVE STE 204 MIAMI 33155,(305)342-1956,1,interior 1,BLDG 1,MIAMI,2026-04-22,2026-04-22,C2025128400 3520 SW 88 PL - LEGALIZE DUPLEX
contractor,PONS AIR INC,CAC1813455,10732 SW 190 ST MIAMI 33157,(305)469-1081,1,mechanical/AC 1,MECH 1,MIAMI,2026-04-23,2026-04-23,C2026097243 14838 SW 82 TER - AC LEGALIZATION
contractor,KOOLBREEZE APPLIANCE REPAIR LLC,CAC1823679,9810 ATLANTIC DR MIRAMAR 33025,(954)512-7447,1,mechanical/AC 1,MECH 1,MIAMI,2026-04-24,2026-04-24,C2026097877 20901 NE 13 PL - LEGALIZATION A/C
contractor,N&B PLUMBING AND GENERAL MAINTENANCE L,CFC1429997,3800 INVERRARY BLVD SUITE 408-P LAUDERHILL 33319,(954)486-2508,1,plumbing 1,PLUM 1,MIAMI,2026-04-24,2026-04-24,C2026065257 8994 NW 187 ST - LEGALIZE WATER HEAT
contractor,K & V ELECTRICAL CORP,EC13006982,5385 NW 158 TERR  APT 106 HIALEAH 33014,(305)781-1914,1,electrical 1,ELEC 1,MIAMI,2026-04-24,2026-04-24,C2026097769 1405 SW 122 AVE            2-13 - LEGALIZE A/C
contractor,ALL COAST BUILDERS LLC,CGC1514432,6467 SW 16 ST MIAMI 33155,(786)299-2807,1,interior 1,BLDG 1,MIAMI,2026-05-04,2026-05-04,C2023170731 12781 SW 42 ST               42 - LEGALIZATION
contractor,CHICOS CONTRACTORS INC,CMC1251237,25145 SW 144 AVE PRINCETON 33032,(786)853-5897,1,mechanical/AC 1,MECH 1,MIAMI,2026-05-01,2026-05-01,C2026099521 2470 NW 131 ST - LEGALIZE KITCHEN
contractor,RICARD CONSTRUCTION LLC,CFC1432545,2807 SW 145TH AVE MIAMI 33175,(786)431-7272,1,plumbing 1,PLUM 1,MIAMI,2026-05-05,2026-05-05,C2026101867 2895 NW 93 ST - LEGALIZATION
contractor,ARC ELECTRICAL CORP,EC0001674,7345 SW 41ST STREET MIAMI 33155,(305)796-3672,1,electrical 1,ELEC 1,MIAMI,2026-05-06,2026-05-06,C2026103089 9460 SW 134 ST - LEGALIZE RENO
contractor,FLORIDA LEAK DETECTION COMPANY LLC,CFC1431675,2110 SW 60 WAY MIRAMAR 33023,(954)923-4184,1,interior 1,MBLD 1,MIAMI,2026-05-06,2026-05-06,M2025011342 21310 NW 37 AVE - LEGALIZATION
contractor,DYNAMIC PLUMBING AND DESIGN INC,CFC1432284,22175 SW 194TH AVE MIAMI 33170,(786)251-8453,1,pool/deck 1,PLUM 1,MIAMI,2026-05-07,2026-05-07,C2026102011 9775 SW 140 ST - LEGALIZE POND
contractor,YORDY CONSTRUCTION LLC,CRC1335765,8980 SW 34 ST MIAMI 33165,(305)458-1077,1,fence/wall 1,BLDG 1,MIAMI,2026-05-07,2026-05-07,C2026095807 12402 SW 213 TER - DURA FENCE LEGALIZE
contractor,"GC ELECTRICAL ONE\, LLC",EC13011294,7350 CLEVELAND ST HOLLYWOOD 33024,(786)486-8796,1,electrical 1,ELEC 1,MIAMI,2026-05-12,2026-05-12,C2026106042 2470 NW 131 ST - LEGALIZE KITCHEN
contractor,CARDONA CONTRACTORS LLC,CBC1264770,7011 W 29THA AVE #223 HIALEAH 33018,(954)699-1466,1,interior 1,BLDG 1,MIAMI,2026-05-11,2026-05-11,C2026044604 13935 SW 140 ST            326 - LEGALIZATION
contractor,CITY LIGHTS ELECTRIC INC,EC13007060,16136 SW 66 TER DORAL 33193,(305)495-3697,1,electrical 1,ELEC 1,MIAMI,2026-05-12,2026-05-12,C2026101437 20109 NW 62 AVE - LEGALIZATION
contractor,ADVANCED CONSTRUCTION CORP,CGC059321,13727 SW 152 ST MIAMI 33177,(305)259-5885,1,other 1,ZIPS 1,MIAMI,2026-05-12,2026-05-12,C2026075233 11751 SW 24 TER - LEGALIZE TIKI HUT
contractor,PALDAMA INVESTMENT INC,98BS00247,711 E OKEECHOBEE RD HIALEAH 33010,(305)888-9090,1,fence/wall 1,BLDG 1,MIAMI,2026-05-15,2026-05-15,C2024150646 6801 NW 73 CT - LEGALIZE FENCE.GATE
contractor,F & F ENGINEERING CONTRACTOR INC.,CGC058750,13220 SW 132 AVE UNIT 4 MIAMI 33186,(786)237-8022,1,fence/wall 1,BLDG 1,MIAMI,2026-05-18,2026-05-18,C2026034689 6242 SW 106 AVE - FRONT WALL LEGALIZA
contractor,SUPERIOR REMODELING CONCEPTS LLC,CBC1262974,4811 NW 6TH ST MIAMI 33126,(786)259-5181,1,windows/doors 1,BLDG 1,MIAMI,2026-05-18,2026-05-18,C2026101753 10767 NE 2 AVE - LEGALIZE WINDOW
contractor,SOUTH ELECTRIC SERVICES LLC,EC13012293,8217 SW 163RD PL MIAMI 33193,(786)312-6991,1,addition 1,ELEC 1,MIAMI,2026-05-19,2026-05-19,C2026101134 8112 SW 163 CT - LEGALIZATION
contractor,INFINITY PLUS ELECTRIC INC,EC13006690,1171 NE 204 TERR MIAMI 33179,(305)770-2650,1,electrical 1,ELEC 1,MIAMI,2026-05-21,2026-05-21,C2026110473 13935 SW 140 ST            326 - LEGALIZATION
contractor,OSS CONSULTING LLC,CGC1514909,3021 N COMMERCE PKWY MIRAMAR 33025,(954)364-6600,1,shed/accessory 1,BLDG 1,MIAMI,2026-05-20,2026-05-20,C2023022134 8747 SW 40 ST - LEGALIZE SHEDS
contractor,AVIV CONSTRUCTION CORP,CGC022787,6836 SW 37 STREET MIAMI 331550000,(305)665-1746,1,fence/wall 1,BLDG 1,MIAMI,2026-05-21,2026-05-21,C2026093779 7601 SW 21 TER - FENCE LEGALIZATION
contractor,"SERVICE STATIONS MAINTENANCE\, INC",CMC1249566,8801 NW 15 STREET DORAL 33172,(305)597-0249,1,other 1,MECH 1,MIAMI,2026-05-20,2026-05-20,C2026092871 13701 SW 42 ST - LEGALIZE COMPRESSOR
contractor,BUILDRITE CONSTRUCTION CORP,CGC1511991,1344 EAST COBB DRIVE  SUITE #6 MARIETTA 30068,(770)921-0782,1,carport/canopy 1,BLDG 1,MIAMI,2026-05-21,2026-05-21,C2026085567 2301 NW 37 AVE - DEMO UNSAFE CANOPY
contractor,SEMSA CORP,CGC1524493,9525 WELDON CIRCLE APT 406H FT LAUDERDALE 33321,(954)449-5491,1,interior 1,BLDG 1,MIAMI,2026-05-22,2026-05-22,C2025175403 11901 SW 144 CT              3 - LEGALIZATION
contractor,ZERKER CONSTRUCTION INC,CBC1265692,1177 NW 28TH ST MIAMI 33127,(305)409-1905,1,other 1,BLDG 1,MIAMI,2026-05-27,2026-05-27,C2024057850 7050 SW 48 LN - LEGALIZE WOOD DOCK
contractor,UB CONSULTING LLC,CGC1535668,9711 N HOLLYBROOK LAKE DR STE209 PEMBROKE PINES 33025,(786)218-4418,1,interior 1,MBLD 1,MIAMI,2026-05-26,2026-05-26,M2026016340 1451 SW 21 AVE - LEGALIZATION
contractor,TEAC ELECTRIC,EC0001330,871 NW 127 CT MIAMI 33182,(786)426-2094,1,electrical 1,ELEC 1,MIAMI,2026-05-26,2026-05-26,C2026091064 15060 SW 42 TER - INT WORKS LEGALIZAT
contractor,J.M.O. CONSTRUCTION GROUP LLC,CGC1532445,11877 SW 81 ST MIAMI 33183,(305)972-9936,1,fence/wall 1,BLDG 1,MIAMI,2026-05-28,2026-05-28,C2025122018 4340 SW 9 ST - LEGALIZE/FENCE/WNDW
contractor,GAR-BER SOLUTIONS INC,CGC1534275,5000 SW 89TH AVE COOPER CITY 33328,(305)898-7176,1,interior 1,MBLD 1,MIAMI,2026-05-27,2026-05-27,M2026016547 201 178 DR                 427 - LEGALIZE INT REMODE
contractor,NEWTECH BUILDERS CORP,CGC058984,18651 SW 127 PL MIAMI 33177,(305)234-7403,1,other 1,BLDG 1,MIAMI,2026-06-02,2026-06-02,C2025150202 14236 SW 164 TER - LEGALIZE VIOLATIONS
contractor,MESA CONSTRUCTION TEAM INC,CGC1527051,18620 BELMONT DR CUTLER BAY 33157,(305)316-2608,1,fence/wall 1,BLDG 1,MIAMI,2026-06-02,2026-06-02,C2025057552 11191 SW 57 TER - LEGALIZE TERR/FENCE
contractor,MALCOLM T WRIGHT INC,CGC053456,13825 JACKSON ST MIAMI 33176,(305)253-8850,1,shed/accessory 1,BLDG 1,MIAMI,2026-06-02,2026-06-02,C2026019177 14400 HARRISON ST - SHED LEGALIZE
contractor,XPRESS CONTRACTORS INC,CGC1512565,5320 SW 149 PL MIAMI 33185,(786)357-5534,1,fence/wall 1,BLDG 1,MIAMI,2026-06-02,2026-06-02,C2026089179 1465 SW 122 AVE              6-19 - LEGALIZ. METAL FENC
contractor,TECHNOLOGY CONSTRUCTION CORP,CGC1527786,6130 NORTHWEST 74TH AVENUE MIAMI 33166,(305)592-5249,1,interior 1,BLDG 1,MIAMI,2026-06-03,2026-06-03,C2025045919 10775 SW 190 ST - LEGALIZING UNITS
contractor,FLOWTRON ELECTRIC INC,EC13008826,368 E 14TH ST HIALEAHV 33010,(786)614-8121,1,carport/canopy 1,ELEC 1,MIAMI,2026-06-04,2026-06-04,W2026116963 2301 NW 37 AVE - DEMO UNSAFE CANOPY
contractor,M.I. ELECTRICAL INC,EC13010569,1100 NW 206 TER MIAMI GARDENS 33169,(786)295-9521,1,electrical 1,ELEC 1,MIAMI,2026-06-08,2026-06-08,C2026111020 18334 HOMESTEAD AVE - LEGALIZE EXT 3 LIGH
contractor,LIQUID LOGIC LLC,CFC1433089,17501 NW 47TH CT MIAMI GARDENS 33055,(786)553-5521,1,plumbing 1,PLUM 1,MIAMI,2026-06-10,2026-06-10,C2026118426 2638 NW 29 AVE - LEGALIZATION REMODL
contractor,CIMA CONSTRUCTION SERVICES LLC,CGC1536139,1101 MIRANDA LANE STE 131 KISSIMMEE 34741,(954)470-0418,1,fence/wall 1,BLDG 1,MIAMI,2026-06-10,2026-06-10,C2025032721 16931 SW 290 TER - FENCE LEGALIZATION
contractor,URBANISTIC & DESIGNERS INC,CGC1523961,15185 SW 172 ST MIAMI 33187,(786)355-8989,1,pool/deck 1,BLDG 1,MIAMI,2026-06-11,2026-06-11,C2026094677 21075 SW 220 ST - POOL LEGALIZATION
contractor,ATEXI SERVICES CORP,CGC1533181,13375 NE 4TH ST NORTH MIAMI 33161,(786)251-1604,1,fence/wall 1,BLDG 1,MIAMI,2026-06-10,2026-06-10,C2026115909 13915 SW 18 ST - LEGALIZE ROLLING GA
contractor,24/7 AIR CONDITIONING CONTRACTORS LLC,CAC1823167,9955 SW 123 ST MIAMI 33076,(305)336-3095,1,mechanical/AC 1,MECH 1,MIAMI,2026-06-12,2026-06-12,C2026117933 2638 NW 29 AVE - LEGALIZATION REMODL
contractor,"NATION 1 SERVICES\, LLC",CGC1509346,15450 NEW BARN RD 200 MIAMI LAKES 33014,(305)216-2723,1,fence/wall 1,BLDG 1,MIAMI,2026-06-12,2026-06-12,C2026102964 10361 SW 182 ST - LEGALIZE FENCE
contractor,A A RELIABLE CONSTRUCTION INC,CGC1517602,6181 SW 18 ST MIAMI 33155,(305)261-9590,1,fence/wall 1,BLDG 1,MIAMI,2026-06-15,2026-06-15,C2026032353 4821 SW 129 AVE - FENCE LEGALIZATION
contractor,P & S ELECTRIC INC,EC0001552,12691 SW 2ND STREET MIAMI 33184,(305)226-4614,1,electrical 1,ELEC 1,MIAMI,2026-06-16,2026-06-16,C2026121706 13701 SW 42 ST - LEGALIZE COMPRESSOR
contractor,MASTER BUILDERS DEVELOPMENT GROUP INC,CGC1519539,1825 PONCE DE LON BLVD CORAL GABLES 33134,(305)216-9006,1,interior 1,BLDG 1,MIAMI,2026-06-18,2026-06-18,C2026118570 6562 SW 27 ST - LEGALIZATION
contractor,VALENCIA GROUP LLC,CBC1269304,550 BIILTMORE WAY PH2 CORAL GABLES 33134,(305)471-4800,1,fence/wall 1,BLDG 1,MIAMI,2026-06-25,2026-06-25,C2026120871 15201 MEMORIAL HWY - FENCE LEGALIZE
contractor,N.C.H. PLUMBING INC,CFC037076,4510 N E 2 AVE MIAMI 33137,(786)487-7143,1,plumbing 1,PLUM 1,MIAMI,2026-06-26,2026-06-26,C2026127603 7741 SW 21 ST - LEGALIZATION
contractor,HIGHGRADE ELECTRICAL & COOLING SYSTEMS,CAC1819638,3613 SW 167 AVE MIRAMAR 33027,(786)357-8728,1,mechanical/AC 1,MECH 1,MIAMI,2026-06-29,2026-06-29,C2026128259 1035 NE 169 ST - LEGALIZATION
contractor,HIGHGRADE ELECTRICAL OF FLORIDA LLC,EC13006296,3613 SW 167 AVE MIRAMAR 33027,(786)357-8728,1,electrical 1,ELEC 1,MIAMI,2026-06-29,2026-06-29,C2026128254 1035 NE 169 ST - LEGALIZATION
contractor,AABAA ELECTRICAL SERVICES CORP,EC13006533,5951 NW 201 LN MIAMI 33015,(305)785-9392,1,addition 1,ELEC 1,MIAMI,2026-06-30,2026-06-30,C2026129032 9765 SW 123 TER - LEGALIZE GAZEBO
contractor,VIP CONSTRUCTION GROUP LLC,CGC1519571,6890 SW 19 ST MIAMI 33155,(305)815-8387,1,windows/doors 1,BLDG 1,MIAMI,2026-06-29,2026-06-29,C2026105954 1701 NE 191 ST               A307 - LEGALIZE WINDOW
contractor,A SUNNY PLUMBING COMPANY,CFC1427249,6800 SW 17 ST MIAMI 33155,(305)281-7317,1,other 1,PLUM 1,MIAMI,2026-06-30,2026-06-30,C2026122434 14741 SW 150 ST - LEGALIZATION
contractor,PROCONTRACTORS LLC,CFC1432778,11061 W 33 CT HIALEAH 33018,(786)789-0097,1,plumbing 1,PLUM 1,MIAMI,2026-07-01,2026-07-01,C2026129320 11901 SW 144 CT              3 - LEGALIZATION
contractor,INTEXBELL.INC,CGC1528544,9106 SW 148 CT MIAMI 33196,(786)227-7145,1,interior 1,MBLD 1,MIAMI,2026-07-02,2026-07-02,M2026013503 8004 NW 68 ST - LEGALIZATION
contractor,ATLANTIC COAST CONSTRUCTION INC,CGC051904,2050 E TIGERTAIL BLVD DANIA 33004,(954)316-1242,1,addition 1,BLDG 1,MIAMI,2026-07-06,2026-07-06,C2026129448 2942 NW 31 ST - LEGALIZE/DETACHED/A
contractor,DREW DUNCAN ROOFING INC,CCC013628,10475 RIVERSIDE DRIVE PALM BEACH GARDENS 334100000,(407)626-7397,1,roof 1,MBLD 1,MIAMI,2026-07-09,2026-07-09,M2026019057 1859 NW 35 ST - RE ROOF LEGALIZATIO
contractor,FGK INVESTMENTS LLC,CAC1815453,4703 SW 75 AVE MIAMI 33155,(305)322-5673,1,mechanical/AC 1,MECH 1,MIAMI,2026-07-08,2026-07-08,C2026131608 14236 SW 164 TER - LEGALIZE VIOLATIONS
contractor,JOHN THE BUILDER INC,CCC1328351,17720 SW 112 PL MIAMI 33157,(305)490-5448,1,addition 1,BLDG 1,MIAMI,2026-07-10,2026-07-10,C2026121534 12557 SW 118 TER - LEGALIZATION
contractor,CHARLITIN ELECTRIC CORP,25E000254,13141 SW 200 TERR MIAMI 33177,(786)214-2024,1,electrical 1,ELEC 1,MIAMI,2026-07-10,2026-07-10,W2026133730 13905 SW 252 ST - WAREHOUSE /LEGALIZA
contractor,"ESTATE GENERAL CONTRACTORS\, LLC",CGC1525505,6201 SW 70 ST MIAMI 33143,(305)218-5307,1,interior 1,BLDG 1,MIAMI,2026-07-13,2026-07-13,C2025161031 2230 SW 61 AVE - LEGALIZATION
contractor,FLORIDA ELECTRICAL ENGINEERING & CONST,25E000328,2902 NE 2ND DRIVE HOMESTEAD 33033,(786)775-2047,1,electrical 1,ELEC 1,MIAMI,2026-07-13,2026-07-13,C2026134582 17519 SW 115 AVE - LEGALIZE STRUCTURE
contractor,A & F AMERICAN CONSTRUCTION LLC,CGC1522816,14950 SOUTHWEST 152ND TERRACE MIAMI 33187,(786)399-6831,1,interior 1,MBLD 1,MIAMI,2026-07-15,2026-07-15,M2026019865 2226 NW 20 ST - LEGALIZATION
contractor,ABBA ELECTRIC CONSTRUCTION CORP,CGC048688,3409 WILLOW WOOD RD LAUDERHILL 33319,(954)777-4820,1,interior 1,MBLD 1,MIAMI,2026-07-15,2026-07-15,M2026019368 1001 91 ST                   303 - LEGALIZATION
contractor,DADE COUNTY PROPANE LLC,LI45344,3210 NW 41 ST MIAMI 33142,(786)714-3632,1,other 1,LPGX 1,MIAMI,2026-07-15,2026-07-15,C2026136187 9460 SW 134 ST - LEGALIZE RENO
contractor,AMERICAN STREAMLINE PLUMBING CONTRACTO,CFC1432505,379 NW 12 AVE MIAMI 33034,(786)655-2651,1,addition 1,PLUM 1,MIAMI,2026-07-15,2026-07-15,C2026107581 11265 SW 47 ST - LEGALIZE ADDITION
contractor,MICHAEL ELECTRIC INC,EC13007571,17605 SW 135TH AVENUE MIAMI 33177,(786)208-9441,1,electrical 1,ELEC 1,MIAMI,2026-07-16,2026-07-16,C2026124150 8760 SW 133 AVE - LEGALIZE METER CNTR
contractor,WEST FOURTH CONSTRUCTION GROUP INC,CGC1519700,20 BAY COLONY LANE FT LAUDERDALE 33308,(954)663-5410,1,interior 1,BLDG 1,MIAMI,2026-07-17,2026-07-17,C2026013748 1140 NW 111 ST - LEGALIZATION
contractor,MARTIN ALL ELECTRIC CORP,EC13006823,1051 SW 122 PL MIAMI 33184,(786)556-6400,1,electrical 1,ELEC 1,MIAMI,2026-07-16,2026-07-16,C2026133545 11901 SW 144 CT              3 - LEGALIZATION
contractor,FORTIS CONSTRUCTION GROUP LLC,CGC1523422,8725 NW 18 TER #308 DORAL 33172,(786)226-4264,1,fence/wall 1,BLDG 1,MIAMI,2026-07-21,2026-07-21,C2026112304 9301 SW 163 PL - LEGALIZATION
contractor,DONATE ELECTRICAL CONTRACTOR INC,EC13012435,5120 SW 102 CT MIAMI 33165,(786)286-7374,1,electrical 1,ELEC 1,MIAMI,2026-07-21,2026-07-21,C2026137704 2638 NW 29 AVE - LEGALIZATION REMODL
contractor,MARRERO & SON CONSTRUCTION LLC,CGC1529361,8715 SW 152 AVE #314 MIAMI 33193,(305)744-4264,1,windows/doors 1,BLDG 1,MIAMI,2026-07-21,2026-07-21,C2026128582 6545 SW 135 AVE            H-N - LEGALIZE WINDOW
contractor,EDGRELECTRIC INC,21E000583,6500 W 25TH COURT HIALEAH 33016,(305)915-5218,1,electrical 1,ELEC 1,MIAMI,2026-07-21,2026-07-21,W2026136396 10410 SW 185 TER - MOTOR LEGALIZATION.
contractor,NOVA BUILDING GROUP INC,CGC1511916,5248 NW 186 ST MIAMI 33055,(786)318-6570,1,windows/doors 1,BLDG 1,MIAMI,2026-07-23,2026-07-23,C2026136859 9745 SW 15 ST - LEGALIZATION
contractor,YBM ELECTRIC INC,EC13011098,10061 SW 218 ST CUTLER BAY 33190,(786)307-6383,1,electrical 1,ELEC 1,MIAMI,2026-07-23,2026-07-23,C2026139857 9301 SW 163 PL - LEGALIZATION
contractor,GREEN ENERGY AIR LLC,CAC1819345,7480 SW 107 AVE # 203 MIAMI 33173,(305)930-2426,1,addition 1,MECH 1,MIAMI,2026-07-27,2026-07-27,C2026136978 14951 SW 169 LN - LEGALIZE ADU
contractor,ROLANDO'S AIR CONDITIONING INC,CAC022443,2171 NW 29 ST OAKLAND PARK 333110000,(954)485-2000,1,mechanical/AC 1,MECH 1,MIAMI,2026-07-27,2026-07-27,C2026141019 1140 NW 111 ST - LEGALIZATION
contractor,ART PLUMBING CONTRACTOR CORP,CFC1431026,14754 SW 173 TERR MIAMI 33187,(305)244-7002,1,plumbing 1,PLUM 1,MIAMI,2026-07-28,2026-07-28,W2026143255 16424 SW 84 ST - HOME CARE LEGALIZAT
contractor,ICE AGE HEATING AND COOLING INC,CAC1818901,3816 SW 143RD PLACE MIAMI 33165,(305)222-1003,1,mechanical/AC 1,MECH 1,MIAMI,2026-07-30,2026-07-30,C2026144851 4750 SW 156 PL - LEGALIZATION
contractor,PROPERTY SERVICES WARRANTY INC,EC13007270,425 NE 91 ST MAIMI SHORES 33138,(305)219-6533,1,electrical 1,ELEC 1,MIAMI,2026-07-30,2026-07-30,C2026144846 4750 SW 156 PL - LEGALIZATION
contractor,AIR SUPPLY TRADING U.S.A CORP,CAC1819314,7620 NW 25 ST UNIT 6 MIAMI 33122,(954)600-1342,1,mechanical/AC 1,MECH 1,MIAMI,2026-07-30,2026-07-30,C2026076580 195 NW 128 ST - LEGALIZATION MINISP
contractor,COASTAL PLUMBING OF SOUTH BEACH INC,CFC1427608,5846 SOUTH DOMINGO ROAD SUITE 217 COOPER CITY 33330,(305)532-2199,1,plumbing 1,PLUM 1,MIAMI,2026-07-29,2026-07-29,C2026141022 1140 NW 111 ST - LEGALIZATION
contractor,ARKON LLC,CGC1539059,1331 SW 132ND AVE UNIT 2 MIAMI 33186,(786)905-4044,1,enclosure 1,BLDG 1,MIAMI,2026-07-31,2026-07-31,C2025161864 15212 SW 46 LN             CR-74 - LEGALIZATION
contractor,DARV CONSTRUCTION CORP,CGC1507139,225 NE 156 ST MIAMI 33162,(786)346-0932,1,fence/wall 1,BLDG 1,MIAMI,2026-07-30,2026-07-30,C2026045521 18981 SW 359 ST - LEGALIZE FENCE
contractor,E & SONS ELECTRICAL CONTRACTORS LLC,21E000054,800 NE 12 AVE APT E122 HOMESTEAD 33030,(786)545-9175,1,electrical 1,ELEC 1,MIAMI,2026-07-31,2026-07-31,C2026145214 11840 SW 172 ST - LEGALIZE VIOLATION
contractor,INTEGRITY STRUCTURES & ROOFING LLC,CCC1330554,4585 NW 37 AVE MIAMI 33142,(305)707-2115,1,other 1,BLDG 1,MIAMI,2026-08-03,2026-08-03,C2026139598 9860 SW 32 ST - LEGALIZATION
contractor,ERMISAN CORP,CGC1513729,7671 HOOD ST HOLLYWOOD 33024,(954)985-3846,1,windows/doors 1,BLDG 1,MIAMI,2026-08-03,2026-08-03,C2026122429 95 NW 165 ST - LEGALIZE WINDOWS/DO
contractor,"URBANISTIC & DESIGNERS\, INC",CFC1431393,1401 SW 70 AVE MIAMI 33144,(786)355-8989,1,pool/deck 1,PLUM 1,MIAMI,2026-08-06,2026-08-06,C2026135809 21075 SW 220 ST - POOL LEGALIZATION
contractor,O & J ELECTRIC CORP,EC13008335,3533 NW 49 ST MIAMI 33142,(305)326-8852,1,pool/deck 1,ELEC 1,MIAMI,2026-08-06,2026-08-06,C2026135927 21075 SW 220 ST - POOL LEGALIZATION
contractor,EDUARELECTRIC LLC,24E000047,3484 SW 188TH PLACE FLORIDA CITY 33034,(786)925-3036,1,electrical 1,ELEC 1,MIAMI,2026-08-05,2026-08-05,C2026142465 17731 SW 295 ST - LEGALIZE LIGHTS
contractor,305 ELECTRIC SOLUTIONS INC,EC13009564,8231 NW 8 ST APT 302 MIAMI 33126,(305)748-8944,1,electrical 1,ELEC 1,MIAMI,2026-08-06,2026-08-06,C2026143782 17901 NW 73 CT - LEGALIZATION
contractor,ASAP RESTORATION CORP,CBC1254448,1805 POWERLINE ROAD #A106 DEERFIELD BEACH 33442,(786)797-2797,1,windows/doors 1,BLDG 1,MIAMI,2026-08-06,2026-08-06,C2026135679 17110 NE 11 CT - WINDOWS LEGALIZATIO
contractor,FINETECH INC,EC13002008,6102 SW 14TH ST. MIAMI 33144,(305)216-6364,1,electrical 1,ELEC 1,MIAMI,2026-08-08,2026-08-08,W2026147987 7560 SW 37 ST - LEGALIZE ELECTRICAL
contractor,PLUM TECH SERVICES INC,CFC1431680,13642 SW 99 TERRACE MIAMI 33144,(786)355-6107,1,plumbing 1,PLUM 1,MIAMI,2026-08-10,2026-08-10,C2026149605 650 NE 185 ST - LEGALIZATIONS
contractor,MIAMI COOL AIR CONDITIONING INC,CAC1823869,1271 W 61 ST PLACE HIALEAH 33012,(786)719-9555,1,mechanical/AC 1,MECH 1,MIAMI,2026-08-11,2026-08-11,C2026139929 12230 SW 16 TER            108-J - LEGALIZE A/C CHANGE
contractor,XTREME HVAC INC,CAC1820223,17931 NW 86TH AVE MIAMI 33015,(786)357-5409,1,addition 1,MECH 1,MIAMI,2026-08-11,2026-08-11,C2026150514 2451 NW 104 ST - LEGALIZE ADDITION
contractor,ARTAYAS CONSTRUCTION SERVICES CORP,CGC1541200,501 SW 68 AVE MIAMI 33144,(786)576-1855,1,other 1,BLDG 1,MIAMI,2026-08-10,2026-08-10,C2026135549 7215 SW 23 ST - LEGALIZATION
contractor,RAUSA BUILDERS CORP,CFC1429859,7111 SW 42 ST MIAMI 33176,(305)970-7253,1,plumbing 1,PLUM 1,MIAMI,2026-08-12,2026-08-12,C2026151194 5421 SW 96 AVE - LEGALIZATION
contractor,IN&OUT ALL ACCESS SYSTEM INC,CGC1525461,1200 N FEDERAL HIGHWAY HOLLYWOOD 33020,(786)789-0770,1,interior 1,MBLD 1,MIAMI,2026-08-17,2026-08-17,M2026022372 3400 NE 165 ST - LEGALIZATION BTRM
contractor,4418 GC LLC,CGC1527616,105 NW 156 ST MIAMI 33169,(786)818-5322,1,fence/wall 1,BLDG 1,MIAMI,2026-08-18,2026-08-18,C2026149737 105 NW 156 ST - LEGALIZE FENCE
contractor,ALFONSO JORGE JESUS,CGC1517887,6311 NW 218 AVE ALACHUA 32615,(305)244-1391,1,fence/wall 1,BLDG 1,MIAMI,2026-08-18,2026-08-18,C2026118639 12805 SW 110 TER - FENCE LEGALIZATION
contractor,KENNCAR CONSTRUCTION LLC,CGC1531669,4811 SW 133 AVE MIAMI 33175,(786)327-6083,1,fence/wall 1,BLDG 1,MIAMI,2026-08-18,2026-08-18,C2026151938 2481 SW 145 AVE - LEGALIZE FENCE
contractor,PAYA CONSTRUCTION MANAGEMENT LLC,CGC1526115,1010 SW 73 AVE MIAMI 33144,(305)721-6959,1,enclosure 1,MBLD 1,MIAMI,2026-08-18,2026-08-18,M2026019213 2333 BRICKELL AVE            2717 - LEGALIZE ENCLOSED B
contractor,DVG BUILDERS INC,CGC1519237,2930 SW 115 AVE MIAMI 33165,(305)506-7308,1,roof 1,MBLD 1,MIAMI,2026-08-17,2026-08-17,M2025005799 253 NW 54 ST - LEGALIZE ROOF
contractor,DUMAR INVESTMENTS LLC,CFC1431758,2201 NW 84 TER PEMBROKE PINES 33024,(786)637-0467,1,pool/deck 1,PLUM 1,MIAMI,2026-08-19,2026-08-19,C2026143778 17901 NW 73 CT - LEGALIZATION
contractor,ASSASSIN AIR CONDITIONING INC,CAC1821920,2910 W LA SALLE ST TAMPA 33607,(813)919-9540,1,mechanical/AC 1,MECH 1,MIAMI,2026-08-19,2026-08-19,C2026154284 7741 SW 21 ST - LEGALIZATION
contractor,MARZO VICTOR M,CGC038199,13850 SW 32 TERR MIAMI 331750000,(305)554-6195,1,interior 1,BLDG 1,MIAMI,2026-08-20,2026-08-20,C2025015704 4630 NW 74 AVE             3 - LEGALIZE MEZZANINE
contractor,PURE AIR TWINS LLC,CAC1823295,12864 BISCANYE BLVD NORTH MIAMI 33181,(954)268-9231,1,mechanical/AC 1,MECH 1,MIAMI,2026-08-24,2026-08-24,C2026064312 2350 NE 192 ST - LEGALIZE MINI SPLIT
contractor,M ROMERO CONTRACTING CORP,CCC1332578,5280 NW 77 CT DORAL 33166,(786)616-5722,1,other 1,BLDG 1,MIAMI,2026-08-26,2026-08-26,C2026142893 20901 NE 13 PL - LEGALIZATION
contractor,ASR DEVELOPMENT LLC,CGC1527815,25283 SW 134TH CT HOMESTEAD 33032,(786)740-7534,1,fence/wall 1,BLDG 1,MIAMI,2026-08-27,2026-08-27,C2026142914 1500 NW 93 ST - LEGALIZE DURAFENCE
contractor,OLLET CONSTRUCTION LLC,CGC1518382,5021 NW 190 ST MIAMI 33055,(786)970-4910,1,interior 1,BLDG 1,MIAMI,2026-08-26,2026-08-26,C2025146898 12015 SW 10 ST               101 - LEGALIZATION
contractor,YC PLUMBING LLC,CFC1431374,7412 NW 2 TERR MIAMI 33126,(786)368-8305,1,fence/wall 1,PLUM 1,MIAMI,2026-08-31,2026-08-31,C2026150465 4340 SW 9 ST - LEGALIZE/FENCE/WNDW
contractor,3A-ADVANCE LLC,CGC1534261,5905 SW 137 CT MIAMI 33183,(305)699-8876,1,other 1,MBLD 1,MIAMI,2026-08-31,2026-08-31,M2026023316 5451 W 4 LN - LEGALIZATION
contractor,MIAMI FIRST REMODELING CORPORATION,CGC1530409,14261 SW 120TH ST 288 MIAMI 33186,(786)600-2644,1,other 1,BLDG 1,MIAMI,2026-09-03,2026-09-03,C2026145459 19904 SW 129 CT - LEGALIZATION
contractor,CARIBBEAN BUILDING CORP,CGC1514973,10950 NW 138 ST HIALEAH GARDENS 33018,(305)364-4587,1,other 1,MBLD 1,MIAMI,2026-09-04,2026-09-04,M2026023816 283 E 16 ST - LEGALIZE TERRACE
contractor,MIAMI AIRFIX SERVICES LLC,CAC1823933,13210 SW 270 TERR HOMESTEAD 33032,(305)912-9134,1,addition 1,MECH 1,MIAMI,2026-09-09,2026-09-09,W2026157974 23152 SW 107 AVE - LEGALIZE AC CHANGE
contractor,FLORIDA LAKES CONSTRUCTION INC,CGC1512068,10521 SW 158 CT 303 MIAMI 33196,(305)383-0501,1,enclosure 1,BLDG 1,MIAMI,2026-09-09,2026-09-09,C2026151276 23329 SW 113 CT - LEGALIZE TERRACE
contractor,"FIKON\, CORP",CGC1530927,1145 NW 28TH ST MIAMI 33127,(786)281-1828,1,enclosure 1,MBLD 1,MIAMI,2026-09-09,2026-09-09,M2026007072 1700 SW 10 ST - LEGALIZE GARAGE CON
contractor,BEARING CONSTRUCTION LLC,CGC049682,25105 SW 119 AVE HOMESTEAD 33032,(305)301-1081,1,windows/doors 1,BLDG 1,MIAMI,2026-09-15,2026-09-15,C2026163132 15517 SW 36 TER - WINDOWS LEGALIZATIO
contractor,EMB PRIME CONSTRUCTION INC,CGC1528435,320 NE 12 AVE 504 HALLANDALE BEACH 33009,(954)999-8667,1,fence/wall 1,BLDG 1,MIAMI,2026-09-17,2026-09-17,C2026153360 14860 NE 11 AVE - FENCE LEGALIZATION
contractor,DAVID HESTER INC,CBC1261342,420 NE 115 ST MIAMI 33161,(786)246-6429,1,windows/doors 1,BLDG 1,MIAMI,2026-09-18,2026-09-18,C2026138588 355 NE 115 ST - LEGALIZE FRONT DOOR
contractor,"TARGETED AIR SERVICES\, LLC.",CAC1823775,225 SE 4 AVE BOTNTON BEACH 33435,(954)562-2818,1,addition 1,MECH 1,MIAMI,2026-09-20,2026-09-20,C2026107382 11265 SW 47 ST - LEGALIZE ADDITION
contractor,ECOGREEN AC TODAY INC,CAC1824118,5900 DEWEY ST STE 206 HOLLYWOOD 33023,(800)589-1273,1,mechanical/AC 1,MECH 1,MIAMI,2026-09-23,2026-09-23,C2026128430 31301 SW 193 AVE - LEGALIZATION
contractor,AV CONSTRUCTION GROUP CORP,CGC1537546,7700 N KENDALL DRIVE SUITE 508A MIAMI 33156,(305)965-7444,1,other 1,BLDG 1,MIAMI,2026-09-23,2026-09-23,C2026150204 12710 NW 8 LN - LEGALIZATION
contractor,IREGO INC,CGC1534144,15433 SW 105 AVE MIAMI 33157,(786)245-9912,1,interior 1,BLDG 1,MIAMI,2026-09-23,2026-09-23,C2026021698 15433 SW 105 AVE - LEGALIZATION
contractor,SABA CONSTRUCTION CO INC,CGC059579,13132 SW 57 TERR MIAMI 33183,(305)383-8386,1,windows/doors 1,BLDG 1,MIAMI,2026-09-24,2026-09-24,C2026160133 16015 SW 100 CT - LEGALIZE WINDOW/DRS
contractor,DISTINGUISHED CONTRACTORS GROUP INC,CCC1331789,15476 NW 77 COURT #422 MIAMI LAKES 33016,(305)502-8426,1,roof 1,BLDG 1,MIAMI,2026-09-28,2026-09-28,C2026173203 6321 NW 20 AVE - LEGALIZATION
contractor,KSD APEX PERMIT LLC,CGC1541102,20515 SW 82NDCT MIAMI 33189,(786)620-1191,1,windows/doors 1,BLDG 1,MIAMI,2026-09-28,2026-09-28,C2026160725 1718 NW 67 ST - DOOR LEGALIZATION
contractor,GOLDEN GABLES CONSTRUCTION CORP,CBC1264658,7000 SW 95 CT MIAMI 33173,(305)442-2187,1,fence/wall 1,BLDG 1,MIAMI,2026-09-25,2026-09-25,C2026163212 23152 SW 107 AVE - FENCE LEGALIZATION
contractor,HI TECH ELECTRIC & FIRE CORP,EC13002608,1500 SW 101 AVE MIAMI 33174,(786)326-0931,1,enclosure 1,ELEC 1,MIAMI,2026-09-29,2026-09-29,C2026170400 112 NW 158 ST - LEGALIZE GARAGE CON
contractor,EVOLUTION ELECTRICAL CONTRACTOR GROUP,EC13005989,8131 NW 1 CT PEMBROKE PINES 33024,(305)986-8253,1,electrical 1,ELEC 1,MIAMI,2026-09-28,2026-09-28,C2026169132 8001 NW 14 PL - LEGALIZATION OF SFR
contractor,VISIONARY CONTRACTORS CORP,CGC1531236,2345 W 80TH ST HIALEAH 33016,(786)071-2973,1,other 1,MBLD 1,MIAMI,2026-09-30,2026-09-30,M2026021514 100 E 37 ST - LEGALIZATION
contractor,G & A CONTRACTORS INC,CGC1537779,491 SW 7 ST HALLANDALE BEACH 33009,(305)970-3262,1,interior 1,MBLD 1,MIAMI,2026-10-01,2026-10-01,M2026020976 200 CRANDON BLVD             101 - LEGALIZE USE
contractor,UNIFIED ROOFING AND CONSTRUCTION LLC,CGC1530669,3130 N PINE ISLAND ROAD SURNISE 33351,(877)702-5377,1,fence/wall 1,BLDG 1,MIAMI,2026-10-01,2026-10-01,C2026150036 1265 NW 90 ST - FENCE LEGALIZATION
contractor,APC ENGINEERING ENTERPRISES INCORPORAT,CGC1518787,2150 W 10 AVE HIALEAH 33010,(305)885-5371,1,other 1,BLDG 1,MIAMI,2026-10-05,2026-10-05,C2026030520 1 NE 115 ST - LEGALIZATION
contractor,FLORIDA QUALITY ROOF SOLUTION CORP,CCC1334280,10 SW 14 TER HOMESTEAD 33030,(786)889-7295,1,addition 1,BLDG 1,MIAMI,2026-10-02,2026-10-02,C2026175331 11840 SW 220 ST - LEGALIZE ADDITION
contractor,ALL FLORIDA PLUMBING & CONSTRUCTION LL,CFC1432739,5213 SW 127 CT MIAMI 33175,(305)215-9315,1,plumbing 1,PLUM 1,MIAMI,2026-10-03,2026-10-03,C2026168509 3045 SW 103 PL - LEGALIZATION
contractor,"GREEN ENERGY AIR\, LLC",CGC1539436,8835 SW 107 AVE #340 MIAMI 33176,(305)930-2426,1,addition 1,BLDG 1,MIAMI,2026-10-05,2026-10-05,C2026123070 8300 N W 177 ST - LEGALIZE PERGOLA
contractor,EMA DESIGN BUILD LLC,CGC1538598,1125 TEAKWOOD AVE TAMPA 33613,(786)755-3934,1,other 1,ZIPS 1,MIAMI,2026-10-02,2026-10-02,C2026158625 16342 SW 62 TER - LEGALIZE TIKI HUT
contractor,ARQUIDEK 3 LLC DBA:HAUS,CGC1528682,2275 BISCAYNE BLVD MIAMI 33137,(305)330-7802,1,interior 1,BLDG 1,MIAMI,2025-05-02,2025-05-02,C2024138002 2186 NW 47 ST - CBS WAL/CONCRETE
contractor,JAW CAPITAL CORP,CGC1532268,2701 PONCE DE LEON BLVD SUITE 300 CORAL GABLES 33134,(305)509-4104,1,addition 1,BLDG 1,MIAMI,2026-05-18,2026-05-18,C2024103790 6535 SW 39 ST - LEG ADDITION/TERR
contractor,MIAMI MECHANICAL CONTRACTORS INC,12M000023,5005 COLLINS AVE #1018 MIAMI BEACH 33140,(786)402-4457,1,mechanical/AC 1,MECH 1,MIAMI,2025-12-02,2025-12-02,C2026028649 3721 SW 132 AVE - REMODELING- MECH
contractor,ARIZA BUILDERS INC,CGC1519368,4140 SW 60 CT MIAMI 33155,(786)586-6658,1,addition 1,BLDG 1,MIAMI,2025-12-11,2025-12-11,C2025089806 1132 NW 118 ST - ADD LEGZ
contractor,MR ELECTRICAL SOLUTION CORP,24E000153,5751 NW 117TH STREET HIALEAH 33012,(305)915-4785,1,electrical 1,ELEC 1,MIAMI,2025-12-23,2025-12-23,C2026040936 2145 SW 76 AVE - ELEC REPAIRS
contractor,MITO PLUMBING CORP,CFC1429842,7879 NW 173RD ST HIALEAH 33015,(786)942-9551,1,pool/deck 1,PLUM 1,MIAMI,2026-01-08,2026-01-08,C2026041769 3721 SW 132 AVE - POOL AND SPA REMODE
contractor,"A. GENESIS CONSTRUCTION\, LLC",CGC048639,2245 NW 177 TERR MIAMI GARDENS 33056,(954)410-0172,1,other 1,BLDG 1,MIAMI,2026-07-09,2026-07-09,C2026130506 2186 NW 47 ST - FULL DEMO
